🚀 Starting comprehensive iOS build fix...
🧹 Cleaning build environment...
./build-ios-fixed.sh:14: no matches found: /Users/republicalatuya/Library/Developer/Xcode/DerivedData/*LyoAILearningAssistant*
📝 Updating AppDelegate files for Expo compatibility...
📋 Creating optimized Podfile...
📄 Creating ExpoModulesProvider.swift for Expo integration...
📦 Running pod installation...
Deintegrating `LyoAILearningAssistant.xcodeproj`
Removing `Pods` directory.

Project has been deintegrated. No traces of CocoaPods left in project.
Note: The workspace referencing the Pods project still remains.
🔄 Updating CocoaPods repositories...
Updating spec repo `expo-expo`
  $ /usr/local/bin/git -C /Users/republicalatuya/.cocoapods/repos/expo-expo fetch origin --progress
  $ /usr/local/bin/git -C /Users/republicalatuya/.cocoapods/repos/expo-expo rev-parse --abbrev-ref HEAD
  main
  $ /usr/local/bin/git -C /Users/republicalatuya/.cocoapods/repos/expo-expo reset --hard origin/main
  HEAD is now at 8325a59be5 [typo] Fix spelling in eslint-plugin-expo (#37115)
Updating spec repo `trunk`
📥 Installing pods with verbose output...
  $ /usr/local/bin/node -p require.resolve(     "@react-native-community/cli-platform-ios/native_modules.rb",     {paths: [process.argv[1]]},   ) /Users/republicalatuya/Desktop/LyoFrontEndFinal/node_modules/react-native/scripts
  /Users/republicalatuya/Desktop/LyoFrontEndFinal/node_modules/@react-native-community/cli-platform-ios/native_modules.rb

Using Expo modules
  — expo (51.0.39)
  [Expo] Enabling modular headers for pod ExpoModulesCore
  — expo-application (5.9.1)
  — expo-asset (10.0.10)
  [Expo] Enabling modular headers for pod ReactCommon
  — expo-av (14.0.7)
  — expo-blur (13.0.3)
  — expo-constants (16.0.2)
  — expo-dev-client (4.0.29)
  [Expo] Enabling modular headers for pod React-Core
  [Expo] Enabling modular headers for pod React-RCTAppDelegate
  [Expo] Enabling modular headers for pod expo-dev-menu-interface
  [Expo] Enabling modular headers for pod EXManifests
  [Expo] Enabling modular headers for pod EXUpdatesInterface
  [Expo] Enabling modular headers for pod expo-dev-menu
  [Expo] Enabling modular headers for pod React-jsinspector
  [Expo] Enabling modular headers for pod RCT-Folly
  [Expo] Enabling modular headers for pod glog
  [Expo] Enabling modular headers for pod React-RCTFabric
  [Expo] Enabling modular headers for pod React-Codegen
  [Expo] Enabling modular headers for pod RCTRequired
  [Expo] Enabling modular headers for pod RCTTypeSafety
  [Expo] Enabling modular headers for pod React-NativeModulesApple
  [Expo] Enabling modular headers for pod Yoga
  [Expo] Enabling modular headers for pod React-Fabric
  [Expo] Enabling modular headers for pod React-graphics
  [Expo] Enabling modular headers for pod React-utils
  [Expo] Enabling modular headers for pod React-featureflags
  [Expo] Enabling modular headers for pod React-debug
  [Expo] Enabling modular headers for pod React-ImageManager
  [Expo] Enabling modular headers for pod React-rendererdebug
  [Expo] Enabling modular headers for pod DoubleConversion
  [Expo] Enabling modular headers for pod hermes-engine
  [Expo] Enabling modular headers for pod expo-dev-launcher
  — expo-dev-launcher (4.0.29)
  — expo-dev-menu (5.0.23)
  — expo-dev-menu-interface (1.8.4)
  — expo-device (6.0.2)
  — expo-eas-client (0.12.0)
  — expo-file-system (17.0.1)
  — expo-font (12.0.10)
  [Expo] Enabling modular headers for pod SDWebImage
  [Expo] Enabling modular headers for pod SDWebImageWebPCoder
  [Expo] Enabling modular headers for pod SDWebImageAVIFCoder
  [Expo] Enabling modular headers for pod SDWebImageSVGCoder
  [Expo] Enabling modular headers for pod libavif
  — expo-image (1.13.0)
  — expo-json-utils (0.13.1)
  — expo-keep-awake (13.0.2)
  — expo-linear-gradient (13.0.2)
  — expo-localization (15.0.3)
  — expo-manifests (0.14.3)
  — expo-modules-core (1.12.26)
  — expo-network (6.0.1)
  — expo-notifications (0.28.19)
  — expo-speech (12.0.2)
  — expo-splash-screen (0.27.7)
  — expo-structured-headers (3.8.0)
  [Expo] Enabling modular headers for pod EXStructuredHeaders
  [Expo] Enabling modular headers for pod EASClient
  [Expo] Enabling modular headers for pod ReachabilitySwift
  [Expo] Enabling modular headers for pod sqlite3
  — expo-updates (0.25.28)
  $ /usr/local/bin/node -e try {console.log(require('@react-native-community/cli').bin);} catch (e) {console.log(require('react-native/cli').bin);}
  /Users/republicalatuya/Desktop/LyoFrontEndFinal/node_modules/@react-native-community/cli/build/bin.js
Auto-linking React Native modules for target `LyoAILearningAssistant`: RNCAsyncStorage, RNDateTimePicker, RNDeviceInfo, RNFS, RNFlashList, RNGestureHandler, RNReanimated, RNSVG, RNScreens, react-native-maps, react-native-safe-area-context, and react-native-slider
Framework build type is static library
[Codegen] Adding script_phases to React-Codegen.
  $ /bin/mkdir -p ./build/generated/ios
[Codegen] Generating ./build/generated/ios/React-Codegen.podspec.json
  $ /usr/local/bin/node ./../node_modules/react-native/scripts/generate-codegen-artifacts.js -p /Users/republicalatuya/Desktop/LyoFrontEndFinal/ios/.. -o /Users/republicalatuya/Desktop/LyoFrontEndFinal/ios -t ios
  [Codegen] Analyzing /Users/republicalatuya/Desktop/LyoFrontEndFinal/package.json
  [Codegen] Searching for codegen-enabled libraries in the app.
  [Codegen] The "codegenConfig" field is not defined in package.json. Assuming there is nothing to generate at the app level.
  [Codegen] Searching for codegen-enabled libraries in the project dependencies.
  [Codegen] Found @react-native-async-storage/async-storage
  [Codegen] Found @react-native-community/datetimepicker
  [Codegen] Found @react-native-community/slider
  [Codegen] Found react-native
  [Codegen] Found react-native-gesture-handler
  [Codegen] Found react-native-reanimated
  [Codegen] Found react-native-safe-area-context
  [Codegen] Found react-native-screens
  [Codegen] Found react-native-svg
  
  
  [Codegen] >>>>> Searching for codegen-enabled libraries in react-native.config.js
  [Codegen] Processing rnasyncstorage
  [Codegen] Searching for podspec in the project dependencies.
  [Codegen] Supported Apple platforms: ios, macos, tvos, visionos for rnasyncstorage
  [Codegen] Processing RNDateTimePickerCGen
  [Codegen] Searching for podspec in the project dependencies.
  [Codegen] Supported Apple platforms: ios, visionos for RNDateTimePickerCGen
  [Codegen] Processing RNCSlider
  [Codegen] Searching for podspec in the project dependencies.
  [Codegen] Supported Apple platforms: ios, visionos for RNCSlider
  [Codegen] Processing FBReactNativeSpec
  [Codegen] Searching for podspec in the project dependencies.
  [Codegen] Processing rncore
  [Codegen] Searching for podspec in the project dependencies.
  [Codegen] Processing rngesturehandler_codegen
  [Codegen] Searching for podspec in the project dependencies.
  [Codegen] Supported Apple platforms: ios, macos, tvos, visionos for rngesturehandler_codegen
  [Codegen] Processing rnreanimated
  [Codegen] Searching for podspec in the project dependencies.
  [Codegen] Supported Apple platforms: ios, macos, tvos, visionos for rnreanimated
  [Codegen] Processing safeareacontext
  [Codegen] Searching for podspec in the project dependencies.
  [Codegen] Supported Apple platforms: ios, tvos, visionos for safeareacontext
  [Codegen] Processing rnscreens
  [Codegen] Searching for podspec in the project dependencies.
  [Codegen] Supported Apple platforms: ios, tvos, visionos for rnscreens
  [Codegen] Processing rnsvg
  [Codegen] Searching for podspec in the project dependencies.
  [Codegen] Supported Apple platforms: ios, macos, tvos, visionos for rnsvg
  [Codegen] Generating Native Code for ios
  [Codegen] Generated artifacts: /Users/republicalatuya/Desktop/LyoFrontEndFinal/ios/build/generated/ios
  [Codegen] Generating Native Code for ios
  [Codegen] Generated artifacts: /Users/republicalatuya/Desktop/LyoFrontEndFinal/ios/build/generated/ios
  [Codegen] Generating Native Code for ios
  [Codegen] Generated artifacts: /Users/republicalatuya/Desktop/LyoFrontEndFinal/ios/build/generated/ios
  [Codegen] Generating Native Code for ios
  [Codegen] Generated artifacts: /Users/republicalatuya/Desktop/LyoFrontEndFinal/ios/build/generated/ios
  [Codegen] Generating Native Code for ios
  [Codegen] Generated artifacts: /Users/republicalatuya/Desktop/LyoFrontEndFinal/node_modules/react-native/ReactCommon
  [Codegen] Generating Native Code for ios
  [Codegen] Generated artifacts: /Users/republicalatuya/Desktop/LyoFrontEndFinal/ios/build/generated/ios
  [Codegen] Generating Native Code for ios
  [Codegen] Generated artifacts: /Users/republicalatuya/Desktop/LyoFrontEndFinal/ios/build/generated/ios
  [Codegen] Generating Native Code for ios
  [Codegen] Generated artifacts: /Users/republicalatuya/Desktop/LyoFrontEndFinal/ios/build/generated/ios
  [Codegen] Generating Native Code for ios
  [Codegen] Generated artifacts: /Users/republicalatuya/Desktop/LyoFrontEndFinal/ios/build/generated/ios
  [Codegen] Generating Native Code for ios
  [Codegen] Generated artifacts: /Users/republicalatuya/Desktop/LyoFrontEndFinal/ios/build/generated/ios
  [Codegen] Creating component provider.
  [Codegen] Generated provider in: /Users/republicalatuya/Desktop/LyoFrontEndFinal/node_modules/react-native/React/Fabric
  [Codegen] Done.
[Codegen] Analyzing /Users/republicalatuya/Desktop/LyoFrontEndFinal/package.json
[Codegen] Searching for codegen-enabled libraries in the app.
[Codegen] The "codegenConfig" field is not defined in package.json. Assuming there is nothing to generate at the app level.
[Codegen] Searching for codegen-enabled libraries in the project dependencies.
[Codegen] Found @react-native-async-storage/async-storage
[Codegen] Found @react-native-community/datetimepicker
[Codegen] Found @react-native-community/slider
[Codegen] Found react-native
[Codegen] Found react-native-gesture-handler
[Codegen] Found react-native-reanimated
[Codegen] Found react-native-safe-area-context
[Codegen] Found react-native-screens
[Codegen] Found react-native-svg


[Codegen] >>>>> Searching for codegen-enabled libraries in react-native.config.js
[Codegen] Processing rnasyncstorage
[Codegen] Searching for podspec in the project dependencies.
[Codegen] Supported Apple platforms: ios, macos, tvos, visionos for rnasyncstorage
[Codegen] Processing RNDateTimePickerCGen
[Codegen] Searching for podspec in the project dependencies.
[Codegen] Supported Apple platforms: ios, visionos for RNDateTimePickerCGen
[Codegen] Processing RNCSlider
[Codegen] Searching for podspec in the project dependencies.
[Codegen] Supported Apple platforms: ios, visionos for RNCSlider
[Codegen] Processing FBReactNativeSpec
[Codegen] Searching for podspec in the project dependencies.
[Codegen] Processing rncore
[Codegen] Searching for podspec in the project dependencies.
[Codegen] Processing rngesturehandler_codegen
[Codegen] Searching for podspec in the project dependencies.
[Codegen] Supported Apple platforms: ios, macos, tvos, visionos for rngesturehandler_codegen
[Codegen] Processing rnreanimated
[Codegen] Searching for podspec in the project dependencies.
[Codegen] Supported Apple platforms: ios, macos, tvos, visionos for rnreanimated
[Codegen] Processing safeareacontext
[Codegen] Searching for podspec in the project dependencies.
[Codegen] Supported Apple platforms: ios, tvos, visionos for safeareacontext
[Codegen] Processing rnscreens
[Codegen] Searching for podspec in the project dependencies.
[Codegen] Supported Apple platforms: ios, tvos, visionos for rnscreens
[Codegen] Processing rnsvg
[Codegen] Searching for podspec in the project dependencies.
[Codegen] Supported Apple platforms: ios, macos, tvos, visionos for rnsvg
[Codegen] Generating Native Code for ios
[Codegen] Generated artifacts: /Users/republicalatuya/Desktop/LyoFrontEndFinal/ios/build/generated/ios
[Codegen] Generating Native Code for ios
[Codegen] Generated artifacts: /Users/republicalatuya/Desktop/LyoFrontEndFinal/ios/build/generated/ios
[Codegen] Generating Native Code for ios
[Codegen] Generated artifacts: /Users/republicalatuya/Desktop/LyoFrontEndFinal/ios/build/generated/ios
[Codegen] Generating Native Code for ios
[Codegen] Generated artifacts: /Users/republicalatuya/Desktop/LyoFrontEndFinal/ios/build/generated/ios
[Codegen] Generating Native Code for ios
[Codegen] Generated artifacts: /Users/republicalatuya/Desktop/LyoFrontEndFinal/node_modules/react-native/ReactCommon
[Codegen] Generating Native Code for ios
[Codegen] Generated artifacts: /Users/republicalatuya/Desktop/LyoFrontEndFinal/ios/build/generated/ios
[Codegen] Generating Native Code for ios
[Codegen] Generated artifacts: /Users/republicalatuya/Desktop/LyoFrontEndFinal/ios/build/generated/ios
[Codegen] Generating Native Code for ios
[Codegen] Generated artifacts: /Users/republicalatuya/Desktop/LyoFrontEndFinal/ios/build/generated/ios
[Codegen] Generating Native Code for ios
[Codegen] Generated artifacts: /Users/republicalatuya/Desktop/LyoFrontEndFinal/ios/build/generated/ios
[Codegen] Generating Native Code for ios
[Codegen] Generated artifacts: /Users/republicalatuya/Desktop/LyoFrontEndFinal/ios/build/generated/ios
[Codegen] Creating component provider.
[Codegen] Generated provider in: /Users/republicalatuya/Desktop/LyoFrontEndFinal/node_modules/react-native/React/Fabric
[Codegen] Done.
  Preparing

Analyzing dependencies

Inspecting targets to integrate
  Using `ARCHS` setting to build architectures of target `Pods-LyoAILearningAssistant`: (``)

Fetching external sources
-> Fetching podspec for `DoubleConversion` from `../node_modules/react-native/third-party-podspecs/DoubleConversion.podspec`
-> Fetching podspec for `EASClient` from `../node_modules/expo-eas-client/ios`
-> Fetching podspec for `EXAV` from `../node_modules/expo-av/ios`
-> Fetching podspec for `EXApplication` from `../node_modules/expo-application/ios`
-> Fetching podspec for `EXConstants` from `../node_modules/expo-constants/ios`
-> Fetching podspec for `EXJSONUtils` from `../node_modules/expo-json-utils/ios`
-> Fetching podspec for `EXManifests` from `../node_modules/expo-manifests/ios`
-> Fetching podspec for `EXNotifications` from `../node_modules/expo-notifications/ios`
-> Fetching podspec for `EXSplashScreen` from `../node_modules/expo-splash-screen/ios`
-> Fetching podspec for `EXStructuredHeaders` from `../node_modules/expo-structured-headers/ios`
-> Fetching podspec for `EXUpdates` from `../node_modules/expo-updates/ios`
-> Fetching podspec for `EXUpdatesInterface` from `../node_modules/expo-updates-interface/ios`
-> Fetching podspec for `Expo` from `../node_modules/expo`
-> Fetching podspec for `ExpoAsset` from `../node_modules/expo-asset/ios`
-> Fetching podspec for `ExpoBlur` from `../node_modules/expo-blur/ios`
-> Fetching podspec for `ExpoDevice` from `../node_modules/expo-device/ios`
-> Fetching podspec for `ExpoFileSystem` from `../node_modules/expo-file-system/ios`
-> Fetching podspec for `ExpoFont` from `../node_modules/expo-font/ios`
-> Fetching podspec for `ExpoImage` from `../node_modules/expo-image/ios`
-> Fetching podspec for `ExpoKeepAwake` from `../node_modules/expo-keep-awake/ios`
-> Fetching podspec for `ExpoLinearGradient` from `../node_modules/expo-linear-gradient/ios`
-> Fetching podspec for `ExpoLocalization` from `../node_modules/expo-localization/ios`
-> Fetching podspec for `ExpoModulesCore` from `../node_modules/expo-modules-core`
-> Fetching podspec for `ExpoNetwork` from `../node_modules/expo-network/ios`
-> Fetching podspec for `ExpoSpeech` from `../node_modules/expo-speech/ios`
-> Fetching podspec for `FBLazyVector` from `../node_modules/react-native/Libraries/FBLazyVector`
-> Fetching podspec for `RCT-Folly` from `../node_modules/react-native/third-party-podspecs/RCT-Folly.podspec`
-> Fetching podspec for `RCTDeprecation` from `../node_modules/react-native/ReactApple/Libraries/RCTFoundation/RCTDeprecation`
-> Fetching podspec for `RCTRequired` from `../node_modules/react-native/Libraries/Required`
-> Fetching podspec for `RCTTypeSafety` from `../node_modules/react-native/Libraries/TypeSafety`
-> Fetching podspec for `RNCAsyncStorage` from `../node_modules/@react-native-async-storage/async-storage`
-> Fetching podspec for `RNDateTimePicker` from `../node_modules/@react-native-community/datetimepicker`
-> Fetching podspec for `RNDeviceInfo` from `../node_modules/react-native-device-info`
-> Fetching podspec for `RNFS` from `../node_modules/react-native-fs`
-> Fetching podspec for `RNFlashList` from `../node_modules/@shopify/flash-list`
-> Fetching podspec for `RNGestureHandler` from `../node_modules/react-native-gesture-handler`
-> Fetching podspec for `RNReanimated` from `../node_modules/react-native-reanimated`
-> Fetching podspec for `RNSVG` from `../node_modules/react-native-svg`
-> Fetching podspec for `RNScreens` from `../node_modules/react-native-screens`
-> Fetching podspec for `React` from `../node_modules/react-native/`
-> Fetching podspec for `React-Codegen` from `build/generated/ios`
-> Fetching podspec for `React-Core` from `../node_modules/react-native/`
-> Fetching podspec for `React-CoreModules` from `../node_modules/react-native/React/CoreModules`
-> Fetching podspec for `React-Fabric` from `../node_modules/react-native/ReactCommon`
-> Fetching podspec for `React-FabricImage` from `../node_modules/react-native/ReactCommon`
-> Fetching podspec for `React-ImageManager` from `../node_modules/react-native/ReactCommon/react/renderer/imagemanager/platform/ios`
-> Fetching podspec for `React-Mapbuffer` from `../node_modules/react-native/ReactCommon`
-> Fetching podspec for `React-NativeModulesApple` from `../node_modules/react-native/ReactCommon/react/nativemodule/core/platform/ios`
-> Fetching podspec for `React-RCTActionSheet` from `../node_modules/react-native/Libraries/ActionSheetIOS`
-> Fetching podspec for `React-RCTAnimation` from `../node_modules/react-native/Libraries/NativeAnimation`
-> Fetching podspec for `React-RCTAppDelegate` from `../node_modules/react-native/Libraries/AppDelegate`
-> Fetching podspec for `React-RCTBlob` from `../node_modules/react-native/Libraries/Blob`
-> Fetching podspec for `React-RCTFabric` from `../node_modules/react-native/React`
-> Fetching podspec for `React-RCTImage` from `../node_modules/react-native/Libraries/Image`
-> Fetching podspec for `React-RCTLinking` from `../node_modules/react-native/Libraries/LinkingIOS`
-> Fetching podspec for `React-RCTNetwork` from `../node_modules/react-native/Libraries/Network`
-> Fetching podspec for `React-RCTSettings` from `../node_modules/react-native/Libraries/Settings`
-> Fetching podspec for `React-RCTText` from `../node_modules/react-native/Libraries/Text`
-> Fetching podspec for `React-RCTVibration` from `../node_modules/react-native/Libraries/Vibration`
-> Fetching podspec for `React-RuntimeApple` from `../node_modules/react-native/ReactCommon/react/runtime/platform/ios`
-> Fetching podspec for `React-RuntimeCore` from `../node_modules/react-native/ReactCommon/react/runtime`
-> Fetching podspec for `React-RuntimeHermes` from `../node_modules/react-native/ReactCommon/react/runtime`
-> Fetching podspec for `React-callinvoker` from `../node_modules/react-native/ReactCommon/callinvoker`
-> Fetching podspec for `React-cxxreact` from `../node_modules/react-native/ReactCommon/cxxreact`
-> Fetching podspec for `React-debug` from `../node_modules/react-native/ReactCommon/react/debug`
-> Fetching podspec for `React-featureflags` from `../node_modules/react-native/ReactCommon/react/featureflags`
-> Fetching podspec for `React-graphics` from `../node_modules/react-native/ReactCommon/react/renderer/graphics`
-> Fetching podspec for `React-hermes` from `../node_modules/react-native/ReactCommon/hermes`
-> Fetching podspec for `React-jserrorhandler` from `../node_modules/react-native/ReactCommon/jserrorhandler`
-> Fetching podspec for `React-jsi` from `../node_modules/react-native/ReactCommon/jsi`
-> Fetching podspec for `React-jsiexecutor` from `../node_modules/react-native/ReactCommon/jsiexecutor`
-> Fetching podspec for `React-jsinspector` from `../node_modules/react-native/ReactCommon/jsinspector-modern`
-> Fetching podspec for `React-jsitracing` from `../node_modules/react-native/ReactCommon/hermes/executor/`
-> Fetching podspec for `React-logger` from `../node_modules/react-native/ReactCommon/logger`
-> Fetching podspec for `React-nativeconfig` from `../node_modules/react-native/ReactCommon`
-> Fetching podspec for `React-perflogger` from `../node_modules/react-native/ReactCommon/reactperflogger`
-> Fetching podspec for `React-rendererdebug` from `../node_modules/react-native/ReactCommon/react/renderer/debug`
-> Fetching podspec for `React-rncore` from `../node_modules/react-native/ReactCommon`
-> Fetching podspec for `React-runtimeexecutor` from `../node_modules/react-native/ReactCommon/runtimeexecutor`
-> Fetching podspec for `React-runtimescheduler` from `../node_modules/react-native/ReactCommon/react/renderer/runtimescheduler`
-> Fetching podspec for `React-utils` from `../node_modules/react-native/ReactCommon/react/utils`
-> Fetching podspec for `ReactCommon` from `../node_modules/react-native/ReactCommon`
-> Fetching podspec for `Yoga` from `../node_modules/react-native/ReactCommon/yoga`
-> Fetching podspec for `boost` from `../node_modules/react-native/third-party-podspecs/boost.podspec`
-> Fetching podspec for `expo-dev-client` from `../node_modules/expo-dev-client/ios`
-> Fetching podspec for `expo-dev-launcher` from `../node_modules/expo-dev-launcher`
-> Fetching podspec for `expo-dev-menu` from `../node_modules/expo-dev-menu`
-> Fetching podspec for `expo-dev-menu-interface` from `../node_modules/expo-dev-menu-interface/ios`
-> Fetching podspec for `fmt` from `../node_modules/react-native/third-party-podspecs/fmt.podspec`
-> Fetching podspec for `glog` from `../node_modules/react-native/third-party-podspecs/glog.podspec`
-> Fetching podspec for `hermes-engine` from `../node_modules/react-native/sdks/hermes-engine/hermes-engine.podspec`
[Hermes] Using release tarball from URL: https://repo1.maven.org/maven2/com/facebook/react/react-native-artifacts/0.74.5/react-native-artifacts-0.74.5-hermes-ios-debug.tar.gz
  % Total    % Received % Xferd  Average Speed   Time    Time     Time  Current
                                 Dload  Upload   Total   Spent    Left  Speed
  0     0    0     0    0     0      0      0 --:--:-- --:--:-- --:--:--     0  0     0    0     0    0     0      0      0 --:--:-- --:--:-- --:--:--     0 19 19.7M   19 3874k    0     0  3588k      0  0:00:05  0:00:01  0:00:04 3587k 80 19.7M   80 15.9M    0     0  7850k      0  0:00:02  0:00:02 --:--:-- 7848k100 19.7M  100 19.7M    0     0  8689k      0  0:00:02  0:00:02 --:--:-- 8689k
  % Total    % Received % Xferd  Average Speed   Time    Time     Time  Current
                                 Dload  Upload   Total   Spent    Left  Speed
  0     0    0     0    0     0      0      0 --:--:-- --:--:-- --:--:--     0 12 14.5M   12 1854k    0     0  2680k      0  0:00:05 --:--:--  0:00:05 2679k 57 14.5M   57 8526k    0     0  5042k      0  0:00:02  0:00:01  0:00:01 5042k 91 14.5M   91 13.3M    0     0  4975k      0  0:00:02  0:00:02 --:--:-- 4974k100 14.5M  100 14.5M    0     0  5234k      0  0:00:02  0:00:02 --:--:-- 5233k
-> Fetching podspec for `react-native-maps` from `../node_modules/react-native-maps`
-> Fetching podspec for `react-native-safe-area-context` from `../node_modules/react-native-safe-area-context`
-> Fetching podspec for `react-native-slider` from `../node_modules/@react-native-community/slider`

Resolving dependencies of `Podfile`
  CDN: trunk Relative path: CocoaPods-version.yml exists! Returning local because checking is only performed in repo update
  CDN: trunk Relative path: all_pods_versions_a_9_3.txt exists! Returning local because checking is only performed in repo update
  CDN: trunk Relative path: Specs/a/9/3/SocketRocket/0.7.1/SocketRocket.podspec.json exists! Returning local because checking is only performed in repo update
  CDN: trunk Relative path: all_pods_versions_d_d_6.txt exists! Returning local because checking is only performed in repo update
  CDN: trunk Relative path: Specs/d/d/6/ReachabilitySwift/5.2.4/ReachabilitySwift.podspec.json exists! Returning local because checking is only performed in repo update
  CDN: trunk Relative path: all_pods_versions_d_c_2.txt exists! Returning local because checking is only performed in repo update
  CDN: trunk Relative path: Specs/d/c/2/sqlite3/3.49.2/sqlite3.podspec.json exists! Returning local because checking is only performed in repo update
  CDN: trunk Relative path: all_pods_versions_1_1_7.txt exists! Returning local because checking is only performed in repo update
  CDN: trunk Relative path: Specs/1/1/7/SDWebImage/5.21.0/SDWebImage.podspec.json exists! Returning local because checking is only performed in repo update
  CDN: trunk Relative path: all_pods_versions_e_9_d.txt exists! Returning local because checking is only performed in repo update
  CDN: trunk Relative path: Specs/e/9/d/SDWebImageWebPCoder/0.14.6/SDWebImageWebPCoder.podspec.json exists! Returning local because checking is only performed in repo update
  CDN: trunk Relative path: all_pods_versions_3_7_e.txt exists! Returning local because checking is only performed in repo update
  CDN: trunk Relative path: Specs/3/7/e/SDWebImageAVIFCoder/0.11.0/SDWebImageAVIFCoder.podspec.json exists! Returning local because checking is only performed in repo update
  CDN: trunk Relative path: all_pods_versions_a_0_c.txt exists! Returning local because checking is only performed in repo update
  CDN: trunk Relative path: Specs/a/0/c/SDWebImageSVGCoder/1.8.0/SDWebImageSVGCoder.podspec.json exists! Returning local because checking is only performed in repo update
  CDN: trunk Relative path: all_pods_versions_f_d_e.txt exists! Returning local because checking is only performed in repo update
  CDN: trunk Relative path: Specs/f/d/e/libavif/0.11.1/libavif.podspec.json exists! Returning local because checking is only performed in repo update
  CDN: trunk Relative path: Specs/f/d/e/libavif/0.1.0/libavif.podspec.json exists! Returning local because checking is only performed in repo update
  CDN: trunk Relative path: Specs/f/d/e/libavif/0.1.1/libavif.podspec.json exists! Returning local because checking is only performed in repo update
  CDN: trunk Relative path: Specs/f/d/e/libavif/0.1.2/libavif.podspec.json exists! Returning local because checking is only performed in repo update
  CDN: trunk Relative path: Specs/f/d/e/libavif/0.1.3/libavif.podspec.json exists! Returning local because checking is only performed in repo update
  CDN: trunk Relative path: Specs/f/d/e/libavif/0.1.4/libavif.podspec.json exists! Returning local because checking is only performed in repo update
  CDN: trunk Relative path: Specs/f/d/e/libavif/0.2.0/libavif.podspec.json exists! Returning local because checking is only performed in repo update
  CDN: trunk Relative path: Specs/f/d/e/libavif/0.3.0/libavif.podspec.json exists! Returning local because checking is only performed in repo update
  CDN: trunk Relative path: Specs/f/d/e/libavif/0.3.11/libavif.podspec.json exists! Returning local because checking is only performed in repo update
  CDN: trunk Relative path: Specs/f/d/e/libavif/0.4.0/libavif.podspec.json exists! Returning local because checking is only performed in repo update
  CDN: trunk Relative path: Specs/f/d/e/libavif/0.4.1/libavif.podspec.json exists! Returning local because checking is only performed in repo update
  CDN: trunk Relative path: Specs/f/d/e/libavif/0.4.2/libavif.podspec.json exists! Returning local because checking is only performed in repo update
  CDN: trunk Relative path: Specs/f/d/e/libavif/0.4.3/libavif.podspec.json exists! Returning local because checking is only performed in repo update
  CDN: trunk Relative path: Specs/f/d/e/libavif/0.4.4/libavif.podspec.json exists! Returning local because checking is only performed in repo update
  CDN: trunk Relative path: Specs/f/d/e/libavif/0.4.5/libavif.podspec.json exists! Returning local because checking is only performed in repo update
  CDN: trunk Relative path: Specs/f/d/e/libavif/0.4.6/libavif.podspec.json exists! Returning local because checking is only performed in repo update
  CDN: trunk Relative path: Specs/f/d/e/libavif/0.4.7/libavif.podspec.json exists! Returning local because checking is only performed in repo update
  CDN: trunk Relative path: Specs/f/d/e/libavif/0.4.8/libavif.podspec.json exists! Returning local because checking is only performed in repo update
  CDN: trunk Relative path: Specs/f/d/e/libavif/0.5.0/libavif.podspec.json exists! Returning local because checking is only performed in repo update
  CDN: trunk Relative path: Specs/f/d/e/libavif/0.5.1/libavif.podspec.json exists! Returning local because checking is only performed in repo update
  CDN: trunk Relative path: Specs/f/d/e/libavif/0.5.2/libavif.podspec.json exists! Returning local because checking is only performed in repo update
  CDN: trunk Relative path: Specs/f/d/e/libavif/0.5.3/libavif.podspec.json exists! Returning local because checking is only performed in repo update
  CDN: trunk Relative path: Specs/f/d/e/libavif/0.5.4/libavif.podspec.json exists! Returning local because checking is only performed in repo update
  CDN: trunk Relative path: Specs/f/d/e/libavif/0.5.5/libavif.podspec.json exists! Returning local because checking is only performed in repo update
  CDN: trunk Relative path: Specs/f/d/e/libavif/0.5.6/libavif.podspec.json exists! Returning local because checking is only performed in repo update
  CDN: trunk Relative path: Specs/f/d/e/libavif/0.5.7/libavif.podspec.json exists! Returning local because checking is only performed in repo update
  CDN: trunk Relative path: Specs/f/d/e/libavif/0.6.0/libavif.podspec.json exists! Returning local because checking is only performed in repo update
  CDN: trunk Relative path: Specs/f/d/e/libavif/0.6.1/libavif.podspec.json exists! Returning local because checking is only performed in repo update
  CDN: trunk Relative path: Specs/f/d/e/libavif/0.6.2/libavif.podspec.json exists! Returning local because checking is only performed in repo update
  CDN: trunk Relative path: Specs/f/d/e/libavif/0.6.3/libavif.podspec.json exists! Returning local because checking is only performed in repo update
  CDN: trunk Relative path: Specs/f/d/e/libavif/0.6.4/libavif.podspec.json exists! Returning local because checking is only performed in repo update
  CDN: trunk Relative path: Specs/f/d/e/libavif/0.7.0/libavif.podspec.json exists! Returning local because checking is only performed in repo update
  CDN: trunk Relative path: Specs/f/d/e/libavif/0.7.1/libavif.podspec.json exists! Returning local because checking is only performed in repo update
  CDN: trunk Relative path: Specs/f/d/e/libavif/0.7.2/libavif.podspec.json exists! Returning local because checking is only performed in repo update
  CDN: trunk Relative path: Specs/f/d/e/libavif/0.7.3/libavif.podspec.json exists! Returning local because checking is only performed in repo update
  CDN: trunk Relative path: Specs/f/d/e/libavif/0.8.0/libavif.podspec.json exists! Returning local because checking is only performed in repo update
  CDN: trunk Relative path: Specs/f/d/e/libavif/0.8.1/libavif.podspec.json exists! Returning local because checking is only performed in repo update
  CDN: trunk Relative path: Specs/f/d/e/libavif/0.8.2/libavif.podspec.json exists! Returning local because checking is only performed in repo update
  CDN: trunk Relative path: Specs/f/d/e/libavif/0.8.3/libavif.podspec.json exists! Returning local because checking is only performed in repo update
  CDN: trunk Relative path: Specs/f/d/e/libavif/0.8.4/libavif.podspec.json exists! Returning local because checking is only performed in repo update
  CDN: trunk Relative path: Specs/f/d/e/libavif/0.9.0/libavif.podspec.json exists! Returning local because checking is only performed in repo update
  CDN: trunk Relative path: Specs/f/d/e/libavif/0.9.1/libavif.podspec.json exists! Returning local because checking is only performed in repo update
  CDN: trunk Relative path: Specs/f/d/e/libavif/0.9.2/libavif.podspec.json exists! Returning local because checking is only performed in repo update
  CDN: trunk Relative path: Specs/f/d/e/libavif/0.9.3/libavif.podspec.json exists! Returning local because checking is only performed in repo update
  CDN: trunk Relative path: Specs/f/d/e/libavif/0.10.0/libavif.podspec.json exists! Returning local because checking is only performed in repo update
  CDN: trunk Relative path: Specs/f/d/e/libavif/0.10.1/libavif.podspec.json exists! Returning local because checking is only performed in repo update
  CDN: trunk Relative path: Specs/f/d/e/libavif/0.11.0-rc1/libavif.podspec.json exists! Returning local because checking is only performed in repo update
  CDN: trunk Relative path: Specs/f/d/e/libavif/0.11.0/libavif.podspec.json exists! Returning local because checking is only performed in repo update
  CDN: trunk Relative path: Specs/f/d/e/libavif/0.11.1/libavif.podspec.json exists! Returning local because checking is only performed in repo update
  CDN: trunk Relative path: Specs/a/0/c/SDWebImageSVGCoder/1.7.0/SDWebImageSVGCoder.podspec.json exists! Returning local because checking is only performed in repo update
  CDN: trunk Relative path: Specs/1/1/7/SDWebImage/5.6.0/SDWebImage.podspec.json exists! Returning local because checking is only performed in repo update
  CDN: trunk Relative path: Specs/1/1/7/SDWebImage/5.6.1/SDWebImage.podspec.json exists! Returning local because checking is only performed in repo update
  CDN: trunk Relative path: Specs/1/1/7/SDWebImage/5.7.0/SDWebImage.podspec.json exists! Returning local because checking is only performed in repo update
  CDN: trunk Relative path: Specs/1/1/7/SDWebImage/5.7.1/SDWebImage.podspec.json exists! Returning local because checking is only performed in repo update
  CDN: trunk Relative path: Specs/1/1/7/SDWebImage/5.7.2/SDWebImage.podspec.json exists! Returning local because checking is only performed in repo update
  CDN: trunk Relative path: Specs/1/1/7/SDWebImage/5.7.3/SDWebImage.podspec.json exists! Returning local because checking is only performed in repo update
  CDN: trunk Relative path: Specs/1/1/7/SDWebImage/5.7.4/SDWebImage.podspec.json exists! Returning local because checking is only performed in repo update
  CDN: trunk Relative path: Specs/1/1/7/SDWebImage/5.8.0/SDWebImage.podspec.json exists! Returning local because checking is only performed in repo update
  CDN: trunk Relative path: Specs/1/1/7/SDWebImage/5.8.1/SDWebImage.podspec.json exists! Returning local because checking is only performed in repo update
  CDN: trunk Relative path: Specs/1/1/7/SDWebImage/5.8.2/SDWebImage.podspec.json exists! Returning local because checking is only performed in repo update
  CDN: trunk Relative path: Specs/1/1/7/SDWebImage/5.8.3/SDWebImage.podspec.json exists! Returning local because checking is only performed in repo update
  CDN: trunk Relative path: Specs/1/1/7/SDWebImage/5.8.4/SDWebImage.podspec.json exists! Returning local because checking is only performed in repo update
  CDN: trunk Relative path: Specs/1/1/7/SDWebImage/5.9.0/SDWebImage.podspec.json exists! Returning local because checking is only performed in repo update
  CDN: trunk Relative path: Specs/1/1/7/SDWebImage/5.9.1/SDWebImage.podspec.json exists! Returning local because checking is only performed in repo update
  CDN: trunk Relative path: Specs/1/1/7/SDWebImage/5.9.2/SDWebImage.podspec.json exists! Returning local because checking is only performed in repo update
  CDN: trunk Relative path: Specs/1/1/7/SDWebImage/5.9.3/SDWebImage.podspec.json exists! Returning local because checking is only performed in repo update
  CDN: trunk Relative path: Specs/1/1/7/SDWebImage/5.9.4/SDWebImage.podspec.json exists! Returning local because checking is only performed in repo update
  CDN: trunk Relative path: Specs/1/1/7/SDWebImage/5.9.5/SDWebImage.podspec.json exists! Returning local because checking is only performed in repo update
  CDN: trunk Relative path: Specs/1/1/7/SDWebImage/5.10.0/SDWebImage.podspec.json exists! Returning local because checking is only performed in repo update
  CDN: trunk Relative path: Specs/1/1/7/SDWebImage/5.10.1/SDWebImage.podspec.json exists! Returning local because checking is only performed in repo update
  CDN: trunk Relative path: Specs/1/1/7/SDWebImage/5.10.2/SDWebImage.podspec.json exists! Returning local because checking is only performed in repo update
  CDN: trunk Relative path: Specs/1/1/7/SDWebImage/5.10.3/SDWebImage.podspec.json exists! Returning local because checking is only performed in repo update
  CDN: trunk Relative path: Specs/1/1/7/SDWebImage/5.10.4/SDWebImage.podspec.json exists! Returning local because checking is only performed in repo update
  CDN: trunk Relative path: Specs/1/1/7/SDWebImage/5.11.0/SDWebImage.podspec.json exists! Returning local because checking is only performed in repo update
  CDN: trunk Relative path: Specs/1/1/7/SDWebImage/5.11.1/SDWebImage.podspec.json exists! Returning local because checking is only performed in repo update
  CDN: trunk Relative path: Specs/1/1/7/SDWebImage/5.12.0/SDWebImage.podspec.json exists! Returning local because checking is only performed in repo update
  CDN: trunk Relative path: Specs/1/1/7/SDWebImage/5.12.1/SDWebImage.podspec.json exists! Returning local because checking is only performed in repo update
  CDN: trunk Relative path: Specs/1/1/7/SDWebImage/5.12.2/SDWebImage.podspec.json exists! Returning local because checking is only performed in repo update
  CDN: trunk Relative path: Specs/1/1/7/SDWebImage/5.12.3/SDWebImage.podspec.json exists! Returning local because checking is only performed in repo update
  CDN: trunk Relative path: Specs/1/1/7/SDWebImage/5.12.4/SDWebImage.podspec.json exists! Returning local because checking is only performed in repo update
  CDN: trunk Relative path: Specs/1/1/7/SDWebImage/5.12.5/SDWebImage.podspec.json exists! Returning local because checking is only performed in repo update
  CDN: trunk Relative path: Specs/1/1/7/SDWebImage/5.12.6/SDWebImage.podspec.json exists! Returning local because checking is only performed in repo update
  CDN: trunk Relative path: Specs/1/1/7/SDWebImage/5.13.0/SDWebImage.podspec.json exists! Returning local because checking is only performed in repo update
  CDN: trunk Relative path: Specs/1/1/7/SDWebImage/5.13.1/SDWebImage.podspec.json exists! Returning local because checking is only performed in repo update
  CDN: trunk Relative path: Specs/1/1/7/SDWebImage/5.13.2/SDWebImage.podspec.json exists! Returning local because checking is only performed in repo update
  CDN: trunk Relative path: Specs/1/1/7/SDWebImage/5.13.3/SDWebImage.podspec.json exists! Returning local because checking is only performed in repo update
  CDN: trunk Relative path: Specs/1/1/7/SDWebImage/5.13.4/SDWebImage.podspec.json exists! Returning local because checking is only performed in repo update
  CDN: trunk Relative path: Specs/1/1/7/SDWebImage/5.13.5/SDWebImage.podspec.json exists! Returning local because checking is only performed in repo update
  CDN: trunk Relative path: Specs/1/1/7/SDWebImage/5.14.0/SDWebImage.podspec.json exists! Returning local because checking is only performed in repo update
  CDN: trunk Relative path: Specs/1/1/7/SDWebImage/5.14.1/SDWebImage.podspec.json exists! Returning local because checking is only performed in repo update
  CDN: trunk Relative path: Specs/1/1/7/SDWebImage/5.14.2/SDWebImage.podspec.json exists! Returning local because checking is only performed in repo update
  CDN: trunk Relative path: Specs/1/1/7/SDWebImage/5.14.3/SDWebImage.podspec.json exists! Returning local because checking is only performed in repo update
  CDN: trunk Relative path: Specs/1/1/7/SDWebImage/5.15.0/SDWebImage.podspec.json exists! Returning local because checking is only performed in repo update
  CDN: trunk Relative path: Specs/1/1/7/SDWebImage/5.15.1/SDWebImage.podspec.json exists! Returning local because checking is only performed in repo update
  CDN: trunk Relative path: Specs/1/1/7/SDWebImage/5.15.2/SDWebImage.podspec.json exists! Returning local because checking is only performed in repo update
  CDN: trunk Relative path: Specs/1/1/7/SDWebImage/5.15.3/SDWebImage.podspec.json exists! Returning local because checking is only performed in repo update
  CDN: trunk Relative path: Specs/1/1/7/SDWebImage/5.15.4/SDWebImage.podspec.json exists! Returning local because checking is only performed in repo update
  CDN: trunk Relative path: Specs/1/1/7/SDWebImage/5.15.5/SDWebImage.podspec.json exists! Returning local because checking is only performed in repo update
  CDN: trunk Relative path: Specs/1/1/7/SDWebImage/5.15.6/SDWebImage.podspec.json exists! Returning local because checking is only performed in repo update
  CDN: trunk Relative path: Specs/1/1/7/SDWebImage/5.15.7/SDWebImage.podspec.json exists! Returning local because checking is only performed in repo update
  CDN: trunk Relative path: Specs/1/1/7/SDWebImage/5.15.8/SDWebImage.podspec.json exists! Returning local because checking is only performed in repo update
  CDN: trunk Relative path: Specs/1/1/7/SDWebImage/5.16.0/SDWebImage.podspec.json exists! Returning local because checking is only performed in repo update
  CDN: trunk Relative path: Specs/1/1/7/SDWebImage/5.17.0/SDWebImage.podspec.json exists! Returning local because checking is only performed in repo update
  CDN: trunk Relative path: Specs/1/1/7/SDWebImage/5.18.0/SDWebImage.podspec.json exists! Returning local because checking is only performed in repo update
  CDN: trunk Relative path: Specs/1/1/7/SDWebImage/5.18.1/SDWebImage.podspec.json exists! Returning local because checking is only performed in repo update
  CDN: trunk Relative path: Specs/1/1/7/SDWebImage/5.18.2/SDWebImage.podspec.json exists! Returning local because checking is only performed in repo update
  CDN: trunk Relative path: Specs/1/1/7/SDWebImage/5.18.3/SDWebImage.podspec.json exists! Returning local because checking is only performed in repo update
  CDN: trunk Relative path: Specs/1/1/7/SDWebImage/5.18.4/SDWebImage.podspec.json exists! Returning local because checking is only performed in repo update
  CDN: trunk Relative path: Specs/1/1/7/SDWebImage/5.18.5/SDWebImage.podspec.json exists! Returning local because checking is only performed in repo update
  CDN: trunk Relative path: Specs/1/1/7/SDWebImage/5.18.6/SDWebImage.podspec.json exists! Returning local because checking is only performed in repo update
  CDN: trunk Relative path: Specs/1/1/7/SDWebImage/5.18.7/SDWebImage.podspec.json exists! Returning local because checking is only performed in repo update
  CDN: trunk Relative path: Specs/1/1/7/SDWebImage/5.18.8/SDWebImage.podspec.json exists! Returning local because checking is only performed in repo update
  CDN: trunk Relative path: Specs/1/1/7/SDWebImage/5.18.9/SDWebImage.podspec.json exists! Returning local because checking is only performed in repo update
  CDN: trunk Relative path: Specs/1/1/7/SDWebImage/5.18.10/SDWebImage.podspec.json exists! Returning local because checking is only performed in repo update
  CDN: trunk Relative path: Specs/1/1/7/SDWebImage/5.18.11/SDWebImage.podspec.json exists! Returning local because checking is only performed in repo update
  CDN: trunk Relative path: Specs/1/1/7/SDWebImage/5.18.12/SDWebImage.podspec.json exists! Returning local because checking is only performed in repo update
  CDN: trunk Relative path: Specs/1/1/7/SDWebImage/5.19.0/SDWebImage.podspec.json exists! Returning local because checking is only performed in repo update
  CDN: trunk Relative path: Specs/1/1/7/SDWebImage/5.19.1/SDWebImage.podspec.json exists! Returning local because checking is only performed in repo update
  CDN: trunk Relative path: Specs/1/1/7/SDWebImage/5.19.2/SDWebImage.podspec.json exists! Returning local because checking is only performed in repo update
  CDN: trunk Relative path: Specs/1/1/7/SDWebImage/5.19.4/SDWebImage.podspec.json exists! Returning local because checking is only performed in repo update
  CDN: trunk Relative path: Specs/1/1/7/SDWebImage/5.19.5/SDWebImage.podspec.json exists! Returning local because checking is only performed in repo update
  CDN: trunk Relative path: Specs/1/1/7/SDWebImage/5.19.6/SDWebImage.podspec.json exists! Returning local because checking is only performed in repo update
  CDN: trunk Relative path: Specs/1/1/7/SDWebImage/5.19.7/SDWebImage.podspec.json exists! Returning local because checking is only performed in repo update
  CDN: trunk Relative path: Specs/1/1/7/SDWebImage/5.20.0/SDWebImage.podspec.json exists! Returning local because checking is only performed in repo update
  CDN: trunk Relative path: Specs/1/1/7/SDWebImage/5.20.1/SDWebImage.podspec.json exists! Returning local because checking is only performed in repo update
  CDN: trunk Relative path: Specs/1/1/7/SDWebImage/5.21.0/SDWebImage.podspec.json exists! Returning local because checking is only performed in repo update
  CDN: trunk Relative path: Specs/e/9/d/SDWebImageWebPCoder/0.14.6/SDWebImageWebPCoder.podspec.json exists! Returning local because checking is only performed in repo update
  CDN: trunk Relative path: Specs/1/1/7/SDWebImage/5.17.0/SDWebImage.podspec.json exists! Returning local because checking is only performed in repo update
  CDN: trunk Relative path: Specs/1/1/7/SDWebImage/5.18.0/SDWebImage.podspec.json exists! Returning local because checking is only performed in repo update
  CDN: trunk Relative path: Specs/1/1/7/SDWebImage/5.18.1/SDWebImage.podspec.json exists! Returning local because checking is only performed in repo update
  CDN: trunk Relative path: Specs/1/1/7/SDWebImage/5.18.2/SDWebImage.podspec.json exists! Returning local because checking is only performed in repo update
  CDN: trunk Relative path: Specs/1/1/7/SDWebImage/5.18.3/SDWebImage.podspec.json exists! Returning local because checking is only performed in repo update
  CDN: trunk Relative path: Specs/1/1/7/SDWebImage/5.18.4/SDWebImage.podspec.json exists! Returning local because checking is only performed in repo update
  CDN: trunk Relative path: Specs/1/1/7/SDWebImage/5.18.5/SDWebImage.podspec.json exists! Returning local because checking is only performed in repo update
  CDN: trunk Relative path: Specs/1/1/7/SDWebImage/5.18.6/SDWebImage.podspec.json exists! Returning local because checking is only performed in repo update
  CDN: trunk Relative path: Specs/1/1/7/SDWebImage/5.18.7/SDWebImage.podspec.json exists! Returning local because checking is only performed in repo update
  CDN: trunk Relative path: Specs/1/1/7/SDWebImage/5.18.8/SDWebImage.podspec.json exists! Returning local because checking is only performed in repo update
  CDN: trunk Relative path: Specs/1/1/7/SDWebImage/5.18.9/SDWebImage.podspec.json exists! Returning local because checking is only performed in repo update
  CDN: trunk Relative path: Specs/1/1/7/SDWebImage/5.18.10/SDWebImage.podspec.json exists! Returning local because checking is only performed in repo update
  CDN: trunk Relative path: Specs/1/1/7/SDWebImage/5.18.11/SDWebImage.podspec.json exists! Returning local because checking is only performed in repo update
  CDN: trunk Relative path: Specs/1/1/7/SDWebImage/5.18.12/SDWebImage.podspec.json exists! Returning local because checking is only performed in repo update
  CDN: trunk Relative path: Specs/1/1/7/SDWebImage/5.19.0/SDWebImage.podspec.json exists! Returning local because checking is only performed in repo update
  CDN: trunk Relative path: Specs/1/1/7/SDWebImage/5.19.1/SDWebImage.podspec.json exists! Returning local because checking is only performed in repo update
  CDN: trunk Relative path: Specs/1/1/7/SDWebImage/5.19.2/SDWebImage.podspec.json exists! Returning local because checking is only performed in repo update
  CDN: trunk Relative path: Specs/1/1/7/SDWebImage/5.19.4/SDWebImage.podspec.json exists! Returning local because checking is only performed in repo update
  CDN: trunk Relative path: Specs/1/1/7/SDWebImage/5.19.5/SDWebImage.podspec.json exists! Returning local because checking is only performed in repo update
  CDN: trunk Relative path: Specs/1/1/7/SDWebImage/5.19.6/SDWebImage.podspec.json exists! Returning local because checking is only performed in repo update
  CDN: trunk Relative path: Specs/1/1/7/SDWebImage/5.19.7/SDWebImage.podspec.json exists! Returning local because checking is only performed in repo update
  CDN: trunk Relative path: Specs/1/1/7/SDWebImage/5.20.0/SDWebImage.podspec.json exists! Returning local because checking is only performed in repo update
  CDN: trunk Relative path: Specs/1/1/7/SDWebImage/5.20.1/SDWebImage.podspec.json exists! Returning local because checking is only performed in repo update
  CDN: trunk Relative path: Specs/1/1/7/SDWebImage/5.21.0/SDWebImage.podspec.json exists! Returning local because checking is only performed in repo update
  CDN: trunk Relative path: all_pods_versions_1_9_2.txt exists! Returning local because checking is only performed in repo update
  CDN: trunk Relative path: Specs/1/9/2/libwebp/1.5.0/libwebp.podspec.json exists! Returning local because checking is only performed in repo update
  CDN: trunk Relative path: Specs/3/7/e/SDWebImageAVIFCoder/0.11.0/SDWebImageAVIFCoder.podspec.json exists! Returning local because checking is only performed in repo update
  CDN: trunk Relative path: Specs/f/d/e/libavif/0.11.0/libavif.podspec.json exists! Returning local because checking is only performed in repo update
  CDN: trunk Relative path: Specs/f/d/e/libavif/0.11.1/libavif.podspec.json exists! Returning local because checking is only performed in repo update
  CDN: trunk Relative path: Specs/a/9/3/SocketRocket/0.7.0/SocketRocket.podspec.json exists! Returning local because checking is only performed in repo update
  CDN: trunk Relative path: Specs/d/c/2/sqlite3/3.45.3+1/sqlite3.podspec.json exists! Returning local because checking is only performed in repo update
  CDN: trunk Relative path: Specs/d/c/2/sqlite3/3.45.3/sqlite3.podspec.json exists! Returning local because checking is only performed in repo update
  CDN: trunk Relative path: Specs/d/c/2/sqlite3/3.45.3/sqlite3.podspec.json exists! Returning local because checking is only performed in repo update
  CDN: trunk Relative path: Specs/d/c/2/sqlite3/3.45.3+1/sqlite3.podspec.json exists! Returning local because checking is only performed in repo update
  CDN: trunk Relative path: Specs/1/1/7/SDWebImage/5.19.7/SDWebImage.podspec.json exists! Returning local because checking is only performed in repo update
  CDN: trunk Relative path: Specs/1/1/7/SDWebImage/5.19.6/SDWebImage.podspec.json exists! Returning local because checking is only performed in repo update
  CDN: trunk Relative path: Specs/1/1/7/SDWebImage/5.19.5/SDWebImage.podspec.json exists! Returning local because checking is only performed in repo update
  CDN: trunk Relative path: Specs/1/1/7/SDWebImage/5.19.4/SDWebImage.podspec.json exists! Returning local because checking is only performed in repo update
  CDN: trunk Relative path: Specs/1/1/7/SDWebImage/5.19.2/SDWebImage.podspec.json exists! Returning local because checking is only performed in repo update
  CDN: trunk Relative path: Specs/1/1/7/SDWebImage/5.19.1/SDWebImage.podspec.json exists! Returning local because checking is only performed in repo update
  CDN: trunk Relative path: Specs/1/1/7/SDWebImage/5.19.7/SDWebImage.podspec.json exists! Returning local because checking is only performed in repo update
  CDN: trunk Relative path: Specs/1/1/7/SDWebImage/5.21.0/SDWebImage.podspec.json exists! Returning local because checking is only performed in repo update
  CDN: trunk Relative path: Specs/1/1/7/SDWebImage/5.20.1/SDWebImage.podspec.json exists! Returning local because checking is only performed in repo update
  CDN: trunk Relative path: Specs/1/1/7/SDWebImage/5.20.0/SDWebImage.podspec.json exists! Returning local because checking is only performed in repo update
  CDN: trunk Relative path: Specs/1/1/7/SDWebImage/5.19.7/SDWebImage.podspec.json exists! Returning local because checking is only performed in repo update
  CDN: trunk Relative path: Specs/1/1/7/SDWebImage/5.19.6/SDWebImage.podspec.json exists! Returning local because checking is only performed in repo update
  CDN: trunk Relative path: Specs/1/1/7/SDWebImage/5.19.5/SDWebImage.podspec.json exists! Returning local because checking is only performed in repo update
  CDN: trunk Relative path: Specs/1/1/7/SDWebImage/5.19.4/SDWebImage.podspec.json exists! Returning local because checking is only performed in repo update
  CDN: trunk Relative path: Specs/1/1/7/SDWebImage/5.19.2/SDWebImage.podspec.json exists! Returning local because checking is only performed in repo update
  CDN: trunk Relative path: Specs/1/1/7/SDWebImage/5.19.1/SDWebImage.podspec.json exists! Returning local because checking is only performed in repo update
  CDN: trunk Relative path: Specs/1/1/7/SDWebImage/5.19.0/SDWebImage.podspec.json exists! Returning local because checking is only performed in repo update
  CDN: trunk Relative path: Specs/1/1/7/SDWebImage/5.18.12/SDWebImage.podspec.json exists! Returning local because checking is only performed in repo update
  CDN: trunk Relative path: Specs/1/1/7/SDWebImage/5.18.11/SDWebImage.podspec.json exists! Returning local because checking is only performed in repo update
  CDN: trunk Relative path: Specs/1/1/7/SDWebImage/5.18.10/SDWebImage.podspec.json exists! Returning local because checking is only performed in repo update
  CDN: trunk Relative path: Specs/1/1/7/SDWebImage/5.18.9/SDWebImage.podspec.json exists! Returning local because checking is only performed in repo update
  CDN: trunk Relative path: Specs/1/1/7/SDWebImage/5.18.8/SDWebImage.podspec.json exists! Returning local because checking is only performed in repo update
  CDN: trunk Relative path: Specs/1/1/7/SDWebImage/5.18.7/SDWebImage.podspec.json exists! Returning local because checking is only performed in repo update
  CDN: trunk Relative path: Specs/1/1/7/SDWebImage/5.18.6/SDWebImage.podspec.json exists! Returning local because checking is only performed in repo update
  CDN: trunk Relative path: Specs/1/1/7/SDWebImage/5.18.5/SDWebImage.podspec.json exists! Returning local because checking is only performed in repo update
  CDN: trunk Relative path: Specs/1/1/7/SDWebImage/5.18.4/SDWebImage.podspec.json exists! Returning local because checking is only performed in repo update
  CDN: trunk Relative path: Specs/1/1/7/SDWebImage/5.18.3/SDWebImage.podspec.json exists! Returning local because checking is only performed in repo update
  CDN: trunk Relative path: Specs/1/1/7/SDWebImage/5.18.2/SDWebImage.podspec.json exists! Returning local because checking is only performed in repo update
  CDN: trunk Relative path: Specs/1/1/7/SDWebImage/5.18.1/SDWebImage.podspec.json exists! Returning local because checking is only performed in repo update
  CDN: trunk Relative path: Specs/1/1/7/SDWebImage/5.18.0/SDWebImage.podspec.json exists! Returning local because checking is only performed in repo update
  CDN: trunk Relative path: Specs/1/1/7/SDWebImage/5.17.0/SDWebImage.podspec.json exists! Returning local because checking is only performed in repo update
  CDN: trunk Relative path: Specs/1/1/7/SDWebImage/5.16.0/SDWebImage.podspec.json exists! Returning local because checking is only performed in repo update
  CDN: trunk Relative path: Specs/1/1/7/SDWebImage/5.15.8/SDWebImage.podspec.json exists! Returning local because checking is only performed in repo update
  CDN: trunk Relative path: Specs/1/1/7/SDWebImage/5.15.7/SDWebImage.podspec.json exists! Returning local because checking is only performed in repo update
  CDN: trunk Relative path: Specs/1/1/7/SDWebImage/5.15.6/SDWebImage.podspec.json exists! Returning local because checking is only performed in repo update
  CDN: trunk Relative path: Specs/1/1/7/SDWebImage/5.15.5/SDWebImage.podspec.json exists! Returning local because checking is only performed in repo update
  CDN: trunk Relative path: Specs/1/1/7/SDWebImage/5.15.4/SDWebImage.podspec.json exists! Returning local because checking is only performed in repo update
  CDN: trunk Relative path: Specs/1/1/7/SDWebImage/5.15.3/SDWebImage.podspec.json exists! Returning local because checking is only performed in repo update
  CDN: trunk Relative path: Specs/1/1/7/SDWebImage/5.15.2/SDWebImage.podspec.json exists! Returning local because checking is only performed in repo update
  CDN: trunk Relative path: Specs/1/1/7/SDWebImage/5.15.1/SDWebImage.podspec.json exists! Returning local because checking is only performed in repo update
  CDN: trunk Relative path: Specs/1/1/7/SDWebImage/5.15.0/SDWebImage.podspec.json exists! Returning local because checking is only performed in repo update
  CDN: trunk Relative path: Specs/1/1/7/SDWebImage/5.14.3/SDWebImage.podspec.json exists! Returning local because checking is only performed in repo update
  CDN: trunk Relative path: Specs/1/1/7/SDWebImage/5.14.2/SDWebImage.podspec.json exists! Returning local because checking is only performed in repo update
  CDN: trunk Relative path: Specs/1/1/7/SDWebImage/5.14.1/SDWebImage.podspec.json exists! Returning local because checking is only performed in repo update
  CDN: trunk Relative path: Specs/1/1/7/SDWebImage/5.14.0/SDWebImage.podspec.json exists! Returning local because checking is only performed in repo update
  CDN: trunk Relative path: Specs/1/1/7/SDWebImage/5.13.5/SDWebImage.podspec.json exists! Returning local because checking is only performed in repo update
  CDN: trunk Relative path: Specs/1/1/7/SDWebImage/5.13.4/SDWebImage.podspec.json exists! Returning local because checking is only performed in repo update
  CDN: trunk Relative path: Specs/1/1/7/SDWebImage/5.13.3/SDWebImage.podspec.json exists! Returning local because checking is only performed in repo update
  CDN: trunk Relative path: Specs/1/1/7/SDWebImage/5.13.2/SDWebImage.podspec.json exists! Returning local because checking is only performed in repo update
  CDN: trunk Relative path: Specs/1/1/7/SDWebImage/5.13.1/SDWebImage.podspec.json exists! Returning local because checking is only performed in repo update
  CDN: trunk Relative path: Specs/1/1/7/SDWebImage/5.13.0/SDWebImage.podspec.json exists! Returning local because checking is only performed in repo update
  CDN: trunk Relative path: Specs/1/1/7/SDWebImage/5.12.6/SDWebImage.podspec.json exists! Returning local because checking is only performed in repo update
  CDN: trunk Relative path: Specs/1/1/7/SDWebImage/5.12.5/SDWebImage.podspec.json exists! Returning local because checking is only performed in repo update
  CDN: trunk Relative path: Specs/1/1/7/SDWebImage/5.12.4/SDWebImage.podspec.json exists! Returning local because checking is only performed in repo update
  CDN: trunk Relative path: Specs/1/1/7/SDWebImage/5.12.3/SDWebImage.podspec.json exists! Returning local because checking is only performed in repo update
  CDN: trunk Relative path: Specs/1/1/7/SDWebImage/5.12.2/SDWebImage.podspec.json exists! Returning local because checking is only performed in repo update
  CDN: trunk Relative path: Specs/1/1/7/SDWebImage/5.12.1/SDWebImage.podspec.json exists! Returning local because checking is only performed in repo update
  CDN: trunk Relative path: Specs/1/1/7/SDWebImage/5.12.0/SDWebImage.podspec.json exists! Returning local because checking is only performed in repo update
  CDN: trunk Relative path: Specs/1/1/7/SDWebImage/5.11.1/SDWebImage.podspec.json exists! Returning local because checking is only performed in repo update
  CDN: trunk Relative path: Specs/1/1/7/SDWebImage/5.11.0/SDWebImage.podspec.json exists! Returning local because checking is only performed in repo update
  CDN: trunk Relative path: Specs/1/1/7/SDWebImage/5.10.4/SDWebImage.podspec.json exists! Returning local because checking is only performed in repo update
  CDN: trunk Relative path: Specs/1/1/7/SDWebImage/5.10.3/SDWebImage.podspec.json exists! Returning local because checking is only performed in repo update
  CDN: trunk Relative path: Specs/1/1/7/SDWebImage/5.10.2/SDWebImage.podspec.json exists! Returning local because checking is only performed in repo update
  CDN: trunk Relative path: Specs/1/1/7/SDWebImage/5.10.1/SDWebImage.podspec.json exists! Returning local because checking is only performed in repo update
  CDN: trunk Relative path: Specs/1/1/7/SDWebImage/5.10.0/SDWebImage.podspec.json exists! Returning local because checking is only performed in repo update
  CDN: trunk Relative path: Specs/1/9/2/libwebp/1.5.0/libwebp.podspec.json exists! Returning local because checking is only performed in repo update
  CDN: trunk Relative path: Specs/1/9/2/libwebp/1.4.0/libwebp.podspec.json exists! Returning local because checking is only performed in repo update
  CDN: trunk Relative path: Specs/1/9/2/libwebp/1.3.2/libwebp.podspec.json exists! Returning local because checking is only performed in repo update
  CDN: trunk Relative path: Specs/1/9/2/libwebp/1.3.1/libwebp.podspec.json exists! Returning local because checking is only performed in repo update
  CDN: trunk Relative path: Specs/1/9/2/libwebp/1.3.0/libwebp.podspec.json exists! Returning local because checking is only performed in repo update
  CDN: trunk Relative path: Specs/1/9/2/libwebp/1.2.4/libwebp.podspec.json exists! Returning local because checking is only performed in repo update
  CDN: trunk Relative path: Specs/1/9/2/libwebp/1.2.3/libwebp.podspec.json exists! Returning local because checking is only performed in repo update
  CDN: trunk Relative path: Specs/1/9/2/libwebp/1.2.2/libwebp.podspec.json exists! Returning local because checking is only performed in repo update
  CDN: trunk Relative path: Specs/1/9/2/libwebp/1.2.1/libwebp.podspec.json exists! Returning local because checking is only performed in repo update
  CDN: trunk Relative path: Specs/1/9/2/libwebp/1.2.0/libwebp.podspec.json exists! Returning local because checking is only performed in repo update
  CDN: trunk Relative path: Specs/1/9/2/libwebp/1.1.0/libwebp.podspec.json exists! Returning local because checking is only performed in repo update
  CDN: trunk Relative path: Specs/1/9/2/libwebp/1.1.0-rc2/libwebp.podspec.json exists! Returning local because checking is only performed in repo update
  CDN: trunk Relative path: Specs/1/9/2/libwebp/1.0.3/libwebp.podspec.json exists! Returning local because checking is only performed in repo update
  CDN: trunk Relative path: Specs/1/9/2/libwebp/1.0.2/libwebp.podspec.json exists! Returning local because checking is only performed in repo update
  CDN: trunk Relative path: Specs/1/9/2/libwebp/1.0.1/libwebp.podspec.json exists! Returning local because checking is only performed in repo update
  CDN: trunk Relative path: Specs/1/9/2/libwebp/1.0.0/libwebp.podspec.json exists! Returning local because checking is only performed in repo update
  CDN: trunk Relative path: Specs/1/9/2/libwebp/1.5.0/libwebp.podspec.json exists! Returning local because checking is only performed in repo update
  CDN: trunk Relative path: Specs/1/9/2/libwebp/1.5.0/libwebp.podspec.json exists! Returning local because checking is only performed in repo update
  CDN: trunk Relative path: Specs/1/9/2/libwebp/1.5.0/libwebp.podspec.json exists! Returning local because checking is only performed in repo update
  CDN: trunk Relative path: Specs/1/9/2/libwebp/1.5.0/libwebp.podspec.json exists! Returning local because checking is only performed in repo update
  CDN: trunk Relative path: Specs/d/d/6/ReachabilitySwift/5.2.4/ReachabilitySwift.podspec.json exists! Returning local because checking is only performed in repo update
  CDN: trunk Relative path: Specs/d/d/6/ReachabilitySwift/5.2.3/ReachabilitySwift.podspec.json exists! Returning local because checking is only performed in repo update
  CDN: trunk Relative path: Specs/d/d/6/ReachabilitySwift/5.2.2/ReachabilitySwift.podspec.json exists! Returning local because checking is only performed in repo update
  CDN: trunk Relative path: Specs/d/d/6/ReachabilitySwift/5.2.1/ReachabilitySwift.podspec.json exists! Returning local because checking is only performed in repo update
  CDN: trunk Relative path: Specs/d/d/6/ReachabilitySwift/5.0.0/ReachabilitySwift.podspec.json exists! Returning local because checking is only performed in repo update
  CDN: trunk Relative path: Specs/d/d/6/ReachabilitySwift/5.0.0-beta1/ReachabilitySwift.podspec.json exists! Returning local because checking is only performed in repo update
  CDN: trunk Relative path: Specs/d/d/6/ReachabilitySwift/4.3.1/ReachabilitySwift.podspec.json exists! Returning local because checking is only performed in repo update
  CDN: trunk Relative path: Specs/d/d/6/ReachabilitySwift/4.3.0/ReachabilitySwift.podspec.json exists! Returning local because checking is only performed in repo update
  CDN: trunk Relative path: Specs/d/d/6/ReachabilitySwift/4.2.1/ReachabilitySwift.podspec.json exists! Returning local because checking is only performed in repo update
  CDN: trunk Relative path: Specs/d/d/6/ReachabilitySwift/4.2.0/ReachabilitySwift.podspec.json exists! Returning local because checking is only performed in repo update
  CDN: trunk Relative path: Specs/d/d/6/ReachabilitySwift/4.1.0/ReachabilitySwift.podspec.json exists! Returning local because checking is only performed in repo update
  CDN: trunk Relative path: Specs/d/d/6/ReachabilitySwift/4.0.0/ReachabilitySwift.podspec.json exists! Returning local because checking is only performed in repo update
  CDN: trunk Relative path: Specs/d/d/6/ReachabilitySwift/4.0-beta2/ReachabilitySwift.podspec.json exists! Returning local because checking is only performed in repo update
  CDN: trunk Relative path: Specs/d/d/6/ReachabilitySwift/3/ReachabilitySwift.podspec.json exists! Returning local because checking is only performed in repo update
  CDN: trunk Relative path: Specs/d/d/6/ReachabilitySwift/2.4/ReachabilitySwift.podspec.json exists! Returning local because checking is only performed in repo update
  CDN: trunk Relative path: Specs/d/d/6/ReachabilitySwift/2.3.3/ReachabilitySwift.podspec.json exists! Returning local because checking is only performed in repo update
  CDN: trunk Relative path: Specs/d/d/6/ReachabilitySwift/2.3/ReachabilitySwift.podspec.json exists! Returning local because checking is only performed in repo update
  CDN: trunk Relative path: Specs/d/d/6/ReachabilitySwift/2.1/ReachabilitySwift.podspec.json exists! Returning local because checking is only performed in repo update
  CDN: trunk Relative path: Specs/d/d/6/ReachabilitySwift/2.0/ReachabilitySwift.podspec.json exists! Returning local because checking is only performed in repo update
  CDN: trunk Relative path: Specs/d/d/6/ReachabilitySwift/2.0-beta1/ReachabilitySwift.podspec.json exists! Returning local because checking is only performed in repo update
  CDN: trunk Relative path: Specs/d/d/6/ReachabilitySwift/1.1/ReachabilitySwift.podspec.json exists! Returning local because checking is only performed in repo update
  CDN: trunk Relative path: Specs/f/d/e/libavif/0.11.1/libavif.podspec.json exists! Returning local because checking is only performed in repo update
  CDN: trunk Relative path: all_pods_versions_b_2_b.txt exists! Returning local because checking is only performed in repo update
  CDN: trunk Relative path: Specs/b/2/b/libdav1d/1.2.0/libdav1d.podspec.json exists! Returning local because checking is only performed in repo update
  CDN: trunk Relative path: Specs/b/2/b/libdav1d/1.2.0/libdav1d.podspec.json exists! Returning local because checking is only performed in repo update
  CDN: trunk Relative path: Specs/b/2/b/libdav1d/1.1.0/libdav1d.podspec.json exists! Returning local because checking is only performed in repo update
  CDN: trunk Relative path: Specs/b/2/b/libdav1d/1.0.0/libdav1d.podspec.json exists! Returning local because checking is only performed in repo update
  CDN: trunk Relative path: Specs/b/2/b/libdav1d/0.9.2/libdav1d.podspec.json exists! Returning local because checking is only performed in repo update
  CDN: trunk Relative path: Specs/b/2/b/libdav1d/0.9.1/libdav1d.podspec.json exists! Returning local because checking is only performed in repo update
  CDN: trunk Relative path: Specs/b/2/b/libdav1d/0.9.0/libdav1d.podspec.json exists! Returning local because checking is only performed in repo update
  CDN: trunk Relative path: Specs/b/2/b/libdav1d/0.8.2/libdav1d.podspec.json exists! Returning local because checking is only performed in repo update
  CDN: trunk Relative path: Specs/b/2/b/libdav1d/0.8.1/libdav1d.podspec.json exists! Returning local because checking is only performed in repo update
  CDN: trunk Relative path: Specs/b/2/b/libdav1d/0.8.0/libdav1d.podspec.json exists! Returning local because checking is only performed in repo update
  CDN: trunk Relative path: Specs/b/2/b/libdav1d/0.7.1/libdav1d.podspec.json exists! Returning local because checking is only performed in repo update
  CDN: trunk Relative path: Specs/b/2/b/libdav1d/0.7.0/libdav1d.podspec.json exists! Returning local because checking is only performed in repo update
  CDN: trunk Relative path: Specs/b/2/b/libdav1d/0.6.0/libdav1d.podspec.json exists! Returning local because checking is only performed in repo update

Comparing resolved specification to the sandbox manifest
  A DoubleConversion
  A EASClient
  A EXAV
  A EXApplication
  A EXConstants
  A EXJSONUtils
  A EXManifests
  A EXNotifications
  A EXSplashScreen
  A EXStructuredHeaders
  A EXUpdates
  A EXUpdatesInterface
  A Expo
  A ExpoAsset
  A ExpoBlur
  A ExpoDevice
  A ExpoFileSystem
  A ExpoFont
  A ExpoImage
  A ExpoKeepAwake
  A ExpoLinearGradient
  A ExpoLocalization
  A ExpoModulesCore
  A ExpoNetwork
  A ExpoSpeech
  A FBLazyVector
  A RCT-Folly
  A RCTDeprecation
  A RCTRequired
  A RCTTypeSafety
  A RNCAsyncStorage
  A RNDateTimePicker
  A RNDeviceInfo
  A RNFS
  A RNFlashList
  A RNGestureHandler
  A RNReanimated
  A RNSVG
  A RNScreens
  A ReachabilitySwift
  A React
  A React-Codegen
  A React-Core
  A React-CoreModules
  A React-Fabric
  A React-FabricImage
  A React-ImageManager
  A React-Mapbuffer
  A React-NativeModulesApple
  A React-RCTActionSheet
  A React-RCTAnimation
  A React-RCTAppDelegate
  A React-RCTBlob
  A React-RCTFabric
  A React-RCTImage
  A React-RCTLinking
  A React-RCTNetwork
  A React-RCTSettings
  A React-RCTText
  A React-RCTVibration
  A React-RuntimeApple
  A React-RuntimeCore
  A React-RuntimeHermes
  A React-callinvoker
  A React-cxxreact
  A React-debug
  A React-featureflags
  A React-graphics
  A React-hermes
  A React-jserrorhandler
  A React-jsi
  A React-jsiexecutor
  A React-jsinspector
  A React-jsitracing
  A React-logger
  A React-nativeconfig
  A React-perflogger
  A React-rendererdebug
  A React-rncore
  A React-runtimeexecutor
  A React-runtimescheduler
  A React-utils
  A ReactCommon
  A SDWebImage
  A SDWebImageAVIFCoder
  A SDWebImageSVGCoder
  A SDWebImageWebPCoder
  A SocketRocket
  A Yoga
  A boost
  A expo-dev-client
  A expo-dev-launcher
  A expo-dev-menu
  A expo-dev-menu-interface
  A fmt
  A glog
  A hermes-engine
  A libavif
  A libdav1d
  A libwebp
  A react-native-maps
  A react-native-safe-area-context
  A react-native-slider
  A sqlite3

Downloading dependencies

-> Installing DoubleConversion (1.1.6)
 > Git download
 > Git download
     $ /usr/local/bin/git clone https://github.com/google/double-conversion.git /var/folders/bq/wnhbwrkx4dx1q2c27c8v6wkh0000gp/T/d20250528-34223-qdomhe --template= --single-branch --depth 1 --branch v1.1.6
     Cloning into '/var/folders/bq/wnhbwrkx4dx1q2c27c8v6wkh0000gp/T/d20250528-34223-qdomhe'...
     Note: switching to '361924fb61c043627d4179e941a102d543f6efa0'.
     
     You are in 'detached HEAD' state. You can look around, make experimental
     changes and commit them, and you can discard any commits you make in this
     state without impacting any branches by switching back to a branch.
     
     If you want to create a new branch to retain commits you create, you may
     do so (now or later) by using -c with the switch command. Example:
     
       git switch -c <new-branch-name>
     
     Or undo this operation with:
     
       git switch -
     
     Turn off this advice by setting config variable advice.detachedHead to false
     
  $ /usr/bin/rsync -a --exclude=.git --delete /var/folders/bq/wnhbwrkx4dx1q2c27c8v6wkh0000gp/T/d20250528-34223-qdomhe/ /Users/republicalatuya/Library/Caches/CocoaPods/Pods/External/DoubleConversion/77f51e588bfe0e5c4fa6e9c580da62c6-76ab8
 > Running prepare command
   $ /bin/bash -c  set -e mv src double-conversion
  > Copying DoubleConversion from `/Users/republicalatuya/Library/Caches/CocoaPods/Pods/External/DoubleConversion/77f51e588bfe0e5c4fa6e9c580da62c6-76ab8` to `Pods/DoubleConversion`

-> Installing EASClient (0.12.0)

-> Installing EXAV (14.0.7)

-> Installing EXApplication (5.9.1)

-> Installing EXConstants (16.0.2)

-> Installing EXJSONUtils (0.13.1)

-> Installing EXManifests (0.14.3)

-> Installing EXNotifications (0.28.19)

-> Installing EXSplashScreen (0.27.7)

-> Installing EXStructuredHeaders (3.8.0)

-> Installing EXUpdates (0.25.28)

-> Installing EXUpdatesInterface (0.16.2)

-> Installing Expo (51.0.39)

-> Installing ExpoAsset (10.0.10)

-> Installing ExpoBlur (13.0.3)

-> Installing ExpoDevice (6.0.2)

-> Installing ExpoFileSystem (17.0.1)

-> Installing ExpoFont (12.0.10)

-> Installing ExpoImage (1.13.0)

-> Installing ExpoKeepAwake (13.0.2)

-> Installing ExpoLinearGradient (13.0.2)

-> Installing ExpoLocalization (15.0.3)

-> Installing ExpoModulesCore (1.12.26)

-> Installing ExpoNetwork (6.0.1)

-> Installing ExpoSpeech (12.0.2)

-> Installing FBLazyVector (0.74.5)

-> Installing RCT-Folly (2024.01.01.00)
 > Git download
 > Git download
     $ /usr/local/bin/git clone https://github.com/facebook/folly.git /var/folders/bq/wnhbwrkx4dx1q2c27c8v6wkh0000gp/T/d20250528-34223-hmf5bq --template= --single-branch --depth 1 --branch v2024.01.01.00
     Cloning into '/var/folders/bq/wnhbwrkx4dx1q2c27c8v6wkh0000gp/T/d20250528-34223-hmf5bq'...
     Note: switching to '234d39a36a43106747d10cc19efada72fd810dd3'.
     
     You are in 'detached HEAD' state. You can look around, make experimental
     changes and commit them, and you can discard any commits you make in this
     state without impacting any branches by switching back to a branch.
     
     If you want to create a new branch to retain commits you create, you may
     do so (now or later) by using -c with the switch command. Example:
     
       git switch -c <new-branch-name>
     
     Or undo this operation with:
     
       git switch -
     
     Turn off this advice by setting config variable advice.detachedHead to false
     
     Updating files:  67% (1502/2231)     Updating files:  68% (1518/2231)     Updating files:  69% (1540/2231)     Updating files:  70% (1562/2231)     Updating files:  71% (1585/2231)     Updating files:  72% (1607/2231)     Updating files:  73% (1629/2231)     Updating files:  74% (1651/2231)     Updating files:  75% (1674/2231)     Updating files:  76% (1696/2231)     Updating files:  77% (1718/2231)     Updating files:  78% (1741/2231)     Updating files:  79% (1763/2231)     Updating files:  80% (1785/2231)     Updating files:  81% (1808/2231)     Updating files:  82% (1830/2231)     Updating files:  83% (1852/2231)     Updating files:  84% (1875/2231)     Updating files:  85% (1897/2231)     Updating files:  86% (1919/2231)     Updating files:  87% (1941/2231)     Updating files:  88% (1964/2231)     Updating files:  89% (1986/2231)     Updating files:  90% (2008/2231)     Updating files:  91% (2031/2231)     Updating files:  92% (2053/2231)     Updating files:  93% (2075/2231)     Updating files:  94% (2098/2231)     Updating files:  95% (2120/2231)     Updating files:  96% (2142/2231)     Updating files:  97% (2165/2231)     Updating files:  98% (2187/2231)     Updating files:  99% (2209/2231)     Updating files: 100% (2231/2231)     Updating files: 100% (2231/2231), done.
  $ /usr/bin/rsync -a --exclude=.git --delete /var/folders/bq/wnhbwrkx4dx1q2c27c8v6wkh0000gp/T/d20250528-34223-hmf5bq/ /Users/republicalatuya/Library/Caches/CocoaPods/Pods/External/RCT-Folly/fb007a32beb5800dda3e0c60ac4cde2f-5dc73
  > Copying RCT-Folly from `/Users/republicalatuya/Library/Caches/CocoaPods/Pods/External/RCT-Folly/fb007a32beb5800dda3e0c60ac4cde2f-5dc73` to `Pods/RCT-Folly`

-> Installing RCTDeprecation (0.74.5)

-> Installing RCTRequired (0.74.5)

-> Installing RCTTypeSafety (0.74.5)

-> Installing RNCAsyncStorage (1.23.1)

-> Installing RNDateTimePicker (8.0.1)

-> Installing RNDeviceInfo (14.0.4)

-> Installing RNFS (2.20.0)

-> Installing RNFlashList (1.6.4)

-> Installing RNGestureHandler (2.16.2)

-> Installing RNReanimated (3.10.1)

-> Installing RNSVG (15.12.0)

-> Installing RNScreens (3.31.1)

-> Installing ReachabilitySwift (5.2.4)
 > Git download
 > Git download
     $ /usr/local/bin/git clone https://github.com/ashleymills/Reachability.swift.git /var/folders/bq/wnhbwrkx4dx1q2c27c8v6wkh0000gp/T/d20250528-34223-kom3bi --template= --single-branch --depth 1 --branch v5.2.4
     Cloning into '/var/folders/bq/wnhbwrkx4dx1q2c27c8v6wkh0000gp/T/d20250528-34223-kom3bi'...
     Note: switching to '21d1dc412cfecbe6e34f1f4c4eb88d3f912654a6'.
     
     You are in 'detached HEAD' state. You can look around, make experimental
     changes and commit them, and you can discard any commits you make in this
     state without impacting any branches by switching back to a branch.
     
     If you want to create a new branch to retain commits you create, you may
     do so (now or later) by using -c with the switch command. Example:
     
       git switch -c <new-branch-name>
     
     Or undo this operation with:
     
       git switch -
     
     Turn off this advice by setting config variable advice.detachedHead to false
     
  $ /usr/bin/rsync -a --exclude=.git --delete /var/folders/bq/wnhbwrkx4dx1q2c27c8v6wkh0000gp/T/d20250528-34223-kom3bi/ /Users/republicalatuya/Library/Caches/CocoaPods/Pods/Release/ReachabilitySwift/5.2.4-32793
  > Copying ReachabilitySwift from `/Users/republicalatuya/Library/Caches/CocoaPods/Pods/Release/ReachabilitySwift/5.2.4-32793` to `Pods/ReachabilitySwift`

-> Installing React (0.74.5)

-> Installing React-Codegen (0.74.5)

-> Installing React-Core (0.74.5)

-> Installing React-CoreModules (0.74.5)

-> Installing React-Fabric (0.74.5)

-> Installing React-FabricImage (0.74.5)

-> Installing React-ImageManager (0.74.5)

-> Installing React-Mapbuffer (0.74.5)

-> Installing React-NativeModulesApple (0.74.5)

-> Installing React-RCTActionSheet (0.74.5)

-> Installing React-RCTAnimation (0.74.5)

-> Installing React-RCTAppDelegate (0.74.5)

-> Installing React-RCTBlob (0.74.5)

-> Installing React-RCTFabric (0.74.5)

-> Installing React-RCTImage (0.74.5)

-> Installing React-RCTLinking (0.74.5)

-> Installing React-RCTNetwork (0.74.5)

-> Installing React-RCTSettings (0.74.5)

-> Installing React-RCTText (0.74.5)

-> Installing React-RCTVibration (0.74.5)

-> Installing React-RuntimeApple (0.74.5)

-> Installing React-RuntimeCore (0.74.5)

-> Installing React-RuntimeHermes (0.74.5)

-> Installing React-callinvoker (0.74.5)

-> Installing React-cxxreact (0.74.5)

-> Installing React-debug (0.74.5)

-> Installing React-featureflags (0.74.5)

-> Installing React-graphics (0.74.5)

-> Installing React-hermes (0.74.5)

-> Installing React-jserrorhandler (0.74.5)

-> Installing React-jsi (0.74.5)

-> Installing React-jsiexecutor (0.74.5)

-> Installing React-jsinspector (0.74.5)

-> Installing React-jsitracing (0.74.5)

-> Installing React-logger (0.74.5)

-> Installing React-nativeconfig (0.74.5)

-> Installing React-perflogger (0.74.5)

-> Installing React-rendererdebug (0.74.5)

-> Installing React-rncore (0.74.5)

-> Installing React-runtimeexecutor (0.74.5)

-> Installing React-runtimescheduler (0.74.5)

-> Installing React-utils (0.74.5)

-> Installing ReactCommon (0.74.5)

-> Installing SDWebImage (5.19.7)
 > Git download
 > Git download
     $ /usr/local/bin/git clone https://github.com/SDWebImage/SDWebImage.git /var/folders/bq/wnhbwrkx4dx1q2c27c8v6wkh0000gp/T/d20250528-34223-jspet9 --template= --single-branch --depth 1 --branch 5.19.7
     Cloning into '/var/folders/bq/wnhbwrkx4dx1q2c27c8v6wkh0000gp/T/d20250528-34223-jspet9'...
     Note: switching to '8a1be70a625683bc04d6903e2935bf23f3c6d609'.
     
     You are in 'detached HEAD' state. You can look around, make experimental
     changes and commit them, and you can discard any commits you make in this
     state without impacting any branches by switching back to a branch.
     
     If you want to create a new branch to retain commits you create, you may
     do so (now or later) by using -c with the switch command. Example:
     
       git switch -c <new-branch-name>
     
     Or undo this operation with:
     
       git switch -
     
     Turn off this advice by setting config variable advice.detachedHead to false
     
  $ /usr/bin/rsync -a --exclude=.git --delete /var/folders/bq/wnhbwrkx4dx1q2c27c8v6wkh0000gp/T/d20250528-34223-jspet9/ /Users/republicalatuya/Library/Caches/CocoaPods/Pods/Release/SDWebImage/5.19.7-8a6b7
  > Copying SDWebImage from `/Users/republicalatuya/Library/Caches/CocoaPods/Pods/Release/SDWebImage/5.19.7-8a6b7` to `Pods/SDWebImage`

-> Installing SDWebImageAVIFCoder (0.11.0)
 > Git download
 > Git download
     $ /usr/local/bin/git clone https://github.com/SDWebImage/SDWebImageAVIFCoder.git /var/folders/bq/wnhbwrkx4dx1q2c27c8v6wkh0000gp/T/d20250528-34223-a75zla --template= --single-branch --depth 1 --branch 0.11.0
     Cloning into '/var/folders/bq/wnhbwrkx4dx1q2c27c8v6wkh0000gp/T/d20250528-34223-a75zla'...
     Note: switching to '715df4ace986e1fb332c8c28b45b73dba6a40e5a'.
     
     You are in 'detached HEAD' state. You can look around, make experimental
     changes and commit them, and you can discard any commits you make in this
     state without impacting any branches by switching back to a branch.
     
     If you want to create a new branch to retain commits you create, you may
     do so (now or later) by using -c with the switch command. Example:
     
       git switch -c <new-branch-name>
     
     Or undo this operation with:
     
       git switch -
     
     Turn off this advice by setting config variable advice.detachedHead to false
     
  $ /usr/bin/rsync -a --exclude=.git --delete /var/folders/bq/wnhbwrkx4dx1q2c27c8v6wkh0000gp/T/d20250528-34223-a75zla/ /Users/republicalatuya/Library/Caches/CocoaPods/Pods/Release/SDWebImageAVIFCoder/0.11.0-00310
  > Copying SDWebImageAVIFCoder from `/Users/republicalatuya/Library/Caches/CocoaPods/Pods/Release/SDWebImageAVIFCoder/0.11.0-00310` to `Pods/SDWebImageAVIFCoder`

-> Installing SDWebImageSVGCoder (1.7.0)
 > Git download
 > Git download
     $ /usr/local/bin/git clone https://github.com/SDWebImage/SDWebImageSVGCoder.git /var/folders/bq/wnhbwrkx4dx1q2c27c8v6wkh0000gp/T/d20250528-34223-apicg4 --template= --single-branch --depth 1 --branch 1.7.0
     Cloning into '/var/folders/bq/wnhbwrkx4dx1q2c27c8v6wkh0000gp/T/d20250528-34223-apicg4'...
     Note: switching to '950167445ab703740569869c8b7510efc9d09a26'.
     
     You are in 'detached HEAD' state. You can look around, make experimental
     changes and commit them, and you can discard any commits you make in this
     state without impacting any branches by switching back to a branch.
     
     If you want to create a new branch to retain commits you create, you may
     do so (now or later) by using -c with the switch command. Example:
     
       git switch -c <new-branch-name>
     
     Or undo this operation with:
     
       git switch -
     
     Turn off this advice by setting config variable advice.detachedHead to false
     
  $ /usr/bin/rsync -a --exclude=.git --delete /var/folders/bq/wnhbwrkx4dx1q2c27c8v6wkh0000gp/T/d20250528-34223-apicg4/ /Users/republicalatuya/Library/Caches/CocoaPods/Pods/Release/SDWebImageSVGCoder/1.7.0-15a30
  > Copying SDWebImageSVGCoder from `/Users/republicalatuya/Library/Caches/CocoaPods/Pods/Release/SDWebImageSVGCoder/1.7.0-15a30` to `Pods/SDWebImageSVGCoder`

-> Installing SDWebImageWebPCoder (0.14.6)
 > Git download
 > Git download
     $ /usr/local/bin/git clone https://github.com/SDWebImage/SDWebImageWebPCoder.git /var/folders/bq/wnhbwrkx4dx1q2c27c8v6wkh0000gp/T/d20250528-34223-j3m4me --template= --single-branch --depth 1 --branch 0.14.6
     Cloning into '/var/folders/bq/wnhbwrkx4dx1q2c27c8v6wkh0000gp/T/d20250528-34223-j3m4me'...
     Note: switching to 'f534cfe830a7807ecc3d0332127a502426cfa067'.
     
     You are in 'detached HEAD' state. You can look around, make experimental
     changes and commit them, and you can discard any commits you make in this
     state without impacting any branches by switching back to a branch.
     
     If you want to create a new branch to retain commits you create, you may
     do so (now or later) by using -c with the switch command. Example:
     
       git switch -c <new-branch-name>
     
     Or undo this operation with:
     
       git switch -
     
     Turn off this advice by setting config variable advice.detachedHead to false
     
  $ /usr/bin/rsync -a --exclude=.git --delete /var/folders/bq/wnhbwrkx4dx1q2c27c8v6wkh0000gp/T/d20250528-34223-j3m4me/ /Users/republicalatuya/Library/Caches/CocoaPods/Pods/Release/SDWebImageWebPCoder/0.14.6-e38c0
  > Copying SDWebImageWebPCoder from `/Users/republicalatuya/Library/Caches/CocoaPods/Pods/Release/SDWebImageWebPCoder/0.14.6-e38c0` to `Pods/SDWebImageWebPCoder`

-> Installing SocketRocket (0.7.0)
 > Git download
 > Git download
     $ /usr/local/bin/git clone https://github.com/facebook/SocketRocket.git /var/folders/bq/wnhbwrkx4dx1q2c27c8v6wkh0000gp/T/d20250528-34223-sylr72 --template= --single-branch --depth 1 --branch 0.7.0
     Cloning into '/var/folders/bq/wnhbwrkx4dx1q2c27c8v6wkh0000gp/T/d20250528-34223-sylr72'...
     Note: switching to 'fa0ca2ce08199f4be6ea73486774b80b4b1fb96d'.
     
     You are in 'detached HEAD' state. You can look around, make experimental
     changes and commit them, and you can discard any commits you make in this
     state without impacting any branches by switching back to a branch.
     
     If you want to create a new branch to retain commits you create, you may
     do so (now or later) by using -c with the switch command. Example:
     
       git switch -c <new-branch-name>
     
     Or undo this operation with:
     
       git switch -
     
     Turn off this advice by setting config variable advice.detachedHead to false
     
  $ /usr/bin/rsync -a --exclude=.git --delete /var/folders/bq/wnhbwrkx4dx1q2c27c8v6wkh0000gp/T/d20250528-34223-sylr72/ /Users/republicalatuya/Library/Caches/CocoaPods/Pods/Release/SocketRocket/0.7.0-abac6
  > Copying SocketRocket from `/Users/republicalatuya/Library/Caches/CocoaPods/Pods/Release/SocketRocket/0.7.0-abac6` to `Pods/SocketRocket`

-> Installing Yoga (0.0.0)

-> Installing boost (1.83.0)
 > Http download
   $ /usr/bin/curl -f -L -o /var/folders/bq/wnhbwrkx4dx1q2c27c8v6wkh0000gp/T/d20250528-34223-u5r57c/file.tbz https://archives.boost.io/release/1.83.0/source/boost_1_83_0.tar.bz2 --create-dirs --netrc-optional --retry 2 -A 'CocoaPods/1.16.2 cocoapods-downloader/2.1'
     % Total    % Received % Xferd  Average Speed   Time    Time     Time  Current
                                    Dload  Upload   Total   Spent    Left  Speed
        0     0    0     0    0     0      0      0 --:--:-- --:--:-- --:--:--     0     0     0    0     0    0     0      0      0 --:--:-- --:--:-- --:--:--     0     2  117M    2 3357k    0     0  3160k      0  0:00:37  0:00:01  0:00:36 3158k    12  117M   12 14.9M    0     0  7432k      0  0:00:16  0:00:02  0:00:14 7432k    30  117M   30 36.2M    0     0  11.8M      0  0:00:09  0:00:03  0:00:06 11.8M    42  117M   42 50.2M    0     0  12.3M      0  0:00:09  0:00:04  0:00:05 12.3M    53  117M   53 62.9M    0     0  12.4M      0  0:00:09  0:00:05  0:00:04 12.6M    64  117M   64 75.7M    0     0  12.4M      0  0:00:09  0:00:06  0:00:03 14.4M    77  117M   77 90.6M    0     0  12.8M      0  0:00:09  0:00:07  0:00:02 15.1M    91  117M   91  106M    0     0  13.2M      0  0:00:08  0:00:08 --:--:-- 14.1M   100  117M  100  117M    0     0  13.3M      0  0:00:08  0:00:08 --:--:-- 14.2M
   $ /usr/bin/tar xf /var/folders/bq/wnhbwrkx4dx1q2c27c8v6wkh0000gp/T/d20250528-34223-u5r57c/file.tbz -C /var/folders/bq/wnhbwrkx4dx1q2c27c8v6wkh0000gp/T/d20250528-34223-u5r57c
  $ /usr/bin/rsync -a --exclude=.git --delete /var/folders/bq/wnhbwrkx4dx1q2c27c8v6wkh0000gp/T/d20250528-34223-u5r57c/ /Users/republicalatuya/Library/Caches/CocoaPods/Pods/External/boost/ccefc9f25244efe667f81fc45e29559a-d3f49
  > Copying boost from `/Users/republicalatuya/Library/Caches/CocoaPods/Pods/External/boost/ccefc9f25244efe667f81fc45e29559a-d3f49` to `Pods/boost`

-> Installing expo-dev-client (4.0.29)

-> Installing expo-dev-launcher (4.0.29)

-> Installing expo-dev-menu (5.0.23)

-> Installing expo-dev-menu-interface (1.8.4)

-> Installing fmt (9.1.0)
 > Git download
 > Git download
     $ /usr/local/bin/git clone https://github.com/fmtlib/fmt.git /var/folders/bq/wnhbwrkx4dx1q2c27c8v6wkh0000gp/T/d20250528-34223-al7zz7 --template= --single-branch --depth 1 --branch 9.1.0
     Cloning into '/var/folders/bq/wnhbwrkx4dx1q2c27c8v6wkh0000gp/T/d20250528-34223-al7zz7'...
     Note: switching to 'a33701196adfad74917046096bf5a2aa0ab0bb50'.
     
     You are in 'detached HEAD' state. You can look around, make experimental
     changes and commit them, and you can discard any commits you make in this
     state without impacting any branches by switching back to a branch.
     
     If you want to create a new branch to retain commits you create, you may
     do so (now or later) by using -c with the switch command. Example:
     
       git switch -c <new-branch-name>
     
     Or undo this operation with:
     
       git switch -
     
     Turn off this advice by setting config variable advice.detachedHead to false
     
  $ /usr/bin/rsync -a --exclude=.git --delete /var/folders/bq/wnhbwrkx4dx1q2c27c8v6wkh0000gp/T/d20250528-34223-al7zz7/ /Users/republicalatuya/Library/Caches/CocoaPods/Pods/External/fmt/ea07d964aedddd7b6ece7a21b75ee9ed-4c274
  > Copying fmt from `/Users/republicalatuya/Library/Caches/CocoaPods/Pods/External/fmt/ea07d964aedddd7b6ece7a21b75ee9ed-4c274` to `Pods/fmt`

-> Installing glog (0.3.5)
 > Git download
 > Git download
     $ /usr/local/bin/git clone https://github.com/google/glog.git /var/folders/bq/wnhbwrkx4dx1q2c27c8v6wkh0000gp/T/d20250528-34223-rvz921 --template= --single-branch --depth 1 --branch v0.3.5
     Cloning into '/var/folders/bq/wnhbwrkx4dx1q2c27c8v6wkh0000gp/T/d20250528-34223-rvz921'...
     Note: switching to 'a6a166db069520dbbd653c97c2e5b12e08a8bb26'.
     
     You are in 'detached HEAD' state. You can look around, make experimental
     changes and commit them, and you can discard any commits you make in this
     state without impacting any branches by switching back to a branch.
     
     If you want to create a new branch to retain commits you create, you may
     do so (now or later) by using -c with the switch command. Example:
     
       git switch -c <new-branch-name>
     
     Or undo this operation with:
     
       git switch -
     
     Turn off this advice by setting config variable advice.detachedHead to false
     
  $ /usr/bin/rsync -a --exclude=.git --delete /var/folders/bq/wnhbwrkx4dx1q2c27c8v6wkh0000gp/T/d20250528-34223-rvz921/ /Users/republicalatuya/Library/Caches/CocoaPods/Pods/External/glog/2263bd123499e5b93b5efe24871be317-fdfdf
 > Running prepare command
   $ /bin/bash -c  set -e #!/bin/bash # Copyright (c) Meta Platforms, Inc. and affiliates. # # This source code is licensed under the MIT license found in the # LICENSE file in the root directory of this source tree.  set -e  PLATFORM_NAME="${PLATFORM_NAME:-iphoneos}" CURRENT_ARCH="${CURRENT_ARCH}"  if [ -z "$CURRENT_ARCH" ] || [ "$CURRENT_ARCH" == "undefined_arch" ]; then     # Xcode 10 beta sets CURRENT_ARCH to "undefined_arch", this leads to incorrect linker arg.     # it's better to rely on platform name as fallback because architecture differs between simulator and device      if [[ "$PLATFORM_NAME" == *"simulator"* ]]; then         CURRENT_ARCH="x86_64"     else         CURRENT_ARCH="arm64"     fi fi  # @lint-ignore-every TXT2 Tab Literal if [ "$CURRENT_ARCH" == "arm64" ]; then     cat <<\EOF >>fix_glog_0.3.5_apple_silicon.patch diff --git a/config.sub b/config.sub index 1761d8b..43fa2e8 100755 --- a/config.sub +++ b/config.sub @@ -1096,6 +1096,9 @@ case $basic_machine in  		basic_machine=z8k-unknown  		os=-sim  		;; +	arm64-*) +		basic_machine=$(echo $basic_machine | sed 's/arm64/aarch64/') +		;;  	none)  		basic_machine=none-none  		os=-none EOF      patch -p1 config.sub fix_glog_0.3.5_apple_silicon.patch fi  XCRUN="$(which xcrun)" if [ -n "$XCRUN" ]; then   export CC="$(xcrun -find -sdk $PLATFORM_NAME cc) -arch $CURRENT_ARCH -isysroot $(xcrun -sdk $PLATFORM_NAME --show-sdk-path)"   export CXX="$CC" else   export CC="$CC:-$(which gcc)"   export CXX="$CXX:-$(which g++ || true)" fi export CXX="$CXX:-$CC"  # Remove automake symlink if it exists if [ -h "test-driver" ]; then     rm test-driver fi  # Manually disable gflags include to fix issue https://github.com/facebook/react-native/issues/28446 sed -i.bak -e 's/\@ac_cv_have_libgflags\@/0/' src/glog/logging.h.in && rm src/glog/logging.h.in.bak sed -i.bak -e 's/HAVE_LIB_GFLAGS/HAVE_LIB_GFLAGS_DISABLED/' src/config.h.in && rm src/config.h.in.bak  ./configure --host arm-apple-darwin  cat << EOF >> src/config.h /* Add in so we have Apple Target Conditionals */ #ifdef __APPLE__ #include <TargetConditionals.h> #include <Availability.h> #endif  /* Special configuration for ucontext */ #undef HAVE_UCONTEXT_H #undef PC_FROM_UCONTEXT #if defined(__x86_64__) #define PC_FROM_UCONTEXT uc_mcontext->__ss.__rip #elif defined(__i386__) #define PC_FROM_UCONTEXT uc_mcontext->__ss.__eip #endif EOF  # Prepare exported header include EXPORTED_INCLUDE_DIR="exported/glog" mkdir -p exported/glog cp -f src/glog/log_severity.h "$EXPORTED_INCLUDE_DIR/" cp -f src/glog/logging.h "$EXPORTED_INCLUDE_DIR/" cp -f src/glog/raw_logging.h "$EXPORTED_INCLUDE_DIR/" cp -f src/glog/stl_logging.h "$EXPORTED_INCLUDE_DIR/" cp -f src/glog/vlog_is_on.h "$EXPORTED_INCLUDE_DIR/"
   /Users/republicalatuya/Library/Caches/CocoaPods/Pods/External/glog/2263bd123499e5b93b5efe24871be317-fdfdf/missing: Unknown `--is-lightweight' option
   Try `/Users/republicalatuya/Library/Caches/CocoaPods/Pods/External/glog/2263bd123499e5b93b5efe24871be317-fdfdf/missing --help' for more information
   configure: WARNING: 'missing' script is too old or missing
   configure: WARNING: using cross tools not prefixed with host triplet
   patching file config.sub
   checking for a BSD-compatible install... /usr/bin/install -c
   checking whether build environment is sane... yes
   checking for arm-apple-darwin-strip... no
   checking for strip... strip
   checking for a thread-safe mkdir -p... ./install-sh -c -d
   checking for gawk... no
   checking for mawk... no
   checking for nawk... no
   checking for awk... awk
   checking whether make sets $(MAKE)... yes
   checking whether make supports nested variables... yes
   checking for arm-apple-darwin-gcc... /Applications/Xcode.app/Contents/Developer/Toolchains/XcodeDefault.xctoolchain/usr/bin/cc -arch arm64 -isysroot /Applications/Xcode.app/Contents/Developer/Platforms/iPhoneOS.platform/Developer/SDKs/iPhoneOS18.4.sdk
   checking whether the C compiler works... yes
   checking for C compiler default output file name... a.out
   checking for suffix of executables... 
   checking whether we are cross compiling... yes
   checking for suffix of object files... o
   checking whether we are using the GNU C compiler... yes
   checking whether /Applications/Xcode.app/Contents/Developer/Toolchains/XcodeDefault.xctoolchain/usr/bin/cc -arch arm64 -isysroot /Applications/Xcode.app/Contents/Developer/Platforms/iPhoneOS.platform/Developer/SDKs/iPhoneOS18.4.sdk accepts -g... yes
   checking for /Applications/Xcode.app/Contents/Developer/Toolchains/XcodeDefault.xctoolchain/usr/bin/cc -arch arm64 -isysroot /Applications/Xcode.app/Contents/Developer/Platforms/iPhoneOS.platform/Developer/SDKs/iPhoneOS18.4.sdk option to accept ISO C89... none needed
   checking whether /Applications/Xcode.app/Contents/Developer/Toolchains/XcodeDefault.xctoolchain/usr/bin/cc -arch arm64 -isysroot /Applications/Xcode.app/Contents/Developer/Platforms/iPhoneOS.platform/Developer/SDKs/iPhoneOS18.4.sdk understands -c and -o together... yes
   checking for style of include used by make... GNU
   checking dependency style of /Applications/Xcode.app/Contents/Developer/Toolchains/XcodeDefault.xctoolchain/usr/bin/cc -arch arm64 -isysroot /Applications/Xcode.app/Contents/Developer/Platforms/iPhoneOS.platform/Developer/SDKs/iPhoneOS18.4.sdk... gcc3
   checking how to run the C preprocessor... /Applications/Xcode.app/Contents/Developer/Toolchains/XcodeDefault.xctoolchain/usr/bin/cc -arch arm64 -isysroot /Applications/Xcode.app/Contents/Developer/Platforms/iPhoneOS.platform/Developer/SDKs/iPhoneOS18.4.sdk -E
   checking whether we are using the GNU C++ compiler... yes
   checking whether /Applications/Xcode.app/Contents/Developer/Toolchains/XcodeDefault.xctoolchain/usr/bin/cc -arch arm64 -isysroot /Applications/Xcode.app/Contents/Developer/Platforms/iPhoneOS.platform/Developer/SDKs/iPhoneOS18.4.sdk:-/Applications/Xcode.app/Contents/Developer/Toolchains/XcodeDefault.xctoolchain/usr/bin/cc -arch arm64 -isysroot /Applications/Xcode.app/Contents/Developer/Platforms/iPhoneOS.platform/Developer/SDKs/iPhoneOS18.4.sdk accepts -g... yes
   checking dependency style of /Applications/Xcode.app/Contents/Developer/Toolchains/XcodeDefault.xctoolchain/usr/bin/cc -arch arm64 -isysroot /Applications/Xcode.app/Contents/Developer/Platforms/iPhoneOS.platform/Developer/SDKs/iPhoneOS18.4.sdk:-/Applications/Xcode.app/Contents/Developer/Toolchains/XcodeDefault.xctoolchain/usr/bin/cc -arch arm64 -isysroot /Applications/Xcode.app/Contents/Developer/Platforms/iPhoneOS.platform/Developer/SDKs/iPhoneOS18.4.sdk... gcc3
   checking build system type... i386-apple-darwin24.4.0
   checking host system type... arm-apple-darwin
   checking how to print strings... printf
   checking for a sed that does not truncate output... /usr/bin/sed
   checking for grep that handles long lines and -e... /usr/bin/grep
   checking for egrep... /usr/bin/grep -E
   checking for fgrep... /usr/bin/grep -F
   checking for ld used by /Applications/Xcode.app/Contents/Developer/Toolchains/XcodeDefault.xctoolchain/usr/bin/cc -arch arm64 -isysroot /Applications/Xcode.app/Contents/Developer/Platforms/iPhoneOS.platform/Developer/SDKs/iPhoneOS18.4.sdk... /Applications/Xcode.app/Contents/Developer/Toolchains/XcodeDefault.xctoolchain/usr/bin/ld
   checking if the linker (/Applications/Xcode.app/Contents/Developer/Toolchains/XcodeDefault.xctoolchain/usr/bin/ld) is GNU ld... no
   checking for BSD- or MS-compatible name lister (nm)... no
   checking for arm-apple-darwin-dumpbin... no
   checking for arm-apple-darwin-link... no
   checking for dumpbin... no
   checking for link... link -dump
   checking the name lister (nm) interface... BSD nm
   checking whether ln -s works... yes
   checking the maximum length of command line arguments... 786432
   checking whether the shell understands some XSI constructs... yes
   checking whether the shell understands "+="... yes
   checking how to convert i386-apple-darwin24.4.0 file names to arm-apple-darwin format... func_convert_file_noop
   checking how to convert i386-apple-darwin24.4.0 file names to toolchain format... func_convert_file_noop
   checking for /Applications/Xcode.app/Contents/Developer/Toolchains/XcodeDefault.xctoolchain/usr/bin/ld option to reload object files... -r
   checking for arm-apple-darwin-objdump... no
   checking for objdump... objdump
   checking how to recognize dependent libraries... pass_all
   checking for arm-apple-darwin-dlltool... no
   checking for dlltool... no
   checking how to associate runtime and link libraries... printf %s\n
   checking for arm-apple-darwin-ar... no
   checking for ar... ar
   checking for archiver @FILE support... no
   checking for arm-apple-darwin-strip... strip
   checking for arm-apple-darwin-ranlib... no
   checking for ranlib... ranlib
   checking command to parse nm output from /Applications/Xcode.app/Contents/Developer/Toolchains/XcodeDefault.xctoolchain/usr/bin/cc -arch arm64 -isysroot /Applications/Xcode.app/Contents/Developer/Platforms/iPhoneOS.platform/Developer/SDKs/iPhoneOS18.4.sdk object... ok
   checking for sysroot... no
   checking for arm-apple-darwin-mt... no
   checking for mt... no
   checking if : is a manifest tool... no
   checking for arm-apple-darwin-dsymutil... no
   checking for dsymutil... dsymutil
   checking for arm-apple-darwin-nmedit... no
   checking for nmedit... nmedit
   checking for arm-apple-darwin-lipo... no
   checking for lipo... lipo
   checking for arm-apple-darwin-otool... no
   checking for otool... otool
   checking for arm-apple-darwin-otool64... no
   checking for otool64... no
   checking for -single_module linker flag... ld: warning: -single_module is obsolete
   no
   checking for -exported_symbols_list linker flag... yes
   checking for -force_load linker flag... yes
   checking for ANSI C header files... no
   checking for sys/types.h... yes
   checking for sys/stat.h... yes
   checking for stdlib.h... yes
   checking for string.h... yes
   checking for memory.h... yes
   checking for strings.h... yes
   checking for inttypes.h... yes
   checking for stdint.h... yes
   checking for unistd.h... yes
   checking for dlfcn.h... yes
   checking for objdir... .libs
   checking if /Applications/Xcode.app/Contents/Developer/Toolchains/XcodeDefault.xctoolchain/usr/bin/cc -arch arm64 -isysroot /Applications/Xcode.app/Contents/Developer/Platforms/iPhoneOS.platform/Developer/SDKs/iPhoneOS18.4.sdk supports -fno-rtti -fno-exceptions... yes
   checking for /Applications/Xcode.app/Contents/Developer/Toolchains/XcodeDefault.xctoolchain/usr/bin/cc -arch arm64 -isysroot /Applications/Xcode.app/Contents/Developer/Platforms/iPhoneOS.platform/Developer/SDKs/iPhoneOS18.4.sdk option to produce PIC... -fno-common -DPIC
   checking if /Applications/Xcode.app/Contents/Developer/Toolchains/XcodeDefault.xctoolchain/usr/bin/cc -arch arm64 -isysroot /Applications/Xcode.app/Contents/Developer/Platforms/iPhoneOS.platform/Developer/SDKs/iPhoneOS18.4.sdk PIC flag -fno-common -DPIC works... yes
   checking if /Applications/Xcode.app/Contents/Developer/Toolchains/XcodeDefault.xctoolchain/usr/bin/cc -arch arm64 -isysroot /Applications/Xcode.app/Contents/Developer/Platforms/iPhoneOS.platform/Developer/SDKs/iPhoneOS18.4.sdk static flag -static works... no
   checking if /Applications/Xcode.app/Contents/Developer/Toolchains/XcodeDefault.xctoolchain/usr/bin/cc -arch arm64 -isysroot /Applications/Xcode.app/Contents/Developer/Platforms/iPhoneOS.platform/Developer/SDKs/iPhoneOS18.4.sdk supports -c -o file.o... yes
   checking if /Applications/Xcode.app/Contents/Developer/Toolchains/XcodeDefault.xctoolchain/usr/bin/cc -arch arm64 -isysroot /Applications/Xcode.app/Contents/Developer/Platforms/iPhoneOS.platform/Developer/SDKs/iPhoneOS18.4.sdk supports -c -o file.o... (cached) yes
   checking whether the /Applications/Xcode.app/Contents/Developer/Toolchains/XcodeDefault.xctoolchain/usr/bin/cc -arch arm64 -isysroot /Applications/Xcode.app/Contents/Developer/Platforms/iPhoneOS.platform/Developer/SDKs/iPhoneOS18.4.sdk linker (/Applications/Xcode.app/Contents/Developer/Toolchains/XcodeDefault.xctoolchain/usr/bin/ld) supports shared libraries... yes
   checking dynamic linker characteristics... darwin dyld
   checking how to hardcode library paths into programs... immediate
   checking whether stripping libraries is possible... yes
   checking if libtool supports shared libraries... yes
   checking whether to build shared libraries... yes
   checking whether to build static libraries... yes
   checking how to run the C++ preprocessor... /Applications/Xcode.app/Contents/Developer/Toolchains/XcodeDefault.xctoolchain/usr/bin/cc -arch arm64 -isysroot /Applications/Xcode.app/Contents/Developer/Platforms/iPhoneOS.platform/Developer/SDKs/iPhoneOS18.4.sdk:-/Applications/Xcode.app/Contents/Developer/Toolchains/XcodeDefault.xctoolchain/usr/bin/cc -arch arm64 -isysroot /Applications/Xcode.app/Contents/Developer/Platforms/iPhoneOS.platform/Developer/SDKs/iPhoneOS18.4.sdk -E
   checking for ld used by /Applications/Xcode.app/Contents/Developer/Toolchains/XcodeDefault.xctoolchain/usr/bin/cc -arch arm64 -isysroot /Applications/Xcode.app/Contents/Developer/Platforms/iPhoneOS.platform/Developer/SDKs/iPhoneOS18.4.sdk:-/Applications/Xcode.app/Contents/Developer/Toolchains/XcodeDefault.xctoolchain/usr/bin/cc -arch arm64 -isysroot /Applications/Xcode.app/Contents/Developer/Platforms/iPhoneOS.platform/Developer/SDKs/iPhoneOS18.4.sdk... /Applications/Xcode.app/Contents/Developer/Toolchains/XcodeDefault.xctoolchain/usr/bin/ld
   checking if the linker (/Applications/Xcode.app/Contents/Developer/Toolchains/XcodeDefault.xctoolchain/usr/bin/ld) is GNU ld... no
   checking whether the /Applications/Xcode.app/Contents/Developer/Toolchains/XcodeDefault.xctoolchain/usr/bin/cc -arch arm64 -isysroot /Applications/Xcode.app/Contents/Developer/Platforms/iPhoneOS.platform/Developer/SDKs/iPhoneOS18.4.sdk:-/Applications/Xcode.app/Contents/Developer/Toolchains/XcodeDefault.xctoolchain/usr/bin/cc -arch arm64 -isysroot /Applications/Xcode.app/Contents/Developer/Platforms/iPhoneOS.platform/Developer/SDKs/iPhoneOS18.4.sdk linker (/Applications/Xcode.app/Contents/Developer/Toolchains/XcodeDefault.xctoolchain/usr/bin/ld) supports shared libraries... yes
   checking for /Applications/Xcode.app/Contents/Developer/Toolchains/XcodeDefault.xctoolchain/usr/bin/cc -arch arm64 -isysroot /Applications/Xcode.app/Contents/Developer/Platforms/iPhoneOS.platform/Developer/SDKs/iPhoneOS18.4.sdk:-/Applications/Xcode.app/Contents/Developer/Toolchains/XcodeDefault.xctoolchain/usr/bin/cc -arch arm64 -isysroot /Applications/Xcode.app/Contents/Developer/Platforms/iPhoneOS.platform/Developer/SDKs/iPhoneOS18.4.sdk option to produce PIC... -fno-common -DPIC
   checking if /Applications/Xcode.app/Contents/Developer/Toolchains/XcodeDefault.xctoolchain/usr/bin/cc -arch arm64 -isysroot /Applications/Xcode.app/Contents/Developer/Platforms/iPhoneOS.platform/Developer/SDKs/iPhoneOS18.4.sdk:-/Applications/Xcode.app/Contents/Developer/Toolchains/XcodeDefault.xctoolchain/usr/bin/cc -arch arm64 -isysroot /Applications/Xcode.app/Contents/Developer/Platforms/iPhoneOS.platform/Developer/SDKs/iPhoneOS18.4.sdk PIC flag -fno-common -DPIC works... yes
   checking if /Applications/Xcode.app/Contents/Developer/Toolchains/XcodeDefault.xctoolchain/usr/bin/cc -arch arm64 -isysroot /Applications/Xcode.app/Contents/Developer/Platforms/iPhoneOS.platform/Developer/SDKs/iPhoneOS18.4.sdk:-/Applications/Xcode.app/Contents/Developer/Toolchains/XcodeDefault.xctoolchain/usr/bin/cc -arch arm64 -isysroot /Applications/Xcode.app/Contents/Developer/Platforms/iPhoneOS.platform/Developer/SDKs/iPhoneOS18.4.sdk static flag -static works... no
   checking if /Applications/Xcode.app/Contents/Developer/Toolchains/XcodeDefault.xctoolchain/usr/bin/cc -arch arm64 -isysroot /Applications/Xcode.app/Contents/Developer/Platforms/iPhoneOS.platform/Developer/SDKs/iPhoneOS18.4.sdk:-/Applications/Xcode.app/Contents/Developer/Toolchains/XcodeDefault.xctoolchain/usr/bin/cc -arch arm64 -isysroot /Applications/Xcode.app/Contents/Developer/Platforms/iPhoneOS.platform/Developer/SDKs/iPhoneOS18.4.sdk supports -c -o file.o... yes
   checking if /Applications/Xcode.app/Contents/Developer/Toolchains/XcodeDefault.xctoolchain/usr/bin/cc -arch arm64 -isysroot /Applications/Xcode.app/Contents/Developer/Platforms/iPhoneOS.platform/Developer/SDKs/iPhoneOS18.4.sdk:-/Applications/Xcode.app/Contents/Developer/Toolchains/XcodeDefault.xctoolchain/usr/bin/cc -arch arm64 -isysroot /Applications/Xcode.app/Contents/Developer/Platforms/iPhoneOS.platform/Developer/SDKs/iPhoneOS18.4.sdk supports -c -o file.o... (cached) yes
   checking whether the /Applications/Xcode.app/Contents/Developer/Toolchains/XcodeDefault.xctoolchain/usr/bin/cc -arch arm64 -isysroot /Applications/Xcode.app/Contents/Developer/Platforms/iPhoneOS.platform/Developer/SDKs/iPhoneOS18.4.sdk:-/Applications/Xcode.app/Contents/Developer/Toolchains/XcodeDefault.xctoolchain/usr/bin/cc -arch arm64 -isysroot /Applications/Xcode.app/Contents/Developer/Platforms/iPhoneOS.platform/Developer/SDKs/iPhoneOS18.4.sdk linker (/Applications/Xcode.app/Contents/Developer/Toolchains/XcodeDefault.xctoolchain/usr/bin/ld) supports shared libraries... yes
   checking dynamic linker characteristics... darwin dyld
   checking how to hardcode library paths into programs... immediate
   checking for ANSI C header files... (cached) no
   checking for stdint.h... (cached) yes
   checking for sys/types.h... (cached) yes
   checking for inttypes.h... (cached) yes
   checking for unistd.h... (cached) yes
   checking syscall.h usability... no
   checking syscall.h presence... no
   checking for syscall.h... no
   checking sys/syscall.h usability... yes
   checking sys/syscall.h presence... yes
   checking for sys/syscall.h... yes
   checking execinfo.h usability... yes
   checking execinfo.h presence... yes
   checking for execinfo.h... yes
   checking libunwind.h usability... yes
   checking libunwind.h presence... yes
   checking for libunwind.h... yes
   checking ucontext.h usability... no
   checking ucontext.h presence... no
   checking for ucontext.h... no
   checking sys/utsname.h usability... yes
   checking sys/utsname.h presence... yes
   checking for sys/utsname.h... yes
   checking pwd.h usability... yes
   checking pwd.h presence... yes
   checking for pwd.h... yes
   checking syslog.h usability... yes
   checking syslog.h presence... yes
   checking for syslog.h... yes
   checking sys/time.h usability... yes
   checking sys/time.h presence... yes
   checking for sys/time.h... yes
   checking glob.h usability... yes
   checking glob.h presence... yes
   checking for glob.h... yes
   checking unwind.h usability... yes
   checking unwind.h presence... yes
   checking for unwind.h... yes
   checking windows.h usability... no
   checking windows.h presence... no
   checking for windows.h... no
   checking size of void *... 8
   checking for uint16_t... yes
   checking for u_int16_t... yes
   checking for __uint16... no
   checking for sigaltstack... yes
   checking for sigaction... yes
   checking for dladdr... yes
   checking for fcntl... yes
   checking for pread... yes
   checking for pwrite... yes
   checking for __attribute__... yes
   checking for __builtin_expect... yes
   checking for __sync_val_compare_and_swap... yes
   checking for the pthreads library -lpthreads... no
   checking whether pthreads work without any flags... yes
   checking for joinable pthread attribute... PTHREAD_CREATE_JOINABLE
   checking if more special flags are required for pthreads... -D_THREAD_SAFE
   checking whether to check for GCC pthread/shared inconsistencies... no
   checking for pthread_self in -lpthread... yes
   configure: WARNING: Could not find the PC.  Will not output failed addresses...
   checking for main in -lgflags... no
   checking for gtest-config... no
   checking for main in -lgtest... no
   checking for backtrace in -lunwind... no
   checking support for pthread_rwlock_* functions... yes
   checking whether the compiler implements namespaces... yes
   checking what namespace STL code is in... std
   checking whether compiler supports using ::operator<<... 1
   checking for ucontext.h... (cached) no
   checking sys/ucontext.h usability... yes
   checking sys/ucontext.h presence... yes
   checking for sys/ucontext.h... yes
   checking how to access the program counter from a struct ucontext... checking that generated files are newer than configure... done
   configure: creating ./config.status
   config.status: creating Makefile
   config.status: creating src/glog/logging.h
   config.status: creating src/glog/raw_logging.h
   config.status: creating src/glog/vlog_is_on.h
   config.status: creating src/glog/stl_logging.h
   config.status: creating libglog.pc
   config.status: creating src/config.h
   config.status: executing depfiles commands
   config.status: executing libtool commands
  > Copying glog from `/Users/republicalatuya/Library/Caches/CocoaPods/Pods/External/glog/2263bd123499e5b93b5efe24871be317-fdfdf` to `Pods/glog`

-> Installing hermes-engine (0.74.5)
 > Http download
   $ /usr/bin/curl -f -L -o /var/folders/bq/wnhbwrkx4dx1q2c27c8v6wkh0000gp/T/d20250528-34223-mory11/file.tgz https://repo1.maven.org/maven2/com/facebook/react/react-native-artifacts/0.74.5/react-native-artifacts-0.74.5-hermes-ios-debug.tar.gz --create-dirs --netrc-optional --retry 2 -A 'CocoaPods/1.16.2 cocoapods-downloader/2.1'
     % Total    % Received % Xferd  Average Speed   Time    Time     Time  Current
                                    Dload  Upload   Total   Spent    Left  Speed
        0     0    0     0    0     0      0      0 --:--:-- --:--:-- --:--:--     0     0 19.7M    0 33348    0     0   119k      0  0:02:48 --:--:--  0:02:48  119k     6 19.7M    6 1278k    0     0  1001k      0  0:00:20  0:00:01  0:00:19 1001k    11 19.7M   11 2398k    0     0  1053k      0  0:00:19  0:00:02  0:00:17 1053k    18 19.7M   18 3678k    0     0  1124k      0  0:00:17  0:00:03  0:00:14 1124k    25 19.7M   25 5054k    0     0  1183k      0  0:00:17  0:00:04  0:00:13 1182k    32 19.7M   32 6526k    0     0  1237k      0  0:00:16  0:00:05  0:00:11 1297k    38 19.7M   38 7790k    0     0  1242k      0  0:00:16  0:00:06  0:00:10 1303k    46 19.7M   46 9374k    0     0  1289k      0  0:00:15  0:00:07  0:00:08 1396k    54 19.7M   54 10.7M    0     0  1329k      0  0:00:15  0:00:08  0:00:07 1463k    59 19.7M   59 11.8M    0     0  1305k      0  0:00:15  0:00:09  0:00:06 1410k    66 19.7M   66 13.0M    0     0  1302k      0  0:00:15  0:00:10  0:00:05 1370k    73 19.7M   73 14.4M    0     0  1309k      0  0:00:15  0:00:11  0:00:04 1394k    81 19.7M   81 16.0M    0     0  1341k      0  0:00:15  0:00:12  0:00:03 1417k    87 19.7M   87 17.3M    0     0  1328k      0  0:00:15  0:00:13  0:00:02 1327k    88 19.7M   88 17.3M    0     0  1239k      0  0:00:16  0:00:14  0:00:02 1119k    93 19.7M   93 18.5M    0     0  1241k      0  0:00:16  0:00:15  0:00:01 1116k   100 19.7M  100 19.7M    0     0  1251k      0  0:00:16  0:00:16 --:--:-- 1115k
   $ /usr/bin/tar xf /var/folders/bq/wnhbwrkx4dx1q2c27c8v6wkh0000gp/T/d20250528-34223-mory11/file.tgz -C /var/folders/bq/wnhbwrkx4dx1q2c27c8v6wkh0000gp/T/d20250528-34223-mory11
  $ /usr/bin/rsync -a --exclude=.git --delete /var/folders/bq/wnhbwrkx4dx1q2c27c8v6wkh0000gp/T/d20250528-34223-mory11/ /Users/republicalatuya/Library/Caches/CocoaPods/Pods/External/hermes-engine/2858409e4df55ca63bca6f283329fa39-8c157
  > Copying hermes-engine from `/Users/republicalatuya/Library/Caches/CocoaPods/Pods/External/hermes-engine/2858409e4df55ca63bca6f283329fa39-8c157` to `Pods/hermes-engine`

-> Installing libavif (0.11.1)
 > Git download
 > Git download
     $ /usr/local/bin/git clone https://github.com/AOMediaCodec/libavif.git /var/folders/bq/wnhbwrkx4dx1q2c27c8v6wkh0000gp/T/d20250528-34223-d88d6k --template= --single-branch --depth 1 --branch v0.11.1
     Cloning into '/var/folders/bq/wnhbwrkx4dx1q2c27c8v6wkh0000gp/T/d20250528-34223-d88d6k'...
     Note: switching to '6ab53189045e7a6fe0bd93d14977b2a4f8efa5e9'.
     
     You are in 'detached HEAD' state. You can look around, make experimental
     changes and commit them, and you can discard any commits you make in this
     state without impacting any branches by switching back to a branch.
     
     If you want to create a new branch to retain commits you create, you may
     do so (now or later) by using -c with the switch command. Example:
     
       git switch -c <new-branch-name>
     
     Or undo this operation with:
     
       git switch -
     
     Turn off this advice by setting config variable advice.detachedHead to false
     
  $ /usr/bin/rsync -a --exclude=.git --delete /var/folders/bq/wnhbwrkx4dx1q2c27c8v6wkh0000gp/T/d20250528-34223-d88d6k/ /Users/republicalatuya/Library/Caches/CocoaPods/Pods/Release/libavif/0.11.1-84bbb
 > Running prepare command
   $ /bin/bash -c  set -e sed -i '' 's/\"rav1e\/rav1e.h\"/\"librav1e\/rav1e.h\"/g' './src/codec_rav1e.c' || true sed -i '' 's/\"rav1e.h\"/\"librav1e\/rav1e.h\"/g' './src/codec_rav1e.c' || true
  > Copying libavif from `/Users/republicalatuya/Library/Caches/CocoaPods/Pods/Release/libavif/0.11.1-84bbb` to `Pods/libavif`

-> Installing libdav1d (1.2.0)
 > Git download
 > Git download
     $ /usr/local/bin/git clone https://github.com/SDWebImage/libdav1d-Xcode.git /var/folders/bq/wnhbwrkx4dx1q2c27c8v6wkh0000gp/T/d20250528-34223-rmi2ex --template= --single-branch --depth 1 --branch 1.2.0
     Cloning into '/var/folders/bq/wnhbwrkx4dx1q2c27c8v6wkh0000gp/T/d20250528-34223-rmi2ex'...
     Note: switching to '0143c7ca8cf62ddc844031e1f3a661c99d086432'.
     
     You are in 'detached HEAD' state. You can look around, make experimental
     changes and commit them, and you can discard any commits you make in this
     state without impacting any branches by switching back to a branch.
     
     If you want to create a new branch to retain commits you create, you may
     do so (now or later) by using -c with the switch command. Example:
     
       git switch -c <new-branch-name>
     
     Or undo this operation with:
     
       git switch -
     
     Turn off this advice by setting config variable advice.detachedHead to false
     
     $ /usr/local/bin/git -C /var/folders/bq/wnhbwrkx4dx1q2c27c8v6wkh0000gp/T/d20250528-34223-rmi2ex submodule update --init --recursive
     Submodule 'dav1d' (https://github.com/videolan/dav1d.git) registered for path 'dav1d'
     Cloning into '/private/var/folders/bq/wnhbwrkx4dx1q2c27c8v6wkh0000gp/T/d20250528-34223-rmi2ex/dav1d'...
     Submodule path 'dav1d': checked out '676a864a11af2c0522e1f992e770589543894686'
  $ /usr/bin/rsync -a --exclude=.git --delete /var/folders/bq/wnhbwrkx4dx1q2c27c8v6wkh0000gp/T/d20250528-34223-rmi2ex/ /Users/republicalatuya/Library/Caches/CocoaPods/Pods/Release/libdav1d/1.2.0-23581
 > Running prepare command
   $ /bin/bash -c  set -e cp './generate/version.h' './dav1d/include/dav1d/version.h'
  > Copying libdav1d from `/Users/republicalatuya/Library/Caches/CocoaPods/Pods/Release/libdav1d/1.2.0-23581` to `Pods/libdav1d`

-> Installing libwebp (1.5.0)
 > Git download
 > Git download
     $ /usr/local/bin/git clone https://github.com/webmproject/libwebp.git /var/folders/bq/wnhbwrkx4dx1q2c27c8v6wkh0000gp/T/d20250528-34223-wyrxnq --template= --single-branch --depth 1 --branch v1.5.0
     Cloning into '/var/folders/bq/wnhbwrkx4dx1q2c27c8v6wkh0000gp/T/d20250528-34223-wyrxnq'...
     Note: switching to 'a4d7a715337ded4451fec90ff8ce79728e04126c'.
     
     You are in 'detached HEAD' state. You can look around, make experimental
     changes and commit them, and you can discard any commits you make in this
     state without impacting any branches by switching back to a branch.
     
     If you want to create a new branch to retain commits you create, you may
     do so (now or later) by using -c with the switch command. Example:
     
       git switch -c <new-branch-name>
     
     Or undo this operation with:
     
       git switch -
     
     Turn off this advice by setting config variable advice.detachedHead to false
     
  $ /usr/bin/rsync -a --exclude=.git --delete /var/folders/bq/wnhbwrkx4dx1q2c27c8v6wkh0000gp/T/d20250528-34223-wyrxnq/ /Users/republicalatuya/Library/Caches/CocoaPods/Pods/Release/libwebp/1.5.0-02b23
 > Running prepare command
   $ /bin/bash -c  set -e sed -i.bak 's/<inttypes.h>/<stdint.h>/g' './src/webp/types.h'
  > Copying libwebp from `/Users/republicalatuya/Library/Caches/CocoaPods/Pods/Release/libwebp/1.5.0-02b23` to `Pods/libwebp`

-> Installing react-native-maps (1.14.0)

-> Installing react-native-safe-area-context (4.10.5)

-> Installing react-native-slider (4.5.2)

-> Installing sqlite3 (3.45.3+1)
 > Http download
   $ /usr/bin/curl -f -L -o /var/folders/bq/wnhbwrkx4dx1q2c27c8v6wkh0000gp/T/d20250528-34223-1g68rg/file.zip https://www.sqlite.org/2024/sqlite-src-3450300.zip --create-dirs --netrc-optional --retry 2 -A 'CocoaPods/1.16.2 cocoapods-downloader/2.1'
     % Total    % Received % Xferd  Average Speed   Time    Time     Time  Current
                                    Dload  Upload   Total   Spent    Left  Speed
        0     0    0     0    0     0      0      0 --:--:-- --:--:-- --:--:--     0    12 13.5M   12 1776k    0     0  2118k      0  0:00:06 --:--:--  0:00:06 2116k    63 13.5M   63 8832k    0     0  4843k      0  0:00:02  0:00:01  0:00:01 4842k   100 13.5M  100 13.5M    0     0  6257k      0  0:00:02  0:00:02 --:--:-- 6260k
   $ /usr/bin/unzip /var/folders/bq/wnhbwrkx4dx1q2c27c8v6wkh0000gp/T/d20250528-34223-1g68rg/file.zip -d /var/folders/bq/wnhbwrkx4dx1q2c27c8v6wkh0000gp/T/d20250528-34223-1g68rg
   Archive:  /var/folders/bq/wnhbwrkx4dx1q2c27c8v6wkh0000gp/T/d20250528-34223-1g68rg/file.zip
      creating: /private/var/folders/bq/wnhbwrkx4dx1q2c27c8v6wkh0000gp/T/d20250528-34223-1g68rg/sqlite-src-3450300
     inflating: /var/folders/bq/wnhbwrkx4dx1q2c27c8v6wkh0000gp/T/d20250528-34223-1g68rg/sqlite-src-3450300/manifest  
      creating: /private/var/folders/bq/wnhbwrkx4dx1q2c27c8v6wkh0000gp/T/d20250528-34223-1g68rg/sqlite-src-3450300/mptest
     inflating: /var/folders/bq/wnhbwrkx4dx1q2c27c8v6wkh0000gp/T/d20250528-34223-1g68rg/sqlite-src-3450300/mptest/crash02.subtest  
     inflating: /var/folders/bq/wnhbwrkx4dx1q2c27c8v6wkh0000gp/T/d20250528-34223-1g68rg/sqlite-src-3450300/mptest/multiwrite01.test  
     inflating: /var/folders/bq/wnhbwrkx4dx1q2c27c8v6wkh0000gp/T/d20250528-34223-1g68rg/sqlite-src-3450300/mptest/config01.test  
     inflating: /var/folders/bq/wnhbwrkx4dx1q2c27c8v6wkh0000gp/T/d20250528-34223-1g68rg/sqlite-src-3450300/mptest/mptest.c  
     inflating: /var/folders/bq/wnhbwrkx4dx1q2c27c8v6wkh0000gp/T/d20250528-34223-1g68rg/sqlite-src-3450300/mptest/config02.test  
     inflating: /var/folders/bq/wnhbwrkx4dx1q2c27c8v6wkh0000gp/T/d20250528-34223-1g68rg/sqlite-src-3450300/mptest/crash01.test  
     inflating: /var/folders/bq/wnhbwrkx4dx1q2c27c8v6wkh0000gp/T/d20250528-34223-1g68rg/sqlite-src-3450300/Makefile.msc  
     inflating: /var/folders/bq/wnhbwrkx4dx1q2c27c8v6wkh0000gp/T/d20250528-34223-1g68rg/sqlite-src-3450300/sqlite3.1  
     inflating: /var/folders/bq/wnhbwrkx4dx1q2c27c8v6wkh0000gp/T/d20250528-34223-1g68rg/sqlite-src-3450300/LICENSE.md  
     inflating: /var/folders/bq/wnhbwrkx4dx1q2c27c8v6wkh0000gp/T/d20250528-34223-1g68rg/sqlite-src-3450300/Makefile.in  
     inflating: /var/folders/bq/wnhbwrkx4dx1q2c27c8v6wkh0000gp/T/d20250528-34223-1g68rg/sqlite-src-3450300/install-sh  
     inflating: /var/folders/bq/wnhbwrkx4dx1q2c27c8v6wkh0000gp/T/d20250528-34223-1g68rg/sqlite-src-3450300/manifest.uuid  
     inflating: /var/folders/bq/wnhbwrkx4dx1q2c27c8v6wkh0000gp/T/d20250528-34223-1g68rg/sqlite-src-3450300/aclocal.m4  
      creating: /private/var/folders/bq/wnhbwrkx4dx1q2c27c8v6wkh0000gp/T/d20250528-34223-1g68rg/sqlite-src-3450300/autoconf
     inflating: /var/folders/bq/wnhbwrkx4dx1q2c27c8v6wkh0000gp/T/d20250528-34223-1g68rg/sqlite-src-3450300/autoconf/Makefile.msc  
     inflating: /var/folders/bq/wnhbwrkx4dx1q2c27c8v6wkh0000gp/T/d20250528-34223-1g68rg/sqlite-src-3450300/autoconf/Makefile.fallback  
     inflating: /var/folders/bq/wnhbwrkx4dx1q2c27c8v6wkh0000gp/T/d20250528-34223-1g68rg/sqlite-src-3450300/autoconf/Makefile.am  
     inflating: /var/folders/bq/wnhbwrkx4dx1q2c27c8v6wkh0000gp/T/d20250528-34223-1g68rg/sqlite-src-3450300/autoconf/README.first  
     inflating: /var/folders/bq/wnhbwrkx4dx1q2c27c8v6wkh0000gp/T/d20250528-34223-1g68rg/sqlite-src-3450300/autoconf/README.txt  
      creating: /private/var/folders/bq/wnhbwrkx4dx1q2c27c8v6wkh0000gp/T/d20250528-34223-1g68rg/sqlite-src-3450300/autoconf/tea
      creating: /private/var/folders/bq/wnhbwrkx4dx1q2c27c8v6wkh0000gp/T/d20250528-34223-1g68rg/sqlite-src-3450300/autoconf/tea/tclconfig
     inflating: /var/folders/bq/wnhbwrkx4dx1q2c27c8v6wkh0000gp/T/d20250528-34223-1g68rg/sqlite-src-3450300/autoconf/tea/tclconfig/tcl.m4  
     inflating: /var/folders/bq/wnhbwrkx4dx1q2c27c8v6wkh0000gp/T/d20250528-34223-1g68rg/sqlite-src-3450300/autoconf/tea/tclconfig/install-sh  
     inflating: /var/folders/bq/wnhbwrkx4dx1q2c27c8v6wkh0000gp/T/d20250528-34223-1g68rg/sqlite-src-3450300/autoconf/tea/Makefile.in  
     inflating: /var/folders/bq/wnhbwrkx4dx1q2c27c8v6wkh0000gp/T/d20250528-34223-1g68rg/sqlite-src-3450300/autoconf/tea/aclocal.m4  
      creating: /private/var/folders/bq/wnhbwrkx4dx1q2c27c8v6wkh0000gp/T/d20250528-34223-1g68rg/sqlite-src-3450300/autoconf/tea/win
     inflating: /var/folders/bq/wnhbwrkx4dx1q2c27c8v6wkh0000gp/T/d20250528-34223-1g68rg/sqlite-src-3450300/autoconf/tea/win/makefile.vc  
     inflating: /var/folders/bq/wnhbwrkx4dx1q2c27c8v6wkh0000gp/T/d20250528-34223-1g68rg/sqlite-src-3450300/autoconf/tea/win/nmakehlp.c  
     inflating: /var/folders/bq/wnhbwrkx4dx1q2c27c8v6wkh0000gp/T/d20250528-34223-1g68rg/sqlite-src-3450300/autoconf/tea/win/rules.vc  
     inflating: /var/folders/bq/wnhbwrkx4dx1q2c27c8v6wkh0000gp/T/d20250528-34223-1g68rg/sqlite-src-3450300/autoconf/tea/configure.ac  
      creating: /private/var/folders/bq/wnhbwrkx4dx1q2c27c8v6wkh0000gp/T/d20250528-34223-1g68rg/sqlite-src-3450300/autoconf/tea/doc
     inflating: /var/folders/bq/wnhbwrkx4dx1q2c27c8v6wkh0000gp/T/d20250528-34223-1g68rg/sqlite-src-3450300/autoconf/tea/doc/sqlite3.n  
     inflating: /var/folders/bq/wnhbwrkx4dx1q2c27c8v6wkh0000gp/T/d20250528-34223-1g68rg/sqlite-src-3450300/autoconf/tea/pkgIndex.tcl.in  
     inflating: /var/folders/bq/wnhbwrkx4dx1q2c27c8v6wkh0000gp/T/d20250528-34223-1g68rg/sqlite-src-3450300/autoconf/tea/README  
     inflating: /var/folders/bq/wnhbwrkx4dx1q2c27c8v6wkh0000gp/T/d20250528-34223-1g68rg/sqlite-src-3450300/autoconf/tea/license.terms  
     inflating: /var/folders/bq/wnhbwrkx4dx1q2c27c8v6wkh0000gp/T/d20250528-34223-1g68rg/sqlite-src-3450300/autoconf/configure.ac  
     inflating: /var/folders/bq/wnhbwrkx4dx1q2c27c8v6wkh0000gp/T/d20250528-34223-1g68rg/sqlite-src-3450300/autoconf/INSTALL  
     inflating: /var/folders/bq/wnhbwrkx4dx1q2c27c8v6wkh0000gp/T/d20250528-34223-1g68rg/sqlite-src-3450300/config.sub  
    extracting: /var/folders/bq/wnhbwrkx4dx1q2c27c8v6wkh0000gp/T/d20250528-34223-1g68rg/sqlite-src-3450300/VERSION  
      creating: /private/var/folders/bq/wnhbwrkx4dx1q2c27c8v6wkh0000gp/T/d20250528-34223-1g68rg/sqlite-src-3450300/art
     inflating: /var/folders/bq/wnhbwrkx4dx1q2c27c8v6wkh0000gp/T/d20250528-34223-1g68rg/sqlite-src-3450300/art/sqlite370.jpg  
     inflating: /var/folders/bq/wnhbwrkx4dx1q2c27c8v6wkh0000gp/T/d20250528-34223-1g68rg/sqlite-src-3450300/art/sqlite370.eps  
     inflating: /var/folders/bq/wnhbwrkx4dx1q2c27c8v6wkh0000gp/T/d20250528-34223-1g68rg/sqlite-src-3450300/art/sqlite370.ico  
     inflating: /var/folders/bq/wnhbwrkx4dx1q2c27c8v6wkh0000gp/T/d20250528-34223-1g68rg/sqlite-src-3450300/main.mk  
     inflating: /var/folders/bq/wnhbwrkx4dx1q2c27c8v6wkh0000gp/T/d20250528-34223-1g68rg/sqlite-src-3450300/magic.txt  
      creating: /private/var/folders/bq/wnhbwrkx4dx1q2c27c8v6wkh0000gp/T/d20250528-34223-1g68rg/sqlite-src-3450300/test
     inflating: /var/folders/bq/wnhbwrkx4dx1q2c27c8v6wkh0000gp/T/d20250528-34223-1g68rg/sqlite-src-3450300/test/tkt3838.test  
     inflating: /var/folders/bq/wnhbwrkx4dx1q2c27c8v6wkh0000gp/T/d20250528-34223-1g68rg/sqlite-src-3450300/test/whereJ.test  
     inflating: /var/folders/bq/wnhbwrkx4dx1q2c27c8v6wkh0000gp/T/d20250528-34223-1g68rg/sqlite-src-3450300/test/misc3.test  
     inflating: /var/folders/bq/wnhbwrkx4dx1q2c27c8v6wkh0000gp/T/d20250528-34223-1g68rg/sqlite-src-3450300/test/corruptD.test  
     inflating: /var/folders/bq/wnhbwrkx4dx1q2c27c8v6wkh0000gp/T/d20250528-34223-1g68rg/sqlite-src-3450300/test/snapshot_up.test  
     inflating: /var/folders/bq/wnhbwrkx4dx1q2c27c8v6wkh0000gp/T/d20250528-34223-1g68rg/sqlite-src-3450300/test/alterfault.test  
     inflating: /var/folders/bq/wnhbwrkx4dx1q2c27c8v6wkh0000gp/T/d20250528-34223-1g68rg/sqlite-src-3450300/test/tableopts.test  
     inflating: /var/folders/bq/wnhbwrkx4dx1q2c27c8v6wkh0000gp/T/d20250528-34223-1g68rg/sqlite-src-3450300/test/savepointfault.test  
     inflating: /var/folders/bq/wnhbwrkx4dx1q2c27c8v6wkh0000gp/T/d20250528-34223-1g68rg/sqlite-src-3450300/test/temptable3.test  
     inflating: /var/folders/bq/wnhbwrkx4dx1q2c27c8v6wkh0000gp/T/d20250528-34223-1g68rg/sqlite-src-3450300/test/date.test  
     inflating: /var/folders/bq/wnhbwrkx4dx1q2c27c8v6wkh0000gp/T/d20250528-34223-1g68rg/sqlite-src-3450300/test/rowallock.test  
     inflating: /var/folders/bq/wnhbwrkx4dx1q2c27c8v6wkh0000gp/T/d20250528-34223-1g68rg/sqlite-src-3450300/test/superlock.test  
     inflating: /var/folders/bq/wnhbwrkx4dx1q2c27c8v6wkh0000gp/T/d20250528-34223-1g68rg/sqlite-src-3450300/test/whereC.test  
     inflating: /var/folders/bq/wnhbwrkx4dx1q2c27c8v6wkh0000gp/T/d20250528-34223-1g68rg/sqlite-src-3450300/test/amatch1.test  
     inflating: /var/folders/bq/wnhbwrkx4dx1q2c27c8v6wkh0000gp/T/d20250528-34223-1g68rg/sqlite-src-3450300/test/bigrow.test  
     inflating: /var/folders/bq/wnhbwrkx4dx1q2c27c8v6wkh0000gp/T/d20250528-34223-1g68rg/sqlite-src-3450300/test/unionallfault.test  
     inflating: /var/folders/bq/wnhbwrkx4dx1q2c27c8v6wkh0000gp/T/d20250528-34223-1g68rg/sqlite-src-3450300/test/trustschema1.test  
     inflating: /var/folders/bq/wnhbwrkx4dx1q2c27c8v6wkh0000gp/T/d20250528-34223-1g68rg/sqlite-src-3450300/test/e_createtable.test  
     inflating: /var/folders/bq/wnhbwrkx4dx1q2c27c8v6wkh0000gp/T/d20250528-34223-1g68rg/sqlite-src-3450300/test/rowvalue3.test  
     inflating: /var/folders/bq/wnhbwrkx4dx1q2c27c8v6wkh0000gp/T/d20250528-34223-1g68rg/sqlite-src-3450300/test/selectF.test  
     inflating: /var/folders/bq/wnhbwrkx4dx1q2c27c8v6wkh0000gp/T/d20250528-34223-1g68rg/sqlite-src-3450300/test/spellfix.test  
     inflating: /var/folders/bq/wnhbwrkx4dx1q2c27c8v6wkh0000gp/T/d20250528-34223-1g68rg/sqlite-src-3450300/test/ioerr4.test  
     inflating: /var/folders/bq/wnhbwrkx4dx1q2c27c8v6wkh0000gp/T/d20250528-34223-1g68rg/sqlite-src-3450300/test/fts4unicode.test  
     inflating: /var/folders/bq/wnhbwrkx4dx1q2c27c8v6wkh0000gp/T/d20250528-34223-1g68rg/sqlite-src-3450300/test/wal_common.tcl  
     inflating: /var/folders/bq/wnhbwrkx4dx1q2c27c8v6wkh0000gp/T/d20250528-34223-1g68rg/sqlite-src-3450300/test/fts3snippet2.test  
     inflating: /var/folders/bq/wnhbwrkx4dx1q2c27c8v6wkh0000gp/T/d20250528-34223-1g68rg/sqlite-src-3450300/test/whereK.test  
     inflating: /var/folders/bq/wnhbwrkx4dx1q2c27c8v6wkh0000gp/T/d20250528-34223-1g68rg/sqlite-src-3450300/test/distinctagg.test  
     inflating: /var/folders/bq/wnhbwrkx4dx1q2c27c8v6wkh0000gp/T/d20250528-34223-1g68rg/sqlite-src-3450300/test/backup_ioerr.test  
     inflating: /var/folders/bq/wnhbwrkx4dx1q2c27c8v6wkh0000gp/T/d20250528-34223-1g68rg/sqlite-src-3450300/test/memdb.test  
     inflating: /var/folders/bq/wnhbwrkx4dx1q2c27c8v6wkh0000gp/T/d20250528-34223-1g68rg/sqlite-src-3450300/test/pragma5.test  
     inflating: /var/folders/bq/wnhbwrkx4dx1q2c27c8v6wkh0000gp/T/d20250528-34223-1g68rg/sqlite-src-3450300/test/fts3prefix2.test  
     inflating: /var/folders/bq/wnhbwrkx4dx1q2c27c8v6wkh0000gp/T/d20250528-34223-1g68rg/sqlite-src-3450300/test/zerodamage.test  
     inflating: /var/folders/bq/wnhbwrkx4dx1q2c27c8v6wkh0000gp/T/d20250528-34223-1g68rg/sqlite-src-3450300/test/upfrom3.test  
     inflating: /var/folders/bq/wnhbwrkx4dx1q2c27c8v6wkh0000gp/T/d20250528-34223-1g68rg/sqlite-src-3450300/test/tkt35xx.test  
     inflating: /var/folders/bq/wnhbwrkx4dx1q2c27c8v6wkh0000gp/T/d20250528-34223-1g68rg/sqlite-src-3450300/test/mallocM.test  
     inflating: /var/folders/bq/wnhbwrkx4dx1q2c27c8v6wkh0000gp/T/d20250528-34223-1g68rg/sqlite-src-3450300/test/fts3dropmod.test  
     inflating: /var/folders/bq/wnhbwrkx4dx1q2c27c8v6wkh0000gp/T/d20250528-34223-1g68rg/sqlite-src-3450300/test/incrblob3.test  
     inflating: /var/folders/bq/wnhbwrkx4dx1q2c27c8v6wkh0000gp/T/d20250528-34223-1g68rg/sqlite-src-3450300/test/pageropt.test  
     inflating: /var/folders/bq/wnhbwrkx4dx1q2c27c8v6wkh0000gp/T/d20250528-34223-1g68rg/sqlite-src-3450300/test/json501.test  
     inflating: /var/folders/bq/wnhbwrkx4dx1q2c27c8v6wkh0000gp/T/d20250528-34223-1g68rg/sqlite-src-3450300/test/tkt3522.test  
     inflating: /var/folders/bq/wnhbwrkx4dx1q2c27c8v6wkh0000gp/T/d20250528-34223-1g68rg/sqlite-src-3450300/test/bestindex8.test  
     inflating: /var/folders/bq/wnhbwrkx4dx1q2c27c8v6wkh0000gp/T/d20250528-34223-1g68rg/sqlite-src-3450300/test/tkt3457.test  
     inflating: /var/folders/bq/wnhbwrkx4dx1q2c27c8v6wkh0000gp/T/d20250528-34223-1g68rg/sqlite-src-3450300/test/tkt2817.test  
     inflating: /var/folders/bq/wnhbwrkx4dx1q2c27c8v6wkh0000gp/T/d20250528-34223-1g68rg/sqlite-src-3450300/test/thread002.test  
     inflating: /var/folders/bq/wnhbwrkx4dx1q2c27c8v6wkh0000gp/T/d20250528-34223-1g68rg/sqlite-src-3450300/test/countofview.test  
     inflating: /var/folders/bq/wnhbwrkx4dx1q2c27c8v6wkh0000gp/T/d20250528-34223-1g68rg/sqlite-src-3450300/test/tkt3201.test  
     inflating: /var/folders/bq/wnhbwrkx4dx1q2c27c8v6wkh0000gp/T/d20250528-34223-1g68rg/sqlite-src-3450300/test/walcrash4.test  
     inflating: /var/folders/bq/wnhbwrkx4dx1q2c27c8v6wkh0000gp/T/d20250528-34223-1g68rg/sqlite-src-3450300/test/shell8.test  
     inflating: /var/folders/bq/wnhbwrkx4dx1q2c27c8v6wkh0000gp/T/d20250528-34223-1g68rg/sqlite-src-3450300/test/tkt1473.test  
     inflating: /var/folders/bq/wnhbwrkx4dx1q2c27c8v6wkh0000gp/T/d20250528-34223-1g68rg/sqlite-src-3450300/test/securedel2.test  
     inflating: /var/folders/bq/wnhbwrkx4dx1q2c27c8v6wkh0000gp/T/d20250528-34223-1g68rg/sqlite-src-3450300/test/tkt1435.test  
     inflating: /var/folders/bq/wnhbwrkx4dx1q2c27c8v6wkh0000gp/T/d20250528-34223-1g68rg/sqlite-src-3450300/test/queryonly.test  
     inflating: /var/folders/bq/wnhbwrkx4dx1q2c27c8v6wkh0000gp/T/d20250528-34223-1g68rg/sqlite-src-3450300/test/wal8.test  
     inflating: /var/folders/bq/wnhbwrkx4dx1q2c27c8v6wkh0000gp/T/d20250528-34223-1g68rg/sqlite-src-3450300/test/tempfault.test  
     inflating: /var/folders/bq/wnhbwrkx4dx1q2c27c8v6wkh0000gp/T/d20250528-34223-1g68rg/sqlite-src-3450300/test/fts3ag.test  
     inflating: /var/folders/bq/wnhbwrkx4dx1q2c27c8v6wkh0000gp/T/d20250528-34223-1g68rg/sqlite-src-3450300/test/fts4merge3.test  
     inflating: /var/folders/bq/wnhbwrkx4dx1q2c27c8v6wkh0000gp/T/d20250528-34223-1g68rg/sqlite-src-3450300/test/sort3.test  
     inflating: /var/folders/bq/wnhbwrkx4dx1q2c27c8v6wkh0000gp/T/d20250528-34223-1g68rg/sqlite-src-3450300/test/prefixes.test  
     inflating: /var/folders/bq/wnhbwrkx4dx1q2c27c8v6wkh0000gp/T/d20250528-34223-1g68rg/sqlite-src-3450300/test/round1.test  
     inflating: /var/folders/bq/wnhbwrkx4dx1q2c27c8v6wkh0000gp/T/d20250528-34223-1g68rg/sqlite-src-3450300/test/fts3atoken.test  
     inflating: /var/folders/bq/wnhbwrkx4dx1q2c27c8v6wkh0000gp/T/d20250528-34223-1g68rg/sqlite-src-3450300/test/symlink2.test  
     inflating: /var/folders/bq/wnhbwrkx4dx1q2c27c8v6wkh0000gp/T/d20250528-34223-1g68rg/sqlite-src-3450300/test/memdb2.test  
     inflating: /var/folders/bq/wnhbwrkx4dx1q2c27c8v6wkh0000gp/T/d20250528-34223-1g68rg/sqlite-src-3450300/test/vacuum5.test  
     inflating: /var/folders/bq/wnhbwrkx4dx1q2c27c8v6wkh0000gp/T/d20250528-34223-1g68rg/sqlite-src-3450300/test/orderby7.test  
     inflating: /var/folders/bq/wnhbwrkx4dx1q2c27c8v6wkh0000gp/T/d20250528-34223-1g68rg/sqlite-src-3450300/test/uri2.test  
     inflating: /var/folders/bq/wnhbwrkx4dx1q2c27c8v6wkh0000gp/T/d20250528-34223-1g68rg/sqlite-src-3450300/test/rollback2.test  
     inflating: /var/folders/bq/wnhbwrkx4dx1q2c27c8v6wkh0000gp/T/d20250528-34223-1g68rg/sqlite-src-3450300/test/bestindexB.test  
     inflating: /var/folders/bq/wnhbwrkx4dx1q2c27c8v6wkh0000gp/T/d20250528-34223-1g68rg/sqlite-src-3450300/test/tkt3630.test  
     inflating: /var/folders/bq/wnhbwrkx4dx1q2c27c8v6wkh0000gp/T/d20250528-34223-1g68rg/sqlite-src-3450300/test/fts3rnd.test  
     inflating: /var/folders/bq/wnhbwrkx4dx1q2c27c8v6wkh0000gp/T/d20250528-34223-1g68rg/sqlite-src-3450300/test/update2.test  
     inflating: /var/folders/bq/wnhbwrkx4dx1q2c27c8v6wkh0000gp/T/d20250528-34223-1g68rg/sqlite-src-3450300/test/windowB.test  
     inflating: /var/folders/bq/wnhbwrkx4dx1q2c27c8v6wkh0000gp/T/d20250528-34223-1g68rg/sqlite-src-3450300/test/interrupt.test  
     inflating: /var/folders/bq/wnhbwrkx4dx1q2c27c8v6wkh0000gp/T/d20250528-34223-1g68rg/sqlite-src-3450300/test/tkt1514.test  
     inflating: /var/folders/bq/wnhbwrkx4dx1q2c27c8v6wkh0000gp/T/d20250528-34223-1g68rg/sqlite-src-3450300/test/joinF.test  
     inflating: /var/folders/bq/wnhbwrkx4dx1q2c27c8v6wkh0000gp/T/d20250528-34223-1g68rg/sqlite-src-3450300/test/fts4content.test  
     inflating: /var/folders/bq/wnhbwrkx4dx1q2c27c8v6wkh0000gp/T/d20250528-34223-1g68rg/sqlite-src-3450300/test/fkey7.test  
     inflating: /var/folders/bq/wnhbwrkx4dx1q2c27c8v6wkh0000gp/T/d20250528-34223-1g68rg/sqlite-src-3450300/test/thread1.test  
     inflating: /var/folders/bq/wnhbwrkx4dx1q2c27c8v6wkh0000gp/T/d20250528-34223-1g68rg/sqlite-src-3450300/test/exprfault.test  
     inflating: /var/folders/bq/wnhbwrkx4dx1q2c27c8v6wkh0000gp/T/d20250528-34223-1g68rg/sqlite-src-3450300/test/rowid.test  
     inflating: /var/folders/bq/wnhbwrkx4dx1q2c27c8v6wkh0000gp/T/d20250528-34223-1g68rg/sqlite-src-3450300/test/selectD.test  
     inflating: /var/folders/bq/wnhbwrkx4dx1q2c27c8v6wkh0000gp/T/d20250528-34223-1g68rg/sqlite-src-3450300/test/pcache2.test  
     inflating: /var/folders/bq/wnhbwrkx4dx1q2c27c8v6wkh0000gp/T/d20250528-34223-1g68rg/sqlite-src-3450300/test/walro.test  
     inflating: /var/folders/bq/wnhbwrkx4dx1q2c27c8v6wkh0000gp/T/d20250528-34223-1g68rg/sqlite-src-3450300/test/fts3first.test  
     inflating: /var/folders/bq/wnhbwrkx4dx1q2c27c8v6wkh0000gp/T/d20250528-34223-1g68rg/sqlite-src-3450300/test/fts3.test  
     inflating: /var/folders/bq/wnhbwrkx4dx1q2c27c8v6wkh0000gp/T/d20250528-34223-1g68rg/sqlite-src-3450300/test/join4.test  
     inflating: /var/folders/bq/wnhbwrkx4dx1q2c27c8v6wkh0000gp/T/d20250528-34223-1g68rg/sqlite-src-3450300/test/memjournal2.test  
     inflating: /var/folders/bq/wnhbwrkx4dx1q2c27c8v6wkh0000gp/T/d20250528-34223-1g68rg/sqlite-src-3450300/test/tkt-b72787b1.test  
     inflating: /var/folders/bq/wnhbwrkx4dx1q2c27c8v6wkh0000gp/T/d20250528-34223-1g68rg/sqlite-src-3450300/test/threadtest2.c  
     inflating: /var/folders/bq/wnhbwrkx4dx1q2c27c8v6wkh0000gp/T/d20250528-34223-1g68rg/sqlite-src-3450300/test/shared6.test  
     inflating: /var/folders/bq/wnhbwrkx4dx1q2c27c8v6wkh0000gp/T/d20250528-34223-1g68rg/sqlite-src-3450300/test/filter2.test  
     inflating: /var/folders/bq/wnhbwrkx4dx1q2c27c8v6wkh0000gp/T/d20250528-34223-1g68rg/sqlite-src-3450300/test/coveridxscan.test  
     inflating: /var/folders/bq/wnhbwrkx4dx1q2c27c8v6wkh0000gp/T/d20250528-34223-1g68rg/sqlite-src-3450300/test/8_3_names.test  
     inflating: /var/folders/bq/wnhbwrkx4dx1q2c27c8v6wkh0000gp/T/d20250528-34223-1g68rg/sqlite-src-3450300/test/sharedA.test  
     inflating: /var/folders/bq/wnhbwrkx4dx1q2c27c8v6wkh0000gp/T/d20250528-34223-1g68rg/sqlite-src-3450300/test/jsonb01.test  
     inflating: /var/folders/bq/wnhbwrkx4dx1q2c27c8v6wkh0000gp/T/d20250528-34223-1g68rg/sqlite-src-3450300/test/joinD.test  
     inflating: /var/folders/bq/wnhbwrkx4dx1q2c27c8v6wkh0000gp/T/d20250528-34223-1g68rg/sqlite-src-3450300/test/mallocI.test  
     inflating: /var/folders/bq/wnhbwrkx4dx1q2c27c8v6wkh0000gp/T/d20250528-34223-1g68rg/sqlite-src-3450300/test/corrupt2.test  
     inflating: /var/folders/bq/wnhbwrkx4dx1q2c27c8v6wkh0000gp/T/d20250528-34223-1g68rg/sqlite-src-3450300/test/alterauth.test  
     inflating: /var/folders/bq/wnhbwrkx4dx1q2c27c8v6wkh0000gp/T/d20250528-34223-1g68rg/sqlite-src-3450300/test/fts4check.test  
     inflating: /var/folders/bq/wnhbwrkx4dx1q2c27c8v6wkh0000gp/T/d20250528-34223-1g68rg/sqlite-src-3450300/test/incrvacuum3.test  
     inflating: /var/folders/bq/wnhbwrkx4dx1q2c27c8v6wkh0000gp/T/d20250528-34223-1g68rg/sqlite-src-3450300/test/multiplex2.test  
     inflating: /var/folders/bq/wnhbwrkx4dx1q2c27c8v6wkh0000gp/T/d20250528-34223-1g68rg/sqlite-src-3450300/test/fts3malloc.test  
     inflating: /var/folders/bq/wnhbwrkx4dx1q2c27c8v6wkh0000gp/T/d20250528-34223-1g68rg/sqlite-src-3450300/test/e_walckpt.test  
     inflating: /var/folders/bq/wnhbwrkx4dx1q2c27c8v6wkh0000gp/T/d20250528-34223-1g68rg/sqlite-src-3450300/test/func6.test  
     inflating: /var/folders/bq/wnhbwrkx4dx1q2c27c8v6wkh0000gp/T/d20250528-34223-1g68rg/sqlite-src-3450300/test/bestindex9.test  
     inflating: /var/folders/bq/wnhbwrkx4dx1q2c27c8v6wkh0000gp/T/d20250528-34223-1g68rg/sqlite-src-3450300/test/corrupt7.test  
     inflating: /var/folders/bq/wnhbwrkx4dx1q2c27c8v6wkh0000gp/T/d20250528-34223-1g68rg/sqlite-src-3450300/test/descidx1.test  
     inflating: /var/folders/bq/wnhbwrkx4dx1q2c27c8v6wkh0000gp/T/d20250528-34223-1g68rg/sqlite-src-3450300/test/vtabJ.test  
     inflating: /var/folders/bq/wnhbwrkx4dx1q2c27c8v6wkh0000gp/T/d20250528-34223-1g68rg/sqlite-src-3450300/test/update.test  
     inflating: /var/folders/bq/wnhbwrkx4dx1q2c27c8v6wkh0000gp/T/d20250528-34223-1g68rg/sqlite-src-3450300/test/fkey4.test  
     inflating: /var/folders/bq/wnhbwrkx4dx1q2c27c8v6wkh0000gp/T/d20250528-34223-1g68rg/sqlite-src-3450300/test/fts3c.test  
     inflating: /var/folders/bq/wnhbwrkx4dx1q2c27c8v6wkh0000gp/T/d20250528-34223-1g68rg/sqlite-src-3450300/test/fts4onepass.test  
     inflating: /var/folders/bq/wnhbwrkx4dx1q2c27c8v6wkh0000gp/T/d20250528-34223-1g68rg/sqlite-src-3450300/test/trigger6.test  
     inflating: /var/folders/bq/wnhbwrkx4dx1q2c27c8v6wkh0000gp/T/d20250528-34223-1g68rg/sqlite-src-3450300/test/tkt-f7b4edec.test  
     inflating: /var/folders/bq/wnhbwrkx4dx1q2c27c8v6wkh0000gp/T/d20250528-34223-1g68rg/sqlite-src-3450300/test/crash3.test  
     inflating: /var/folders/bq/wnhbwrkx4dx1q2c27c8v6wkh0000gp/T/d20250528-34223-1g68rg/sqlite-src-3450300/test/full.test  
     inflating: /var/folders/bq/wnhbwrkx4dx1q2c27c8v6wkh0000gp/T/d20250528-34223-1g68rg/sqlite-src-3450300/test/vtab9.test  
     inflating: /var/folders/bq/wnhbwrkx4dx1q2c27c8v6wkh0000gp/T/d20250528-34223-1g68rg/sqlite-src-3450300/test/snapshot_fault.test  
     inflating: /var/folders/bq/wnhbwrkx4dx1q2c27c8v6wkh0000gp/T/d20250528-34223-1g68rg/sqlite-src-3450300/test/vacuum2.test  
     inflating: /var/folders/bq/wnhbwrkx4dx1q2c27c8v6wkh0000gp/T/d20250528-34223-1g68rg/sqlite-src-3450300/test/misc6.test  
     inflating: /var/folders/bq/wnhbwrkx4dx1q2c27c8v6wkh0000gp/T/d20250528-34223-1g68rg/sqlite-src-3450300/test/savepoint4.test  
     inflating: /var/folders/bq/wnhbwrkx4dx1q2c27c8v6wkh0000gp/T/d20250528-34223-1g68rg/sqlite-src-3450300/test/shell4.test  
     inflating: /var/folders/bq/wnhbwrkx4dx1q2c27c8v6wkh0000gp/T/d20250528-34223-1g68rg/sqlite-src-3450300/test/unionvtab.test  
     inflating: /var/folders/bq/wnhbwrkx4dx1q2c27c8v6wkh0000gp/T/d20250528-34223-1g68rg/sqlite-src-3450300/test/func5.test  
     inflating: /var/folders/bq/wnhbwrkx4dx1q2c27c8v6wkh0000gp/T/d20250528-34223-1g68rg/sqlite-src-3450300/test/altermalloc3.test  
     inflating: /var/folders/bq/wnhbwrkx4dx1q2c27c8v6wkh0000gp/T/d20250528-34223-1g68rg/sqlite-src-3450300/test/fts4upfrom.test  
     inflating: /var/folders/bq/wnhbwrkx4dx1q2c27c8v6wkh0000gp/T/d20250528-34223-1g68rg/sqlite-src-3450300/test/exclusive.test  
     inflating: /var/folders/bq/wnhbwrkx4dx1q2c27c8v6wkh0000gp/T/d20250528-34223-1g68rg/sqlite-src-3450300/test/loadext.test  
     inflating: /var/folders/bq/wnhbwrkx4dx1q2c27c8v6wkh0000gp/T/d20250528-34223-1g68rg/sqlite-src-3450300/test/tkt1449.test  
     inflating: /var/folders/bq/wnhbwrkx4dx1q2c27c8v6wkh0000gp/T/d20250528-34223-1g68rg/sqlite-src-3450300/test/threadtest1.c  
     inflating: /var/folders/bq/wnhbwrkx4dx1q2c27c8v6wkh0000gp/T/d20250528-34223-1g68rg/sqlite-src-3450300/test/collate2.test  
     inflating: /var/folders/bq/wnhbwrkx4dx1q2c27c8v6wkh0000gp/T/d20250528-34223-1g68rg/sqlite-src-3450300/test/tkt1536.test  
     inflating: /var/folders/bq/wnhbwrkx4dx1q2c27c8v6wkh0000gp/T/d20250528-34223-1g68rg/sqlite-src-3450300/test/tkt-31338dca7e.test  
     inflating: /var/folders/bq/wnhbwrkx4dx1q2c27c8v6wkh0000gp/T/d20250528-34223-1g68rg/sqlite-src-3450300/test/tkt2854.test  
     inflating: /var/folders/bq/wnhbwrkx4dx1q2c27c8v6wkh0000gp/T/d20250528-34223-1g68rg/sqlite-src-3450300/test/insert4.test  
     inflating: /var/folders/bq/wnhbwrkx4dx1q2c27c8v6wkh0000gp/T/d20250528-34223-1g68rg/sqlite-src-3450300/test/fuzzdata8.db  
     inflating: /var/folders/bq/wnhbwrkx4dx1q2c27c8v6wkh0000gp/T/d20250528-34223-1g68rg/sqlite-src-3450300/test/delete.test  
     inflating: /var/folders/bq/wnhbwrkx4dx1q2c27c8v6wkh0000gp/T/d20250528-34223-1g68rg/sqlite-src-3450300/test/tkt2920.test  
     inflating: /var/folders/bq/wnhbwrkx4dx1q2c27c8v6wkh0000gp/T/d20250528-34223-1g68rg/sqlite-src-3450300/test/upsert3.test  
     inflating: /var/folders/bq/wnhbwrkx4dx1q2c27c8v6wkh0000gp/T/d20250528-34223-1g68rg/sqlite-src-3450300/test/json103.test  
     inflating: /var/folders/bq/wnhbwrkx4dx1q2c27c8v6wkh0000gp/T/d20250528-34223-1g68rg/sqlite-src-3450300/test/widetab1.test  
     inflating: /var/folders/bq/wnhbwrkx4dx1q2c27c8v6wkh0000gp/T/d20250528-34223-1g68rg/sqlite-src-3450300/test/fuzz4.test  
     inflating: /var/folders/bq/wnhbwrkx4dx1q2c27c8v6wkh0000gp/T/d20250528-34223-1g68rg/sqlite-src-3450300/test/tkt-80ba201079.test  
     inflating: /var/folders/bq/wnhbwrkx4dx1q2c27c8v6wkh0000gp/T/d20250528-34223-1g68rg/sqlite-src-3450300/test/triggerF.test  
     inflating: /var/folders/bq/wnhbwrkx4dx1q2c27c8v6wkh0000gp/T/d20250528-34223-1g68rg/sqlite-src-3450300/test/rowvalue7.test  
     inflating: /var/folders/bq/wnhbwrkx4dx1q2c27c8v6wkh0000gp/T/d20250528-34223-1g68rg/sqlite-src-3450300/test/atomic.test  
     inflating: /var/folders/bq/wnhbwrkx4dx1q2c27c8v6wkh0000gp/T/d20250528-34223-1g68rg/sqlite-src-3450300/test/bind.test  
     inflating: /var/folders/bq/wnhbwrkx4dx1q2c27c8v6wkh0000gp/T/d20250528-34223-1g68rg/sqlite-src-3450300/test/boundary1.tcl  
     inflating: /var/folders/bq/wnhbwrkx4dx1q2c27c8v6wkh0000gp/T/d20250528-34223-1g68rg/sqlite-src-3450300/test/malloc8.test  
     inflating: /var/folders/bq/wnhbwrkx4dx1q2c27c8v6wkh0000gp/T/d20250528-34223-1g68rg/sqlite-src-3450300/test/tkt-4dd95f6943.test  
     inflating: /var/folders/bq/wnhbwrkx4dx1q2c27c8v6wkh0000gp/T/d20250528-34223-1g68rg/sqlite-src-3450300/test/normalize.test  
     inflating: /var/folders/bq/wnhbwrkx4dx1q2c27c8v6wkh0000gp/T/d20250528-34223-1g68rg/sqlite-src-3450300/test/vtab6.test  
     inflating: /var/folders/bq/wnhbwrkx4dx1q2c27c8v6wkh0000gp/T/d20250528-34223-1g68rg/sqlite-src-3450300/test/func7.test  
     inflating: /var/folders/bq/wnhbwrkx4dx1q2c27c8v6wkh0000gp/T/d20250528-34223-1g68rg/sqlite-src-3450300/test/tkt2409.test  
     inflating: /var/folders/bq/wnhbwrkx4dx1q2c27c8v6wkh0000gp/T/d20250528-34223-1g68rg/sqlite-src-3450300/test/memsubsys1.test  
     inflating: /var/folders/bq/wnhbwrkx4dx1q2c27c8v6wkh0000gp/T/d20250528-34223-1g68rg/sqlite-src-3450300/test/tkt2942.test  
     inflating: /var/folders/bq/wnhbwrkx4dx1q2c27c8v6wkh0000gp/T/d20250528-34223-1g68rg/sqlite-src-3450300/test/tkt-fc62af4523.test  
     inflating: /var/folders/bq/wnhbwrkx4dx1q2c27c8v6wkh0000gp/T/d20250528-34223-1g68rg/sqlite-src-3450300/test/bind2.test  
     inflating: /var/folders/bq/wnhbwrkx4dx1q2c27c8v6wkh0000gp/T/d20250528-34223-1g68rg/sqlite-src-3450300/test/savepoint7.test  
     inflating: /var/folders/bq/wnhbwrkx4dx1q2c27c8v6wkh0000gp/T/d20250528-34223-1g68rg/sqlite-src-3450300/test/alterauth2.test  
     inflating: /var/folders/bq/wnhbwrkx4dx1q2c27c8v6wkh0000gp/T/d20250528-34223-1g68rg/sqlite-src-3450300/test/notify1.test  
     inflating: /var/folders/bq/wnhbwrkx4dx1q2c27c8v6wkh0000gp/T/d20250528-34223-1g68rg/sqlite-src-3450300/test/fts3expr5.test  
     inflating: /var/folders/bq/wnhbwrkx4dx1q2c27c8v6wkh0000gp/T/d20250528-34223-1g68rg/sqlite-src-3450300/test/speed3.test  
     inflating: /var/folders/bq/wnhbwrkx4dx1q2c27c8v6wkh0000gp/T/d20250528-34223-1g68rg/sqlite-src-3450300/test/filter1.test  
     inflating: /var/folders/bq/wnhbwrkx4dx1q2c27c8v6wkh0000gp/T/d20250528-34223-1g68rg/sqlite-src-3450300/test/incrvacuum.test  
     inflating: /var/folders/bq/wnhbwrkx4dx1q2c27c8v6wkh0000gp/T/d20250528-34223-1g68rg/sqlite-src-3450300/test/tkt1667.test  
     inflating: /var/folders/bq/wnhbwrkx4dx1q2c27c8v6wkh0000gp/T/d20250528-34223-1g68rg/sqlite-src-3450300/test/analyze3.test  
     inflating: /var/folders/bq/wnhbwrkx4dx1q2c27c8v6wkh0000gp/T/d20250528-34223-1g68rg/sqlite-src-3450300/test/basexx1.test  
     inflating: /var/folders/bq/wnhbwrkx4dx1q2c27c8v6wkh0000gp/T/d20250528-34223-1g68rg/sqlite-src-3450300/test/affinity3.test  
     inflating: /var/folders/bq/wnhbwrkx4dx1q2c27c8v6wkh0000gp/T/d20250528-34223-1g68rg/sqlite-src-3450300/test/win32longpath.test  
     inflating: /var/folders/bq/wnhbwrkx4dx1q2c27c8v6wkh0000gp/T/d20250528-34223-1g68rg/sqlite-src-3450300/test/between.test  
     inflating: /var/folders/bq/wnhbwrkx4dx1q2c27c8v6wkh0000gp/T/d20250528-34223-1g68rg/sqlite-src-3450300/test/affinity2.test  
     inflating: /var/folders/bq/wnhbwrkx4dx1q2c27c8v6wkh0000gp/T/d20250528-34223-1g68rg/sqlite-src-3450300/test/seekscan1.test  
     inflating: /var/folders/bq/wnhbwrkx4dx1q2c27c8v6wkh0000gp/T/d20250528-34223-1g68rg/sqlite-src-3450300/test/fts3tok_err.test  
     inflating: /var/folders/bq/wnhbwrkx4dx1q2c27c8v6wkh0000gp/T/d20250528-34223-1g68rg/sqlite-src-3450300/test/trigger1.test  
     inflating: /var/folders/bq/wnhbwrkx4dx1q2c27c8v6wkh0000gp/T/d20250528-34223-1g68rg/sqlite-src-3450300/test/shell7.test  
     inflating: /var/folders/bq/wnhbwrkx4dx1q2c27c8v6wkh0000gp/T/d20250528-34223-1g68rg/sqlite-src-3450300/test/corruptC.test  
     inflating: /var/folders/bq/wnhbwrkx4dx1q2c27c8v6wkh0000gp/T/d20250528-34223-1g68rg/sqlite-src-3450300/test/trace2.test  
     inflating: /var/folders/bq/wnhbwrkx4dx1q2c27c8v6wkh0000gp/T/d20250528-34223-1g68rg/sqlite-src-3450300/test/tkt3879.test  
     inflating: /var/folders/bq/wnhbwrkx4dx1q2c27c8v6wkh0000gp/T/d20250528-34223-1g68rg/sqlite-src-3450300/test/select2.test  
     inflating: /var/folders/bq/wnhbwrkx4dx1q2c27c8v6wkh0000gp/T/d20250528-34223-1g68rg/sqlite-src-3450300/test/collate8.test  
     inflating: /var/folders/bq/wnhbwrkx4dx1q2c27c8v6wkh0000gp/T/d20250528-34223-1g68rg/sqlite-src-3450300/test/statfault.test  
     inflating: /var/folders/bq/wnhbwrkx4dx1q2c27c8v6wkh0000gp/T/d20250528-34223-1g68rg/sqlite-src-3450300/test/fts3aj.test  
     inflating: /var/folders/bq/wnhbwrkx4dx1q2c27c8v6wkh0000gp/T/d20250528-34223-1g68rg/sqlite-src-3450300/test/e_update.test  
     inflating: /var/folders/bq/wnhbwrkx4dx1q2c27c8v6wkh0000gp/T/d20250528-34223-1g68rg/sqlite-src-3450300/test/crash.test  
     inflating: /var/folders/bq/wnhbwrkx4dx1q2c27c8v6wkh0000gp/T/d20250528-34223-1g68rg/sqlite-src-3450300/test/enc4.test  
     inflating: /var/folders/bq/wnhbwrkx4dx1q2c27c8v6wkh0000gp/T/d20250528-34223-1g68rg/sqlite-src-3450300/test/fts3defer3.test  
     inflating: /var/folders/bq/wnhbwrkx4dx1q2c27c8v6wkh0000gp/T/d20250528-34223-1g68rg/sqlite-src-3450300/test/fts3cov.test  
     inflating: /var/folders/bq/wnhbwrkx4dx1q2c27c8v6wkh0000gp/T/d20250528-34223-1g68rg/sqlite-src-3450300/test/thread004.test  
     inflating: /var/folders/bq/wnhbwrkx4dx1q2c27c8v6wkh0000gp/T/d20250528-34223-1g68rg/sqlite-src-3450300/test/strict1.test  
     inflating: /var/folders/bq/wnhbwrkx4dx1q2c27c8v6wkh0000gp/T/d20250528-34223-1g68rg/sqlite-src-3450300/test/crash2.test  
     inflating: /var/folders/bq/wnhbwrkx4dx1q2c27c8v6wkh0000gp/T/d20250528-34223-1g68rg/sqlite-src-3450300/test/e_uri.test  
     inflating: /var/folders/bq/wnhbwrkx4dx1q2c27c8v6wkh0000gp/T/d20250528-34223-1g68rg/sqlite-src-3450300/test/quick.test  
     inflating: /var/folders/bq/wnhbwrkx4dx1q2c27c8v6wkh0000gp/T/d20250528-34223-1g68rg/sqlite-src-3450300/test/atof1.test  
     inflating: /var/folders/bq/wnhbwrkx4dx1q2c27c8v6wkh0000gp/T/d20250528-34223-1g68rg/sqlite-src-3450300/test/fuzz_malloc.test  
     inflating: /var/folders/bq/wnhbwrkx4dx1q2c27c8v6wkh0000gp/T/d20250528-34223-1g68rg/sqlite-src-3450300/test/alter3.test  
     inflating: /var/folders/bq/wnhbwrkx4dx1q2c27c8v6wkh0000gp/T/d20250528-34223-1g68rg/sqlite-src-3450300/test/tt3_stress.c  
     inflating: /var/folders/bq/wnhbwrkx4dx1q2c27c8v6wkh0000gp/T/d20250528-34223-1g68rg/sqlite-src-3450300/test/userauth01.test  
     inflating: /var/folders/bq/wnhbwrkx4dx1q2c27c8v6wkh0000gp/T/d20250528-34223-1g68rg/sqlite-src-3450300/test/dbpage.test  
     inflating: /var/folders/bq/wnhbwrkx4dx1q2c27c8v6wkh0000gp/T/d20250528-34223-1g68rg/sqlite-src-3450300/test/timediff1.test  
     inflating: /var/folders/bq/wnhbwrkx4dx1q2c27c8v6wkh0000gp/T/d20250528-34223-1g68rg/sqlite-src-3450300/test/tkt3918.test  
     inflating: /var/folders/bq/wnhbwrkx4dx1q2c27c8v6wkh0000gp/T/d20250528-34223-1g68rg/sqlite-src-3450300/test/without_rowid4.test  
      creating: /private/var/folders/bq/wnhbwrkx4dx1q2c27c8v6wkh0000gp/T/d20250528-34223-1g68rg/sqlite-src-3450300/test/json
     inflating: /var/folders/bq/wnhbwrkx4dx1q2c27c8v6wkh0000gp/T/d20250528-34223-1g68rg/sqlite-src-3450300/test/json/json-speed-check.sh  
     inflating: /var/folders/bq/wnhbwrkx4dx1q2c27c8v6wkh0000gp/T/d20250528-34223-1g68rg/sqlite-src-3450300/test/json/jsonb-q1.txt  
     inflating: /var/folders/bq/wnhbwrkx4dx1q2c27c8v6wkh0000gp/T/d20250528-34223-1g68rg/sqlite-src-3450300/test/json/json-generator.tcl  
     inflating: /var/folders/bq/wnhbwrkx4dx1q2c27c8v6wkh0000gp/T/d20250528-34223-1g68rg/sqlite-src-3450300/test/json/json-q1.txt  
     inflating: /var/folders/bq/wnhbwrkx4dx1q2c27c8v6wkh0000gp/T/d20250528-34223-1g68rg/sqlite-src-3450300/test/json/README.md  
     inflating: /var/folders/bq/wnhbwrkx4dx1q2c27c8v6wkh0000gp/T/d20250528-34223-1g68rg/sqlite-src-3450300/test/delete3.test  
     inflating: /var/folders/bq/wnhbwrkx4dx1q2c27c8v6wkh0000gp/T/d20250528-34223-1g68rg/sqlite-src-3450300/test/wal2.test  
     inflating: /var/folders/bq/wnhbwrkx4dx1q2c27c8v6wkh0000gp/T/d20250528-34223-1g68rg/sqlite-src-3450300/test/filter2.tcl  
     inflating: /var/folders/bq/wnhbwrkx4dx1q2c27c8v6wkh0000gp/T/d20250528-34223-1g68rg/sqlite-src-3450300/test/joinA.test  
     inflating: /var/folders/bq/wnhbwrkx4dx1q2c27c8v6wkh0000gp/T/d20250528-34223-1g68rg/sqlite-src-3450300/test/rollbackfault.test  
     inflating: /var/folders/bq/wnhbwrkx4dx1q2c27c8v6wkh0000gp/T/d20250528-34223-1g68rg/sqlite-src-3450300/test/io.test  
     inflating: /var/folders/bq/wnhbwrkx4dx1q2c27c8v6wkh0000gp/T/d20250528-34223-1g68rg/sqlite-src-3450300/test/notnull.test  
     inflating: /var/folders/bq/wnhbwrkx4dx1q2c27c8v6wkh0000gp/T/d20250528-34223-1g68rg/sqlite-src-3450300/test/boundary2.tcl  
     inflating: /var/folders/bq/wnhbwrkx4dx1q2c27c8v6wkh0000gp/T/d20250528-34223-1g68rg/sqlite-src-3450300/test/ioerr6.test  
     inflating: /var/folders/bq/wnhbwrkx4dx1q2c27c8v6wkh0000gp/T/d20250528-34223-1g68rg/sqlite-src-3450300/test/ioerr.test  
     inflating: /var/folders/bq/wnhbwrkx4dx1q2c27c8v6wkh0000gp/T/d20250528-34223-1g68rg/sqlite-src-3450300/test/snapshot3.test  
     inflating: /var/folders/bq/wnhbwrkx4dx1q2c27c8v6wkh0000gp/T/d20250528-34223-1g68rg/sqlite-src-3450300/test/fuzzerfault.test  
     inflating: /var/folders/bq/wnhbwrkx4dx1q2c27c8v6wkh0000gp/T/d20250528-34223-1g68rg/sqlite-src-3450300/test/backup.test  
     inflating: /var/folders/bq/wnhbwrkx4dx1q2c27c8v6wkh0000gp/T/d20250528-34223-1g68rg/sqlite-src-3450300/test/enc3.test  
     inflating: /var/folders/bq/wnhbwrkx4dx1q2c27c8v6wkh0000gp/T/d20250528-34223-1g68rg/sqlite-src-3450300/test/vtabK.test  
     inflating: /var/folders/bq/wnhbwrkx4dx1q2c27c8v6wkh0000gp/T/d20250528-34223-1g68rg/sqlite-src-3450300/test/notnullfault.test  
     inflating: /var/folders/bq/wnhbwrkx4dx1q2c27c8v6wkh0000gp/T/d20250528-34223-1g68rg/sqlite-src-3450300/test/thread001.test  
     inflating: /var/folders/bq/wnhbwrkx4dx1q2c27c8v6wkh0000gp/T/d20250528-34223-1g68rg/sqlite-src-3450300/test/tableapi.test  
     inflating: /var/folders/bq/wnhbwrkx4dx1q2c27c8v6wkh0000gp/T/d20250528-34223-1g68rg/sqlite-src-3450300/test/tkt3424.test  
     inflating: /var/folders/bq/wnhbwrkx4dx1q2c27c8v6wkh0000gp/T/d20250528-34223-1g68rg/sqlite-src-3450300/test/snapshot.test  
     inflating: /var/folders/bq/wnhbwrkx4dx1q2c27c8v6wkh0000gp/T/d20250528-34223-1g68rg/sqlite-src-3450300/test/bigfile2.test  
     inflating: /var/folders/bq/wnhbwrkx4dx1q2c27c8v6wkh0000gp/T/d20250528-34223-1g68rg/sqlite-src-3450300/test/whereF.test  
     inflating: /var/folders/bq/wnhbwrkx4dx1q2c27c8v6wkh0000gp/T/d20250528-34223-1g68rg/sqlite-src-3450300/test/join2.test  
     inflating: /var/folders/bq/wnhbwrkx4dx1q2c27c8v6wkh0000gp/T/d20250528-34223-1g68rg/sqlite-src-3450300/test/tkt3793.test  
     inflating: /var/folders/bq/wnhbwrkx4dx1q2c27c8v6wkh0000gp/T/d20250528-34223-1g68rg/sqlite-src-3450300/test/date2.test  
     inflating: /var/folders/bq/wnhbwrkx4dx1q2c27c8v6wkh0000gp/T/d20250528-34223-1g68rg/sqlite-src-3450300/test/speed1p.explain  
     inflating: /var/folders/bq/wnhbwrkx4dx1q2c27c8v6wkh0000gp/T/d20250528-34223-1g68rg/sqlite-src-3450300/test/securedel.test  
     inflating: /var/folders/bq/wnhbwrkx4dx1q2c27c8v6wkh0000gp/T/d20250528-34223-1g68rg/sqlite-src-3450300/test/main.test  
     inflating: /var/folders/bq/wnhbwrkx4dx1q2c27c8v6wkh0000gp/T/d20250528-34223-1g68rg/sqlite-src-3450300/test/trace.test  
     inflating: /var/folders/bq/wnhbwrkx4dx1q2c27c8v6wkh0000gp/T/d20250528-34223-1g68rg/sqlite-src-3450300/test/autoindex4.test  
     inflating: /var/folders/bq/wnhbwrkx4dx1q2c27c8v6wkh0000gp/T/d20250528-34223-1g68rg/sqlite-src-3450300/test/alter4.test  
     inflating: /var/folders/bq/wnhbwrkx4dx1q2c27c8v6wkh0000gp/T/d20250528-34223-1g68rg/sqlite-src-3450300/test/malloc6.test  
     inflating: /var/folders/bq/wnhbwrkx4dx1q2c27c8v6wkh0000gp/T/d20250528-34223-1g68rg/sqlite-src-3450300/test/tkt-b75a9ca6b0.test  
     inflating: /var/folders/bq/wnhbwrkx4dx1q2c27c8v6wkh0000gp/T/d20250528-34223-1g68rg/sqlite-src-3450300/test/backup2.test  
     inflating: /var/folders/bq/wnhbwrkx4dx1q2c27c8v6wkh0000gp/T/d20250528-34223-1g68rg/sqlite-src-3450300/test/withM.test  
     inflating: /var/folders/bq/wnhbwrkx4dx1q2c27c8v6wkh0000gp/T/d20250528-34223-1g68rg/sqlite-src-3450300/test/badutf.test  
     inflating: /var/folders/bq/wnhbwrkx4dx1q2c27c8v6wkh0000gp/T/d20250528-34223-1g68rg/sqlite-src-3450300/test/incrblob.test  
     inflating: /var/folders/bq/wnhbwrkx4dx1q2c27c8v6wkh0000gp/T/d20250528-34223-1g68rg/sqlite-src-3450300/test/alter.test  
     inflating: /var/folders/bq/wnhbwrkx4dx1q2c27c8v6wkh0000gp/T/d20250528-34223-1g68rg/sqlite-src-3450300/test/fts3_common.tcl  
     inflating: /var/folders/bq/wnhbwrkx4dx1q2c27c8v6wkh0000gp/T/d20250528-34223-1g68rg/sqlite-src-3450300/test/subquery.test  
     inflating: /var/folders/bq/wnhbwrkx4dx1q2c27c8v6wkh0000gp/T/d20250528-34223-1g68rg/sqlite-src-3450300/test/crash5.test  
     inflating: /var/folders/bq/wnhbwrkx4dx1q2c27c8v6wkh0000gp/T/d20250528-34223-1g68rg/sqlite-src-3450300/test/window3.test  
     inflating: /var/folders/bq/wnhbwrkx4dx1q2c27c8v6wkh0000gp/T/d20250528-34223-1g68rg/sqlite-src-3450300/test/sort5.test  
     inflating: /var/folders/bq/wnhbwrkx4dx1q2c27c8v6wkh0000gp/T/d20250528-34223-1g68rg/sqlite-src-3450300/test/fts3ak.test  
     inflating: /var/folders/bq/wnhbwrkx4dx1q2c27c8v6wkh0000gp/T/d20250528-34223-1g68rg/sqlite-src-3450300/test/e_delete.test  
     inflating: /var/folders/bq/wnhbwrkx4dx1q2c27c8v6wkh0000gp/T/d20250528-34223-1g68rg/sqlite-src-3450300/test/wherelimit.test  
     inflating: /var/folders/bq/wnhbwrkx4dx1q2c27c8v6wkh0000gp/T/d20250528-34223-1g68rg/sqlite-src-3450300/test/upfromfault.test  
     inflating: /var/folders/bq/wnhbwrkx4dx1q2c27c8v6wkh0000gp/T/d20250528-34223-1g68rg/sqlite-src-3450300/test/joinC.test  
     inflating: /var/folders/bq/wnhbwrkx4dx1q2c27c8v6wkh0000gp/T/d20250528-34223-1g68rg/sqlite-src-3450300/test/tkt3298.test  
     inflating: /var/folders/bq/wnhbwrkx4dx1q2c27c8v6wkh0000gp/T/d20250528-34223-1g68rg/sqlite-src-3450300/test/emptytable.test  
     inflating: /var/folders/bq/wnhbwrkx4dx1q2c27c8v6wkh0000gp/T/d20250528-34223-1g68rg/sqlite-src-3450300/test/vtab_shared.test  
     inflating: /var/folders/bq/wnhbwrkx4dx1q2c27c8v6wkh0000gp/T/d20250528-34223-1g68rg/sqlite-src-3450300/test/aggorderby.test  
     inflating: /var/folders/bq/wnhbwrkx4dx1q2c27c8v6wkh0000gp/T/d20250528-34223-1g68rg/sqlite-src-3450300/test/bindxfer.test  
     inflating: /var/folders/bq/wnhbwrkx4dx1q2c27c8v6wkh0000gp/T/d20250528-34223-1g68rg/sqlite-src-3450300/test/incrcorrupt.test  
     inflating: /var/folders/bq/wnhbwrkx4dx1q2c27c8v6wkh0000gp/T/d20250528-34223-1g68rg/sqlite-src-3450300/test/vtab_alter.test  
     inflating: /var/folders/bq/wnhbwrkx4dx1q2c27c8v6wkh0000gp/T/d20250528-34223-1g68rg/sqlite-src-3450300/test/spellfix3.test  
     inflating: /var/folders/bq/wnhbwrkx4dx1q2c27c8v6wkh0000gp/T/d20250528-34223-1g68rg/sqlite-src-3450300/test/btreefault.test  
     inflating: /var/folders/bq/wnhbwrkx4dx1q2c27c8v6wkh0000gp/T/d20250528-34223-1g68rg/sqlite-src-3450300/test/selectE.test  
     inflating: /var/folders/bq/wnhbwrkx4dx1q2c27c8v6wkh0000gp/T/d20250528-34223-1g68rg/sqlite-src-3450300/test/vtabC.test  
     inflating: /var/folders/bq/wnhbwrkx4dx1q2c27c8v6wkh0000gp/T/d20250528-34223-1g68rg/sqlite-src-3450300/test/ctime.test  
     inflating: /var/folders/bq/wnhbwrkx4dx1q2c27c8v6wkh0000gp/T/d20250528-34223-1g68rg/sqlite-src-3450300/test/memsubsys2.test  
     inflating: /var/folders/bq/wnhbwrkx4dx1q2c27c8v6wkh0000gp/T/d20250528-34223-1g68rg/sqlite-src-3450300/test/fts4aa.test  
     inflating: /var/folders/bq/wnhbwrkx4dx1q2c27c8v6wkh0000gp/T/d20250528-34223-1g68rg/sqlite-src-3450300/test/check.test  
     inflating: /var/folders/bq/wnhbwrkx4dx1q2c27c8v6wkh0000gp/T/d20250528-34223-1g68rg/sqlite-src-3450300/test/json106.test  
     inflating: /var/folders/bq/wnhbwrkx4dx1q2c27c8v6wkh0000gp/T/d20250528-34223-1g68rg/sqlite-src-3450300/test/rowhash.test  
     inflating: /var/folders/bq/wnhbwrkx4dx1q2c27c8v6wkh0000gp/T/d20250528-34223-1g68rg/sqlite-src-3450300/test/tkt-2a5629202f.test  
     inflating: /var/folders/bq/wnhbwrkx4dx1q2c27c8v6wkh0000gp/T/d20250528-34223-1g68rg/sqlite-src-3450300/test/analyze8.test  
     inflating: /var/folders/bq/wnhbwrkx4dx1q2c27c8v6wkh0000gp/T/d20250528-34223-1g68rg/sqlite-src-3450300/test/stmt.test  
     inflating: /var/folders/bq/wnhbwrkx4dx1q2c27c8v6wkh0000gp/T/d20250528-34223-1g68rg/sqlite-src-3450300/test/distinct.test  
     inflating: /var/folders/bq/wnhbwrkx4dx1q2c27c8v6wkh0000gp/T/d20250528-34223-1g68rg/sqlite-src-3450300/test/tkt1443.test  
     inflating: /var/folders/bq/wnhbwrkx4dx1q2c27c8v6wkh0000gp/T/d20250528-34223-1g68rg/sqlite-src-3450300/test/fts3corrupt5.test  
     inflating: /var/folders/bq/wnhbwrkx4dx1q2c27c8v6wkh0000gp/T/d20250528-34223-1g68rg/sqlite-src-3450300/test/blob.test  
     inflating: /var/folders/bq/wnhbwrkx4dx1q2c27c8v6wkh0000gp/T/d20250528-34223-1g68rg/sqlite-src-3450300/test/fts3expr3.test  
     inflating: /var/folders/bq/wnhbwrkx4dx1q2c27c8v6wkh0000gp/T/d20250528-34223-1g68rg/sqlite-src-3450300/test/vtabrhs1.test  
     inflating: /var/folders/bq/wnhbwrkx4dx1q2c27c8v6wkh0000gp/T/d20250528-34223-1g68rg/sqlite-src-3450300/test/shrink.test  
     inflating: /var/folders/bq/wnhbwrkx4dx1q2c27c8v6wkh0000gp/T/d20250528-34223-1g68rg/sqlite-src-3450300/test/format4.test  
     inflating: /var/folders/bq/wnhbwrkx4dx1q2c27c8v6wkh0000gp/T/d20250528-34223-1g68rg/sqlite-src-3450300/test/mjournal.test  
     inflating: /var/folders/bq/wnhbwrkx4dx1q2c27c8v6wkh0000gp/T/d20250528-34223-1g68rg/sqlite-src-3450300/test/misc4.test  
     inflating: /var/folders/bq/wnhbwrkx4dx1q2c27c8v6wkh0000gp/T/d20250528-34223-1g68rg/sqlite-src-3450300/test/extraquick.test  
     inflating: /var/folders/bq/wnhbwrkx4dx1q2c27c8v6wkh0000gp/T/d20250528-34223-1g68rg/sqlite-src-3450300/test/trans2.test  
     inflating: /var/folders/bq/wnhbwrkx4dx1q2c27c8v6wkh0000gp/T/d20250528-34223-1g68rg/sqlite-src-3450300/test/corruptH.test  
     inflating: /var/folders/bq/wnhbwrkx4dx1q2c27c8v6wkh0000gp/T/d20250528-34223-1g68rg/sqlite-src-3450300/test/e_droptrigger.test  
     inflating: /var/folders/bq/wnhbwrkx4dx1q2c27c8v6wkh0000gp/T/d20250528-34223-1g68rg/sqlite-src-3450300/test/like2.test  
     inflating: /var/folders/bq/wnhbwrkx4dx1q2c27c8v6wkh0000gp/T/d20250528-34223-1g68rg/sqlite-src-3450300/test/tkt2450.test  
     inflating: /var/folders/bq/wnhbwrkx4dx1q2c27c8v6wkh0000gp/T/d20250528-34223-1g68rg/sqlite-src-3450300/test/rowvalue4.test  
     inflating: /var/folders/bq/wnhbwrkx4dx1q2c27c8v6wkh0000gp/T/d20250528-34223-1g68rg/sqlite-src-3450300/test/diskfull.test  
     inflating: /var/folders/bq/wnhbwrkx4dx1q2c27c8v6wkh0000gp/T/d20250528-34223-1g68rg/sqlite-src-3450300/test/tkt-78e04e52ea.test  
     inflating: /var/folders/bq/wnhbwrkx4dx1q2c27c8v6wkh0000gp/T/d20250528-34223-1g68rg/sqlite-src-3450300/test/func2.test  
     inflating: /var/folders/bq/wnhbwrkx4dx1q2c27c8v6wkh0000gp/T/d20250528-34223-1g68rg/sqlite-src-3450300/test/corruptM.test  
     inflating: /var/folders/bq/wnhbwrkx4dx1q2c27c8v6wkh0000gp/T/d20250528-34223-1g68rg/sqlite-src-3450300/test/gcfault.test  
     inflating: /var/folders/bq/wnhbwrkx4dx1q2c27c8v6wkh0000gp/T/d20250528-34223-1g68rg/sqlite-src-3450300/test/speed2.test  
     inflating: /var/folders/bq/wnhbwrkx4dx1q2c27c8v6wkh0000gp/T/d20250528-34223-1g68rg/sqlite-src-3450300/test/orderby3.test  
     inflating: /var/folders/bq/wnhbwrkx4dx1q2c27c8v6wkh0000gp/T/d20250528-34223-1g68rg/sqlite-src-3450300/test/savepoint6.test  
     inflating: /var/folders/bq/wnhbwrkx4dx1q2c27c8v6wkh0000gp/T/d20250528-34223-1g68rg/sqlite-src-3450300/test/tkt-d635236375.test  
     inflating: /var/folders/bq/wnhbwrkx4dx1q2c27c8v6wkh0000gp/T/d20250528-34223-1g68rg/sqlite-src-3450300/test/e_blobclose.test  
     inflating: /var/folders/bq/wnhbwrkx4dx1q2c27c8v6wkh0000gp/T/d20250528-34223-1g68rg/sqlite-src-3450300/test/lock7.test  
     inflating: /var/folders/bq/wnhbwrkx4dx1q2c27c8v6wkh0000gp/T/d20250528-34223-1g68rg/sqlite-src-3450300/test/eval.test  
     inflating: /var/folders/bq/wnhbwrkx4dx1q2c27c8v6wkh0000gp/T/d20250528-34223-1g68rg/sqlite-src-3450300/test/shell3.test  
     inflating: /var/folders/bq/wnhbwrkx4dx1q2c27c8v6wkh0000gp/T/d20250528-34223-1g68rg/sqlite-src-3450300/test/numindex1.test  
     inflating: /var/folders/bq/wnhbwrkx4dx1q2c27c8v6wkh0000gp/T/d20250528-34223-1g68rg/sqlite-src-3450300/test/attach.test  
     inflating: /var/folders/bq/wnhbwrkx4dx1q2c27c8v6wkh0000gp/T/d20250528-34223-1g68rg/sqlite-src-3450300/test/tkt-f973c7ac31.test  
     inflating: /var/folders/bq/wnhbwrkx4dx1q2c27c8v6wkh0000gp/T/d20250528-34223-1g68rg/sqlite-src-3450300/test/fts3ab.test  
     inflating: /var/folders/bq/wnhbwrkx4dx1q2c27c8v6wkh0000gp/T/d20250528-34223-1g68rg/sqlite-src-3450300/test/corruptG.test  
     inflating: /var/folders/bq/wnhbwrkx4dx1q2c27c8v6wkh0000gp/T/d20250528-34223-1g68rg/sqlite-src-3450300/test/walprotocol2.test  
     inflating: /var/folders/bq/wnhbwrkx4dx1q2c27c8v6wkh0000gp/T/d20250528-34223-1g68rg/sqlite-src-3450300/test/insert.test  
     inflating: /var/folders/bq/wnhbwrkx4dx1q2c27c8v6wkh0000gp/T/d20250528-34223-1g68rg/sqlite-src-3450300/test/fuzz-oss1.test  
     inflating: /var/folders/bq/wnhbwrkx4dx1q2c27c8v6wkh0000gp/T/d20250528-34223-1g68rg/sqlite-src-3450300/test/upsertfault.test  
     inflating: /var/folders/bq/wnhbwrkx4dx1q2c27c8v6wkh0000gp/T/d20250528-34223-1g68rg/sqlite-src-3450300/test/vtab7.test  
     inflating: /var/folders/bq/wnhbwrkx4dx1q2c27c8v6wkh0000gp/T/d20250528-34223-1g68rg/sqlite-src-3450300/test/fkey_malloc.test  
     inflating: /var/folders/bq/wnhbwrkx4dx1q2c27c8v6wkh0000gp/T/d20250528-34223-1g68rg/sqlite-src-3450300/test/corrupt.test  
     inflating: /var/folders/bq/wnhbwrkx4dx1q2c27c8v6wkh0000gp/T/d20250528-34223-1g68rg/sqlite-src-3450300/test/sqllog.test  
     inflating: /var/folders/bq/wnhbwrkx4dx1q2c27c8v6wkh0000gp/T/d20250528-34223-1g68rg/sqlite-src-3450300/test/join9.test  
     inflating: /var/folders/bq/wnhbwrkx4dx1q2c27c8v6wkh0000gp/T/d20250528-34223-1g68rg/sqlite-src-3450300/test/join3.test  
     inflating: /var/folders/bq/wnhbwrkx4dx1q2c27c8v6wkh0000gp/T/d20250528-34223-1g68rg/sqlite-src-3450300/test/sharedB.test  
     inflating: /var/folders/bq/wnhbwrkx4dx1q2c27c8v6wkh0000gp/T/d20250528-34223-1g68rg/sqlite-src-3450300/test/speedtest1.c  
     inflating: /var/folders/bq/wnhbwrkx4dx1q2c27c8v6wkh0000gp/T/d20250528-34223-1g68rg/sqlite-src-3450300/test/where9.test  
     inflating: /var/folders/bq/wnhbwrkx4dx1q2c27c8v6wkh0000gp/T/d20250528-34223-1g68rg/sqlite-src-3450300/test/trans3.test  
     inflating: /var/folders/bq/wnhbwrkx4dx1q2c27c8v6wkh0000gp/T/d20250528-34223-1g68rg/sqlite-src-3450300/test/stat.test  
     inflating: /var/folders/bq/wnhbwrkx4dx1q2c27c8v6wkh0000gp/T/d20250528-34223-1g68rg/sqlite-src-3450300/test/fuzz_common.tcl  
     inflating: /var/folders/bq/wnhbwrkx4dx1q2c27c8v6wkh0000gp/T/d20250528-34223-1g68rg/sqlite-src-3450300/test/walvfs.test  
     inflating: /var/folders/bq/wnhbwrkx4dx1q2c27c8v6wkh0000gp/T/d20250528-34223-1g68rg/sqlite-src-3450300/test/descidx2.test  
     inflating: /var/folders/bq/wnhbwrkx4dx1q2c27c8v6wkh0000gp/T/d20250528-34223-1g68rg/sqlite-src-3450300/test/fuzzdata1.db  
     inflating: /var/folders/bq/wnhbwrkx4dx1q2c27c8v6wkh0000gp/T/d20250528-34223-1g68rg/sqlite-src-3450300/test/view3.test  
     inflating: /var/folders/bq/wnhbwrkx4dx1q2c27c8v6wkh0000gp/T/d20250528-34223-1g68rg/sqlite-src-3450300/test/zipfilefault.test  
     inflating: /var/folders/bq/wnhbwrkx4dx1q2c27c8v6wkh0000gp/T/d20250528-34223-1g68rg/sqlite-src-3450300/test/tkt2643.test  
     inflating: /var/folders/bq/wnhbwrkx4dx1q2c27c8v6wkh0000gp/T/d20250528-34223-1g68rg/sqlite-src-3450300/test/fts3aa.test  
     inflating: /var/folders/bq/wnhbwrkx4dx1q2c27c8v6wkh0000gp/T/d20250528-34223-1g68rg/sqlite-src-3450300/test/like3.test  
     inflating: /var/folders/bq/wnhbwrkx4dx1q2c27c8v6wkh0000gp/T/d20250528-34223-1g68rg/sqlite-src-3450300/test/eqp.test  
     inflating: /var/folders/bq/wnhbwrkx4dx1q2c27c8v6wkh0000gp/T/d20250528-34223-1g68rg/sqlite-src-3450300/test/walcrash2.test  
     inflating: /var/folders/bq/wnhbwrkx4dx1q2c27c8v6wkh0000gp/T/d20250528-34223-1g68rg/sqlite-src-3450300/test/window5.test  
     inflating: /var/folders/bq/wnhbwrkx4dx1q2c27c8v6wkh0000gp/T/d20250528-34223-1g68rg/sqlite-src-3450300/test/tkt-3998683a16.test  
     inflating: /var/folders/bq/wnhbwrkx4dx1q2c27c8v6wkh0000gp/T/d20250528-34223-1g68rg/sqlite-src-3450300/test/vtabdrop.test  
     inflating: /var/folders/bq/wnhbwrkx4dx1q2c27c8v6wkh0000gp/T/d20250528-34223-1g68rg/sqlite-src-3450300/test/autoinc.test  
     inflating: /var/folders/bq/wnhbwrkx4dx1q2c27c8v6wkh0000gp/T/d20250528-34223-1g68rg/sqlite-src-3450300/test/whereI.test  
     inflating: /var/folders/bq/wnhbwrkx4dx1q2c27c8v6wkh0000gp/T/d20250528-34223-1g68rg/sqlite-src-3450300/test/malloc7.test  
     inflating: /var/folders/bq/wnhbwrkx4dx1q2c27c8v6wkh0000gp/T/d20250528-34223-1g68rg/sqlite-src-3450300/test/boundary3.tcl  
     inflating: /var/folders/bq/wnhbwrkx4dx1q2c27c8v6wkh0000gp/T/d20250528-34223-1g68rg/sqlite-src-3450300/test/bestindex2.test  
     inflating: /var/folders/bq/wnhbwrkx4dx1q2c27c8v6wkh0000gp/T/d20250528-34223-1g68rg/sqlite-src-3450300/test/json104.test  
     inflating: /var/folders/bq/wnhbwrkx4dx1q2c27c8v6wkh0000gp/T/d20250528-34223-1g68rg/sqlite-src-3450300/test/pragma2.test  
     inflating: /var/folders/bq/wnhbwrkx4dx1q2c27c8v6wkh0000gp/T/d20250528-34223-1g68rg/sqlite-src-3450300/test/tkt-5d863f876e.test  
     inflating: /var/folders/bq/wnhbwrkx4dx1q2c27c8v6wkh0000gp/T/d20250528-34223-1g68rg/sqlite-src-3450300/test/walblock.test  
     inflating: /var/folders/bq/wnhbwrkx4dx1q2c27c8v6wkh0000gp/T/d20250528-34223-1g68rg/sqlite-src-3450300/test/cursorhint.test  
     inflating: /var/folders/bq/wnhbwrkx4dx1q2c27c8v6wkh0000gp/T/d20250528-34223-1g68rg/sqlite-src-3450300/test/corruptI.test  
     inflating: /var/folders/bq/wnhbwrkx4dx1q2c27c8v6wkh0000gp/T/d20250528-34223-1g68rg/sqlite-src-3450300/test/joinH.test  
     inflating: /var/folders/bq/wnhbwrkx4dx1q2c27c8v6wkh0000gp/T/d20250528-34223-1g68rg/sqlite-src-3450300/test/tkt3121.test  
     inflating: /var/folders/bq/wnhbwrkx4dx1q2c27c8v6wkh0000gp/T/d20250528-34223-1g68rg/sqlite-src-3450300/test/cache.test  
     inflating: /var/folders/bq/wnhbwrkx4dx1q2c27c8v6wkh0000gp/T/d20250528-34223-1g68rg/sqlite-src-3450300/test/whereL.test  
     inflating: /var/folders/bq/wnhbwrkx4dx1q2c27c8v6wkh0000gp/T/d20250528-34223-1g68rg/sqlite-src-3450300/test/subtype1.test  
     inflating: /var/folders/bq/wnhbwrkx4dx1q2c27c8v6wkh0000gp/T/d20250528-34223-1g68rg/sqlite-src-3450300/test/collate5.test  
     inflating: /var/folders/bq/wnhbwrkx4dx1q2c27c8v6wkh0000gp/T/d20250528-34223-1g68rg/sqlite-src-3450300/test/unionvtabfault.test  
     inflating: /var/folders/bq/wnhbwrkx4dx1q2c27c8v6wkh0000gp/T/d20250528-34223-1g68rg/sqlite-src-3450300/test/count.test  
     inflating: /var/folders/bq/wnhbwrkx4dx1q2c27c8v6wkh0000gp/T/d20250528-34223-1g68rg/sqlite-src-3450300/test/without_rowid6.test  
     inflating: /var/folders/bq/wnhbwrkx4dx1q2c27c8v6wkh0000gp/T/d20250528-34223-1g68rg/sqlite-src-3450300/test/corruptA.test  
     inflating: /var/folders/bq/wnhbwrkx4dx1q2c27c8v6wkh0000gp/T/d20250528-34223-1g68rg/sqlite-src-3450300/test/autoanalyze1.test  
     inflating: /var/folders/bq/wnhbwrkx4dx1q2c27c8v6wkh0000gp/T/d20250528-34223-1g68rg/sqlite-src-3450300/test/fuzzdata4.db  
     inflating: /var/folders/bq/wnhbwrkx4dx1q2c27c8v6wkh0000gp/T/d20250528-34223-1g68rg/sqlite-src-3450300/test/with6.test  
     inflating: /var/folders/bq/wnhbwrkx4dx1q2c27c8v6wkh0000gp/T/d20250528-34223-1g68rg/sqlite-src-3450300/test/async4.test  
     inflating: /var/folders/bq/wnhbwrkx4dx1q2c27c8v6wkh0000gp/T/d20250528-34223-1g68rg/sqlite-src-3450300/test/walhook.test  
     inflating: /var/folders/bq/wnhbwrkx4dx1q2c27c8v6wkh0000gp/T/d20250528-34223-1g68rg/sqlite-src-3450300/test/pager3.test  
     inflating: /var/folders/bq/wnhbwrkx4dx1q2c27c8v6wkh0000gp/T/d20250528-34223-1g68rg/sqlite-src-3450300/test/shared3.test  
     inflating: /var/folders/bq/wnhbwrkx4dx1q2c27c8v6wkh0000gp/T/d20250528-34223-1g68rg/sqlite-src-3450300/test/trigger8.test  
     inflating: /var/folders/bq/wnhbwrkx4dx1q2c27c8v6wkh0000gp/T/d20250528-34223-1g68rg/sqlite-src-3450300/test/altertab.test  
     inflating: /var/folders/bq/wnhbwrkx4dx1q2c27c8v6wkh0000gp/T/d20250528-34223-1g68rg/sqlite-src-3450300/test/attach4.test  
     inflating: /var/folders/bq/wnhbwrkx4dx1q2c27c8v6wkh0000gp/T/d20250528-34223-1g68rg/sqlite-src-3450300/test/wordcount.c  
     inflating: /var/folders/bq/wnhbwrkx4dx1q2c27c8v6wkh0000gp/T/d20250528-34223-1g68rg/sqlite-src-3450300/test/tkt3346.test  
     inflating: /var/folders/bq/wnhbwrkx4dx1q2c27c8v6wkh0000gp/T/d20250528-34223-1g68rg/sqlite-src-3450300/test/lock2.test  
     inflating: /var/folders/bq/wnhbwrkx4dx1q2c27c8v6wkh0000gp/T/d20250528-34223-1g68rg/sqlite-src-3450300/test/vtab2.test  
     inflating: /var/folders/bq/wnhbwrkx4dx1q2c27c8v6wkh0000gp/T/d20250528-34223-1g68rg/sqlite-src-3450300/test/where6.test  
     inflating: /var/folders/bq/wnhbwrkx4dx1q2c27c8v6wkh0000gp/T/d20250528-34223-1g68rg/sqlite-src-3450300/test/walrofault.test  
     inflating: /var/folders/bq/wnhbwrkx4dx1q2c27c8v6wkh0000gp/T/d20250528-34223-1g68rg/sqlite-src-3450300/test/close.test  
     inflating: /var/folders/bq/wnhbwrkx4dx1q2c27c8v6wkh0000gp/T/d20250528-34223-1g68rg/sqlite-src-3450300/test/tkt-fa7bf5ec.test  
     inflating: /var/folders/bq/wnhbwrkx4dx1q2c27c8v6wkh0000gp/T/d20250528-34223-1g68rg/sqlite-src-3450300/test/lookaside.test  
     inflating: /var/folders/bq/wnhbwrkx4dx1q2c27c8v6wkh0000gp/T/d20250528-34223-1g68rg/sqlite-src-3450300/test/analyze7.test  
     inflating: /var/folders/bq/wnhbwrkx4dx1q2c27c8v6wkh0000gp/T/d20250528-34223-1g68rg/sqlite-src-3450300/test/fts3corrupt6.test  
     inflating: /var/folders/bq/wnhbwrkx4dx1q2c27c8v6wkh0000gp/T/d20250528-34223-1g68rg/sqlite-src-3450300/test/transitive1.test  
     inflating: /var/folders/bq/wnhbwrkx4dx1q2c27c8v6wkh0000gp/T/d20250528-34223-1g68rg/sqlite-src-3450300/test/fts3ad.test  
     inflating: /var/folders/bq/wnhbwrkx4dx1q2c27c8v6wkh0000gp/T/d20250528-34223-1g68rg/sqlite-src-3450300/test/mallocK.test  
     inflating: /var/folders/bq/wnhbwrkx4dx1q2c27c8v6wkh0000gp/T/d20250528-34223-1g68rg/sqlite-src-3450300/test/wal5.test  
     inflating: /var/folders/bq/wnhbwrkx4dx1q2c27c8v6wkh0000gp/T/d20250528-34223-1g68rg/sqlite-src-3450300/test/windowD.test  
     inflating: /var/folders/bq/wnhbwrkx4dx1q2c27c8v6wkh0000gp/T/d20250528-34223-1g68rg/sqlite-src-3450300/test/indexfault.test  
     inflating: /var/folders/bq/wnhbwrkx4dx1q2c27c8v6wkh0000gp/T/d20250528-34223-1g68rg/sqlite-src-3450300/test/wal9.test  
     inflating: /var/folders/bq/wnhbwrkx4dx1q2c27c8v6wkh0000gp/T/d20250528-34223-1g68rg/sqlite-src-3450300/test/tkt3791.test  
     inflating: /var/folders/bq/wnhbwrkx4dx1q2c27c8v6wkh0000gp/T/d20250528-34223-1g68rg/sqlite-src-3450300/test/wherelfault.test  
     inflating: /var/folders/bq/wnhbwrkx4dx1q2c27c8v6wkh0000gp/T/d20250528-34223-1g68rg/sqlite-src-3450300/test/mallocC.test  
     inflating: /var/folders/bq/wnhbwrkx4dx1q2c27c8v6wkh0000gp/T/d20250528-34223-1g68rg/sqlite-src-3450300/test/pushdown.test  
     inflating: /var/folders/bq/wnhbwrkx4dx1q2c27c8v6wkh0000gp/T/d20250528-34223-1g68rg/sqlite-src-3450300/test/tkt3527.test  
     inflating: /var/folders/bq/wnhbwrkx4dx1q2c27c8v6wkh0000gp/T/d20250528-34223-1g68rg/sqlite-src-3450300/test/mallocAll.test  
     inflating: /var/folders/bq/wnhbwrkx4dx1q2c27c8v6wkh0000gp/T/d20250528-34223-1g68rg/sqlite-src-3450300/test/fts3ah.test  
     inflating: /var/folders/bq/wnhbwrkx4dx1q2c27c8v6wkh0000gp/T/d20250528-34223-1g68rg/sqlite-src-3450300/test/altertab2.test  
     inflating: /var/folders/bq/wnhbwrkx4dx1q2c27c8v6wkh0000gp/T/d20250528-34223-1g68rg/sqlite-src-3450300/test/alterlegacy.test  
     inflating: /var/folders/bq/wnhbwrkx4dx1q2c27c8v6wkh0000gp/T/d20250528-34223-1g68rg/sqlite-src-3450300/test/fts3matchinfo.test  
     inflating: /var/folders/bq/wnhbwrkx4dx1q2c27c8v6wkh0000gp/T/d20250528-34223-1g68rg/sqlite-src-3450300/test/vacuum6.test  
     inflating: /var/folders/bq/wnhbwrkx4dx1q2c27c8v6wkh0000gp/T/d20250528-34223-1g68rg/sqlite-src-3450300/test/rowvalue9.test  
     inflating: /var/folders/bq/wnhbwrkx4dx1q2c27c8v6wkh0000gp/T/d20250528-34223-1g68rg/sqlite-src-3450300/test/trigger4.test  
     inflating: /var/folders/bq/wnhbwrkx4dx1q2c27c8v6wkh0000gp/T/d20250528-34223-1g68rg/sqlite-src-3450300/test/select1.test  
     inflating: /var/folders/bq/wnhbwrkx4dx1q2c27c8v6wkh0000gp/T/d20250528-34223-1g68rg/sqlite-src-3450300/test/corrupt8.test  
     inflating: /var/folders/bq/wnhbwrkx4dx1q2c27c8v6wkh0000gp/T/d20250528-34223-1g68rg/sqlite-src-3450300/test/shared4.test  
     inflating: /var/folders/bq/wnhbwrkx4dx1q2c27c8v6wkh0000gp/T/d20250528-34223-1g68rg/sqlite-src-3450300/test/fts-9fd058691.test  
     inflating: /var/folders/bq/wnhbwrkx4dx1q2c27c8v6wkh0000gp/T/d20250528-34223-1g68rg/sqlite-src-3450300/test/types3.test  
     inflating: /var/folders/bq/wnhbwrkx4dx1q2c27c8v6wkh0000gp/T/d20250528-34223-1g68rg/sqlite-src-3450300/test/schema.test  
     inflating: /var/folders/bq/wnhbwrkx4dx1q2c27c8v6wkh0000gp/T/d20250528-34223-1g68rg/sqlite-src-3450300/test/shmlock.test  
     inflating: /var/folders/bq/wnhbwrkx4dx1q2c27c8v6wkh0000gp/T/d20250528-34223-1g68rg/sqlite-src-3450300/test/ieee754.test  
     inflating: /var/folders/bq/wnhbwrkx4dx1q2c27c8v6wkh0000gp/T/d20250528-34223-1g68rg/sqlite-src-3450300/test/sysfault.test  
     inflating: /var/folders/bq/wnhbwrkx4dx1q2c27c8v6wkh0000gp/T/d20250528-34223-1g68rg/sqlite-src-3450300/test/speed1p.test  
     inflating: /var/folders/bq/wnhbwrkx4dx1q2c27c8v6wkh0000gp/T/d20250528-34223-1g68rg/sqlite-src-3450300/test/dbpagefault.test  
     inflating: /var/folders/bq/wnhbwrkx4dx1q2c27c8v6wkh0000gp/T/d20250528-34223-1g68rg/sqlite-src-3450300/test/tkt-4c86b126f2.test  
     inflating: /var/folders/bq/wnhbwrkx4dx1q2c27c8v6wkh0000gp/T/d20250528-34223-1g68rg/sqlite-src-3450300/test/tkt-9a8b09f8e6.test  
     inflating: /var/folders/bq/wnhbwrkx4dx1q2c27c8v6wkh0000gp/T/d20250528-34223-1g68rg/sqlite-src-3450300/test/wal64k.test  
     inflating: /var/folders/bq/wnhbwrkx4dx1q2c27c8v6wkh0000gp/T/d20250528-34223-1g68rg/sqlite-src-3450300/test/window8.tcl  
     inflating: /var/folders/bq/wnhbwrkx4dx1q2c27c8v6wkh0000gp/T/d20250528-34223-1g68rg/sqlite-src-3450300/test/optfuzz.c  
     inflating: /var/folders/bq/wnhbwrkx4dx1q2c27c8v6wkh0000gp/T/d20250528-34223-1g68rg/sqlite-src-3450300/test/aggerror.test  
     inflating: /var/folders/bq/wnhbwrkx4dx1q2c27c8v6wkh0000gp/T/d20250528-34223-1g68rg/sqlite-src-3450300/test/tkt3922.test  
     inflating: /var/folders/bq/wnhbwrkx4dx1q2c27c8v6wkh0000gp/T/d20250528-34223-1g68rg/sqlite-src-3450300/test/backup_malloc.test  
     inflating: /var/folders/bq/wnhbwrkx4dx1q2c27c8v6wkh0000gp/T/d20250528-34223-1g68rg/sqlite-src-3450300/test/btree02.test  
     inflating: /var/folders/bq/wnhbwrkx4dx1q2c27c8v6wkh0000gp/T/d20250528-34223-1g68rg/sqlite-src-3450300/test/parser1.test  
     inflating: /var/folders/bq/wnhbwrkx4dx1q2c27c8v6wkh0000gp/T/d20250528-34223-1g68rg/sqlite-src-3450300/test/whereB.test  
     inflating: /var/folders/bq/wnhbwrkx4dx1q2c27c8v6wkh0000gp/T/d20250528-34223-1g68rg/sqlite-src-3450300/test/fts3an.test  
     inflating: /var/folders/bq/wnhbwrkx4dx1q2c27c8v6wkh0000gp/T/d20250528-34223-1g68rg/sqlite-src-3450300/test/join.test  
     inflating: /var/folders/bq/wnhbwrkx4dx1q2c27c8v6wkh0000gp/T/d20250528-34223-1g68rg/sqlite-src-3450300/test/swarmvtab2.test  
     inflating: /var/folders/bq/wnhbwrkx4dx1q2c27c8v6wkh0000gp/T/d20250528-34223-1g68rg/sqlite-src-3450300/test/fts3snippet.test  
     inflating: /var/folders/bq/wnhbwrkx4dx1q2c27c8v6wkh0000gp/T/d20250528-34223-1g68rg/sqlite-src-3450300/test/ioerr5.test  
     inflating: /var/folders/bq/wnhbwrkx4dx1q2c27c8v6wkh0000gp/T/d20250528-34223-1g68rg/sqlite-src-3450300/test/capi2.test  
     inflating: /var/folders/bq/wnhbwrkx4dx1q2c27c8v6wkh0000gp/T/d20250528-34223-1g68rg/sqlite-src-3450300/test/loadext2.test  
     inflating: /var/folders/bq/wnhbwrkx4dx1q2c27c8v6wkh0000gp/T/d20250528-34223-1g68rg/sqlite-src-3450300/test/in6.test  
     inflating: /var/folders/bq/wnhbwrkx4dx1q2c27c8v6wkh0000gp/T/d20250528-34223-1g68rg/sqlite-src-3450300/test/tokenize.test  
     inflating: /var/folders/bq/wnhbwrkx4dx1q2c27c8v6wkh0000gp/T/d20250528-34223-1g68rg/sqlite-src-3450300/test/e_dropview.test  
     inflating: /var/folders/bq/wnhbwrkx4dx1q2c27c8v6wkh0000gp/T/d20250528-34223-1g68rg/sqlite-src-3450300/test/multiplex4.test  
     inflating: /var/folders/bq/wnhbwrkx4dx1q2c27c8v6wkh0000gp/T/d20250528-34223-1g68rg/sqlite-src-3450300/test/vtabB.test  
     inflating: /var/folders/bq/wnhbwrkx4dx1q2c27c8v6wkh0000gp/T/d20250528-34223-1g68rg/sqlite-src-3450300/test/tkt2192.test  
     inflating: /var/folders/bq/wnhbwrkx4dx1q2c27c8v6wkh0000gp/T/d20250528-34223-1g68rg/sqlite-src-3450300/test/window6.test  
     inflating: /var/folders/bq/wnhbwrkx4dx1q2c27c8v6wkh0000gp/T/d20250528-34223-1g68rg/sqlite-src-3450300/test/progress.test  
     inflating: /var/folders/bq/wnhbwrkx4dx1q2c27c8v6wkh0000gp/T/d20250528-34223-1g68rg/sqlite-src-3450300/test/select9.test  
     inflating: /var/folders/bq/wnhbwrkx4dx1q2c27c8v6wkh0000gp/T/d20250528-34223-1g68rg/sqlite-src-3450300/test/select7.test  
     inflating: /var/folders/bq/wnhbwrkx4dx1q2c27c8v6wkh0000gp/T/d20250528-34223-1g68rg/sqlite-src-3450300/test/fts3tok1.test  
     inflating: /var/folders/bq/wnhbwrkx4dx1q2c27c8v6wkh0000gp/T/d20250528-34223-1g68rg/sqlite-src-3450300/test/index3.test  
     inflating: /var/folders/bq/wnhbwrkx4dx1q2c27c8v6wkh0000gp/T/d20250528-34223-1g68rg/sqlite-src-3450300/test/snapshot4.test  
     inflating: /var/folders/bq/wnhbwrkx4dx1q2c27c8v6wkh0000gp/T/d20250528-34223-1g68rg/sqlite-src-3450300/test/walpersist.test  
     inflating: /var/folders/bq/wnhbwrkx4dx1q2c27c8v6wkh0000gp/T/d20250528-34223-1g68rg/sqlite-src-3450300/test/altermalloc2.test  
     inflating: /var/folders/bq/wnhbwrkx4dx1q2c27c8v6wkh0000gp/T/d20250528-34223-1g68rg/sqlite-src-3450300/test/fuzzinvariants.c  
     inflating: /var/folders/bq/wnhbwrkx4dx1q2c27c8v6wkh0000gp/T/d20250528-34223-1g68rg/sqlite-src-3450300/test/unionall2.test  
     inflating: /var/folders/bq/wnhbwrkx4dx1q2c27c8v6wkh0000gp/T/d20250528-34223-1g68rg/sqlite-src-3450300/test/tkt2251.test  
     inflating: /var/folders/bq/wnhbwrkx4dx1q2c27c8v6wkh0000gp/T/d20250528-34223-1g68rg/sqlite-src-3450300/test/collate9.test  
     inflating: /var/folders/bq/wnhbwrkx4dx1q2c27c8v6wkh0000gp/T/d20250528-34223-1g68rg/sqlite-src-3450300/test/zeroblobfault.test  
     inflating: /var/folders/bq/wnhbwrkx4dx1q2c27c8v6wkh0000gp/T/d20250528-34223-1g68rg/sqlite-src-3450300/test/async5.test  
     inflating: /var/folders/bq/wnhbwrkx4dx1q2c27c8v6wkh0000gp/T/d20250528-34223-1g68rg/sqlite-src-3450300/test/misc7.test  
     inflating: /var/folders/bq/wnhbwrkx4dx1q2c27c8v6wkh0000gp/T/d20250528-34223-1g68rg/sqlite-src-3450300/test/hexlit.test  
     inflating: /var/folders/bq/wnhbwrkx4dx1q2c27c8v6wkh0000gp/T/d20250528-34223-1g68rg/sqlite-src-3450300/test/tkt2686.test  
     inflating: /var/folders/bq/wnhbwrkx4dx1q2c27c8v6wkh0000gp/T/d20250528-34223-1g68rg/sqlite-src-3450300/test/fts3ao.test  
     inflating: /var/folders/bq/wnhbwrkx4dx1q2c27c8v6wkh0000gp/T/d20250528-34223-1g68rg/sqlite-src-3450300/test/limit2.test  
     inflating: /var/folders/bq/wnhbwrkx4dx1q2c27c8v6wkh0000gp/T/d20250528-34223-1g68rg/sqlite-src-3450300/test/in3.test  
     inflating: /var/folders/bq/wnhbwrkx4dx1q2c27c8v6wkh0000gp/T/d20250528-34223-1g68rg/sqlite-src-3450300/test/sqllimits1.test  
     inflating: /var/folders/bq/wnhbwrkx4dx1q2c27c8v6wkh0000gp/T/d20250528-34223-1g68rg/sqlite-src-3450300/test/walcrash.test  
     inflating: /var/folders/bq/wnhbwrkx4dx1q2c27c8v6wkh0000gp/T/d20250528-34223-1g68rg/sqlite-src-3450300/test/index6.test  
     inflating: /var/folders/bq/wnhbwrkx4dx1q2c27c8v6wkh0000gp/T/d20250528-34223-1g68rg/sqlite-src-3450300/test/e_walhook.test  
     inflating: /var/folders/bq/wnhbwrkx4dx1q2c27c8v6wkh0000gp/T/d20250528-34223-1g68rg/sqlite-src-3450300/test/unordered.test  
     inflating: /var/folders/bq/wnhbwrkx4dx1q2c27c8v6wkh0000gp/T/d20250528-34223-1g68rg/sqlite-src-3450300/test/fts3corrupt2.test  
     inflating: /var/folders/bq/wnhbwrkx4dx1q2c27c8v6wkh0000gp/T/d20250528-34223-1g68rg/sqlite-src-3450300/test/sort4.test  
     inflating: /var/folders/bq/wnhbwrkx4dx1q2c27c8v6wkh0000gp/T/d20250528-34223-1g68rg/sqlite-src-3450300/test/cast.test  
     inflating: /var/folders/bq/wnhbwrkx4dx1q2c27c8v6wkh0000gp/T/d20250528-34223-1g68rg/sqlite-src-3450300/test/window1.test  
     inflating: /var/folders/bq/wnhbwrkx4dx1q2c27c8v6wkh0000gp/T/d20250528-34223-1g68rg/sqlite-src-3450300/test/window7.test  
     inflating: /var/folders/bq/wnhbwrkx4dx1q2c27c8v6wkh0000gp/T/d20250528-34223-1g68rg/sqlite-src-3450300/test/thread3.test  
     inflating: /var/folders/bq/wnhbwrkx4dx1q2c27c8v6wkh0000gp/T/d20250528-34223-1g68rg/sqlite-src-3450300/test/tkt3929.test  
     inflating: /var/folders/bq/wnhbwrkx4dx1q2c27c8v6wkh0000gp/T/d20250528-34223-1g68rg/sqlite-src-3450300/test/schema3.test  
     inflating: /var/folders/bq/wnhbwrkx4dx1q2c27c8v6wkh0000gp/T/d20250528-34223-1g68rg/sqlite-src-3450300/test/lock4.test  
     inflating: /var/folders/bq/wnhbwrkx4dx1q2c27c8v6wkh0000gp/T/d20250528-34223-1g68rg/sqlite-src-3450300/test/speed4.test  
     inflating: /var/folders/bq/wnhbwrkx4dx1q2c27c8v6wkh0000gp/T/d20250528-34223-1g68rg/sqlite-src-3450300/test/mallocE.test  
     inflating: /var/folders/bq/wnhbwrkx4dx1q2c27c8v6wkh0000gp/T/d20250528-34223-1g68rg/sqlite-src-3450300/test/rowvalue.test  
     inflating: /var/folders/bq/wnhbwrkx4dx1q2c27c8v6wkh0000gp/T/d20250528-34223-1g68rg/sqlite-src-3450300/test/strict2.test  
     inflating: /var/folders/bq/wnhbwrkx4dx1q2c27c8v6wkh0000gp/T/d20250528-34223-1g68rg/sqlite-src-3450300/test/tkt2822.test  
     inflating: /var/folders/bq/wnhbwrkx4dx1q2c27c8v6wkh0000gp/T/d20250528-34223-1g68rg/sqlite-src-3450300/test/fts4lastrowid.test  
     inflating: /var/folders/bq/wnhbwrkx4dx1q2c27c8v6wkh0000gp/T/d20250528-34223-1g68rg/sqlite-src-3450300/test/collate4.test  
     inflating: /var/folders/bq/wnhbwrkx4dx1q2c27c8v6wkh0000gp/T/d20250528-34223-1g68rg/sqlite-src-3450300/test/corrupt5.test  
     inflating: /var/folders/bq/wnhbwrkx4dx1q2c27c8v6wkh0000gp/T/d20250528-34223-1g68rg/sqlite-src-3450300/test/hook.test  
     inflating: /var/folders/bq/wnhbwrkx4dx1q2c27c8v6wkh0000gp/T/d20250528-34223-1g68rg/sqlite-src-3450300/test/malloctraceviewer.tcl  
     inflating: /var/folders/bq/wnhbwrkx4dx1q2c27c8v6wkh0000gp/T/d20250528-34223-1g68rg/sqlite-src-3450300/test/tkt2141.test  
     inflating: /var/folders/bq/wnhbwrkx4dx1q2c27c8v6wkh0000gp/T/d20250528-34223-1g68rg/sqlite-src-3450300/test/view.test  
     inflating: /var/folders/bq/wnhbwrkx4dx1q2c27c8v6wkh0000gp/T/d20250528-34223-1g68rg/sqlite-src-3450300/test/savepoint2.test  
     inflating: /var/folders/bq/wnhbwrkx4dx1q2c27c8v6wkh0000gp/T/d20250528-34223-1g68rg/sqlite-src-3450300/test/quote.test  
     inflating: /var/folders/bq/wnhbwrkx4dx1q2c27c8v6wkh0000gp/T/d20250528-34223-1g68rg/sqlite-src-3450300/test/where5.test  
     inflating: /var/folders/bq/wnhbwrkx4dx1q2c27c8v6wkh0000gp/T/d20250528-34223-1g68rg/sqlite-src-3450300/test/without_rowid1.test  
     inflating: /var/folders/bq/wnhbwrkx4dx1q2c27c8v6wkh0000gp/T/d20250528-34223-1g68rg/sqlite-src-3450300/test/temptrigger.test  
     inflating: /var/folders/bq/wnhbwrkx4dx1q2c27c8v6wkh0000gp/T/d20250528-34223-1g68rg/sqlite-src-3450300/test/tkt-94c04eaadb.test  
     inflating: /var/folders/bq/wnhbwrkx4dx1q2c27c8v6wkh0000gp/T/d20250528-34223-1g68rg/sqlite-src-3450300/test/wal3.test  
     inflating: /var/folders/bq/wnhbwrkx4dx1q2c27c8v6wkh0000gp/T/d20250528-34223-1g68rg/sqlite-src-3450300/test/select6.test  
     inflating: /var/folders/bq/wnhbwrkx4dx1q2c27c8v6wkh0000gp/T/d20250528-34223-1g68rg/sqlite-src-3450300/test/enc2.test  
     inflating: /var/folders/bq/wnhbwrkx4dx1q2c27c8v6wkh0000gp/T/d20250528-34223-1g68rg/sqlite-src-3450300/test/fts3fault3.test  
     inflating: /var/folders/bq/wnhbwrkx4dx1q2c27c8v6wkh0000gp/T/d20250528-34223-1g68rg/sqlite-src-3450300/test/quickcheck.test  
     inflating: /var/folders/bq/wnhbwrkx4dx1q2c27c8v6wkh0000gp/T/d20250528-34223-1g68rg/sqlite-src-3450300/test/tkt-91e2e8ba6f.test  
     inflating: /var/folders/bq/wnhbwrkx4dx1q2c27c8v6wkh0000gp/T/d20250528-34223-1g68rg/sqlite-src-3450300/test/without_rowid7.test  
     inflating: /var/folders/bq/wnhbwrkx4dx1q2c27c8v6wkh0000gp/T/d20250528-34223-1g68rg/sqlite-src-3450300/test/collate1.test  
     inflating: /var/folders/bq/wnhbwrkx4dx1q2c27c8v6wkh0000gp/T/d20250528-34223-1g68rg/sqlite-src-3450300/test/rollback.test  
     inflating: /var/folders/bq/wnhbwrkx4dx1q2c27c8v6wkh0000gp/T/d20250528-34223-1g68rg/sqlite-src-3450300/test/tkt3718.test  
     inflating: /var/folders/bq/wnhbwrkx4dx1q2c27c8v6wkh0000gp/T/d20250528-34223-1g68rg/sqlite-src-3450300/test/tkt-f3e5abed55.test  
     inflating: /var/folders/bq/wnhbwrkx4dx1q2c27c8v6wkh0000gp/T/d20250528-34223-1g68rg/sqlite-src-3450300/test/icu.test  
     inflating: /var/folders/bq/wnhbwrkx4dx1q2c27c8v6wkh0000gp/T/d20250528-34223-1g68rg/sqlite-src-3450300/test/filefmt.test  
     inflating: /var/folders/bq/wnhbwrkx4dx1q2c27c8v6wkh0000gp/T/d20250528-34223-1g68rg/sqlite-src-3450300/test/fts3misc.test  
     inflating: /var/folders/bq/wnhbwrkx4dx1q2c27c8v6wkh0000gp/T/d20250528-34223-1g68rg/sqlite-src-3450300/test/e_blobopen.test  
     inflating: /var/folders/bq/wnhbwrkx4dx1q2c27c8v6wkh0000gp/T/d20250528-34223-1g68rg/sqlite-src-3450300/test/e_expr.test  
     inflating: /var/folders/bq/wnhbwrkx4dx1q2c27c8v6wkh0000gp/T/d20250528-34223-1g68rg/sqlite-src-3450300/test/fuzzer2.test  
     inflating: /var/folders/bq/wnhbwrkx4dx1q2c27c8v6wkh0000gp/T/d20250528-34223-1g68rg/sqlite-src-3450300/test/boundary1.test  
     inflating: /var/folders/bq/wnhbwrkx4dx1q2c27c8v6wkh0000gp/T/d20250528-34223-1g68rg/sqlite-src-3450300/test/fts3am.test  
     inflating: /var/folders/bq/wnhbwrkx4dx1q2c27c8v6wkh0000gp/T/d20250528-34223-1g68rg/sqlite-src-3450300/test/unique.test  
     inflating: /var/folders/bq/wnhbwrkx4dx1q2c27c8v6wkh0000gp/T/d20250528-34223-1g68rg/sqlite-src-3450300/test/win32lock.test  
     inflating: /var/folders/bq/wnhbwrkx4dx1q2c27c8v6wkh0000gp/T/d20250528-34223-1g68rg/sqlite-src-3450300/test/vtab4.test  
     inflating: /var/folders/bq/wnhbwrkx4dx1q2c27c8v6wkh0000gp/T/d20250528-34223-1g68rg/sqlite-src-3450300/test/tkt2285.test  
     inflating: /var/folders/bq/wnhbwrkx4dx1q2c27c8v6wkh0000gp/T/d20250528-34223-1g68rg/sqlite-src-3450300/test/printf2.test  
     inflating: /var/folders/bq/wnhbwrkx4dx1q2c27c8v6wkh0000gp/T/d20250528-34223-1g68rg/sqlite-src-3450300/test/instrfault.test  
     inflating: /var/folders/bq/wnhbwrkx4dx1q2c27c8v6wkh0000gp/T/d20250528-34223-1g68rg/sqlite-src-3450300/test/ossshell.c  
     inflating: /var/folders/bq/wnhbwrkx4dx1q2c27c8v6wkh0000gp/T/d20250528-34223-1g68rg/sqlite-src-3450300/test/trans.test  
     inflating: /var/folders/bq/wnhbwrkx4dx1q2c27c8v6wkh0000gp/T/d20250528-34223-1g68rg/sqlite-src-3450300/test/triggerE.test  
     inflating: /var/folders/bq/wnhbwrkx4dx1q2c27c8v6wkh0000gp/T/d20250528-34223-1g68rg/sqlite-src-3450300/test/fkey8.test  
     inflating: /var/folders/bq/wnhbwrkx4dx1q2c27c8v6wkh0000gp/T/d20250528-34223-1g68rg/sqlite-src-3450300/test/regexp1.test  
     inflating: /var/folders/bq/wnhbwrkx4dx1q2c27c8v6wkh0000gp/T/d20250528-34223-1g68rg/sqlite-src-3450300/test/skipscan2.test  
     inflating: /var/folders/bq/wnhbwrkx4dx1q2c27c8v6wkh0000gp/T/d20250528-34223-1g68rg/sqlite-src-3450300/test/corrupt9.test  
     inflating: /var/folders/bq/wnhbwrkx4dx1q2c27c8v6wkh0000gp/T/d20250528-34223-1g68rg/sqlite-src-3450300/test/autoindex1.test  
     inflating: /var/folders/bq/wnhbwrkx4dx1q2c27c8v6wkh0000gp/T/d20250528-34223-1g68rg/sqlite-src-3450300/test/indexA.test  
     inflating: /var/folders/bq/wnhbwrkx4dx1q2c27c8v6wkh0000gp/T/d20250528-34223-1g68rg/sqlite-src-3450300/test/fkey5.test  
     inflating: /var/folders/bq/wnhbwrkx4dx1q2c27c8v6wkh0000gp/T/d20250528-34223-1g68rg/sqlite-src-3450300/test/notify3.test  
     inflating: /var/folders/bq/wnhbwrkx4dx1q2c27c8v6wkh0000gp/T/d20250528-34223-1g68rg/sqlite-src-3450300/test/analyzeD.test  
     inflating: /var/folders/bq/wnhbwrkx4dx1q2c27c8v6wkh0000gp/T/d20250528-34223-1g68rg/sqlite-src-3450300/test/collateB.test  
     inflating: /var/folders/bq/wnhbwrkx4dx1q2c27c8v6wkh0000gp/T/d20250528-34223-1g68rg/sqlite-src-3450300/test/crash8.test  
     inflating: /var/folders/bq/wnhbwrkx4dx1q2c27c8v6wkh0000gp/T/d20250528-34223-1g68rg/sqlite-src-3450300/test/altermalloc.test  
     inflating: /var/folders/bq/wnhbwrkx4dx1q2c27c8v6wkh0000gp/T/d20250528-34223-1g68rg/sqlite-src-3450300/test/manydb.test  
     inflating: /var/folders/bq/wnhbwrkx4dx1q2c27c8v6wkh0000gp/T/d20250528-34223-1g68rg/sqlite-src-3450300/test/tt3_lookaside1.c  
     inflating: /var/folders/bq/wnhbwrkx4dx1q2c27c8v6wkh0000gp/T/d20250528-34223-1g68rg/sqlite-src-3450300/test/writecrash.test  
     inflating: /var/folders/bq/wnhbwrkx4dx1q2c27c8v6wkh0000gp/T/d20250528-34223-1g68rg/sqlite-src-3450300/test/func9.test  
     inflating: /var/folders/bq/wnhbwrkx4dx1q2c27c8v6wkh0000gp/T/d20250528-34223-1g68rg/sqlite-src-3450300/test/mallocB.test  
     inflating: /var/folders/bq/wnhbwrkx4dx1q2c27c8v6wkh0000gp/T/d20250528-34223-1g68rg/sqlite-src-3450300/test/avtrans.test  
     inflating: /var/folders/bq/wnhbwrkx4dx1q2c27c8v6wkh0000gp/T/d20250528-34223-1g68rg/sqlite-src-3450300/test/tkt-fc7bd6358f.test  
     inflating: /var/folders/bq/wnhbwrkx4dx1q2c27c8v6wkh0000gp/T/d20250528-34223-1g68rg/sqlite-src-3450300/test/select3.test  
     inflating: /var/folders/bq/wnhbwrkx4dx1q2c27c8v6wkh0000gp/T/d20250528-34223-1g68rg/sqlite-src-3450300/test/lock3.test  
     inflating: /var/folders/bq/wnhbwrkx4dx1q2c27c8v6wkh0000gp/T/d20250528-34223-1g68rg/sqlite-src-3450300/test/fkey3.test  
     inflating: /var/folders/bq/wnhbwrkx4dx1q2c27c8v6wkh0000gp/T/d20250528-34223-1g68rg/sqlite-src-3450300/test/minmax2.test  
     inflating: /var/folders/bq/wnhbwrkx4dx1q2c27c8v6wkh0000gp/T/d20250528-34223-1g68rg/sqlite-src-3450300/test/scanstatus2.test  
     inflating: /var/folders/bq/wnhbwrkx4dx1q2c27c8v6wkh0000gp/T/d20250528-34223-1g68rg/sqlite-src-3450300/test/mmapfault.test  
     inflating: /var/folders/bq/wnhbwrkx4dx1q2c27c8v6wkh0000gp/T/d20250528-34223-1g68rg/sqlite-src-3450300/test/tkt-99378177930f87bd.test  
     inflating: /var/folders/bq/wnhbwrkx4dx1q2c27c8v6wkh0000gp/T/d20250528-34223-1g68rg/sqlite-src-3450300/test/fuzzdata6.db  
     inflating: /var/folders/bq/wnhbwrkx4dx1q2c27c8v6wkh0000gp/T/d20250528-34223-1g68rg/sqlite-src-3450300/test/window2.test  
     inflating: /var/folders/bq/wnhbwrkx4dx1q2c27c8v6wkh0000gp/T/d20250528-34223-1g68rg/sqlite-src-3450300/test/temptable2.test  
     inflating: /var/folders/bq/wnhbwrkx4dx1q2c27c8v6wkh0000gp/T/d20250528-34223-1g68rg/sqlite-src-3450300/test/shared7.test  
     inflating: /var/folders/bq/wnhbwrkx4dx1q2c27c8v6wkh0000gp/T/d20250528-34223-1g68rg/sqlite-src-3450300/test/in4.test  
     inflating: /var/folders/bq/wnhbwrkx4dx1q2c27c8v6wkh0000gp/T/d20250528-34223-1g68rg/sqlite-src-3450300/test/dbstatus.test  
     inflating: /var/folders/bq/wnhbwrkx4dx1q2c27c8v6wkh0000gp/T/d20250528-34223-1g68rg/sqlite-src-3450300/test/softheap1.test  
     inflating: /var/folders/bq/wnhbwrkx4dx1q2c27c8v6wkh0000gp/T/d20250528-34223-1g68rg/sqlite-src-3450300/test/tkt-f67b41381a.test  
     inflating: /var/folders/bq/wnhbwrkx4dx1q2c27c8v6wkh0000gp/T/d20250528-34223-1g68rg/sqlite-src-3450300/test/in5.test  
     inflating: /var/folders/bq/wnhbwrkx4dx1q2c27c8v6wkh0000gp/T/d20250528-34223-1g68rg/sqlite-src-3450300/test/tkt-38cb5df375.test  
     inflating: /var/folders/bq/wnhbwrkx4dx1q2c27c8v6wkh0000gp/T/d20250528-34223-1g68rg/sqlite-src-3450300/test/shell1.test  
     inflating: /var/folders/bq/wnhbwrkx4dx1q2c27c8v6wkh0000gp/T/d20250528-34223-1g68rg/sqlite-src-3450300/test/where4.test  
     inflating: /var/folders/bq/wnhbwrkx4dx1q2c27c8v6wkh0000gp/T/d20250528-34223-1g68rg/sqlite-src-3450300/test/tkt3493.test  
     inflating: /var/folders/bq/wnhbwrkx4dx1q2c27c8v6wkh0000gp/T/d20250528-34223-1g68rg/sqlite-src-3450300/test/openv2.test  
     inflating: /var/folders/bq/wnhbwrkx4dx1q2c27c8v6wkh0000gp/T/d20250528-34223-1g68rg/sqlite-src-3450300/test/index4.test  
     inflating: /var/folders/bq/wnhbwrkx4dx1q2c27c8v6wkh0000gp/T/d20250528-34223-1g68rg/sqlite-src-3450300/test/unixexcl.test  
     inflating: /var/folders/bq/wnhbwrkx4dx1q2c27c8v6wkh0000gp/T/d20250528-34223-1g68rg/sqlite-src-3450300/test/alterdropcol2.test  
     inflating: /var/folders/bq/wnhbwrkx4dx1q2c27c8v6wkh0000gp/T/d20250528-34223-1g68rg/sqlite-src-3450300/test/tkt3832.test  
     inflating: /var/folders/bq/wnhbwrkx4dx1q2c27c8v6wkh0000gp/T/d20250528-34223-1g68rg/sqlite-src-3450300/test/sessionfuzz.c  
     inflating: /var/folders/bq/wnhbwrkx4dx1q2c27c8v6wkh0000gp/T/d20250528-34223-1g68rg/sqlite-src-3450300/test/tkt3554.test  
     inflating: /var/folders/bq/wnhbwrkx4dx1q2c27c8v6wkh0000gp/T/d20250528-34223-1g68rg/sqlite-src-3450300/test/fkey6.test  
     inflating: /var/folders/bq/wnhbwrkx4dx1q2c27c8v6wkh0000gp/T/d20250528-34223-1g68rg/sqlite-src-3450300/test/bestindex1.test  
     inflating: /var/folders/bq/wnhbwrkx4dx1q2c27c8v6wkh0000gp/T/d20250528-34223-1g68rg/sqlite-src-3450300/test/kvtest.c  
     inflating: /var/folders/bq/wnhbwrkx4dx1q2c27c8v6wkh0000gp/T/d20250528-34223-1g68rg/sqlite-src-3450300/test/bestindex7.test  
     inflating: /var/folders/bq/wnhbwrkx4dx1q2c27c8v6wkh0000gp/T/d20250528-34223-1g68rg/sqlite-src-3450300/test/vacuum4.test  
     inflating: /var/folders/bq/wnhbwrkx4dx1q2c27c8v6wkh0000gp/T/d20250528-34223-1g68rg/sqlite-src-3450300/test/fts4incr.test  
     inflating: /var/folders/bq/wnhbwrkx4dx1q2c27c8v6wkh0000gp/T/d20250528-34223-1g68rg/sqlite-src-3450300/test/trigger9.test  
     inflating: /var/folders/bq/wnhbwrkx4dx1q2c27c8v6wkh0000gp/T/d20250528-34223-1g68rg/sqlite-src-3450300/test/select8.test  
     inflating: /var/folders/bq/wnhbwrkx4dx1q2c27c8v6wkh0000gp/T/d20250528-34223-1g68rg/sqlite-src-3450300/test/tkt-4ef7e3cfca.test  
     inflating: /var/folders/bq/wnhbwrkx4dx1q2c27c8v6wkh0000gp/T/d20250528-34223-1g68rg/sqlite-src-3450300/test/fts4growth2.test  
     inflating: /var/folders/bq/wnhbwrkx4dx1q2c27c8v6wkh0000gp/T/d20250528-34223-1g68rg/sqlite-src-3450300/test/incrvacuum2.test  
     inflating: /var/folders/bq/wnhbwrkx4dx1q2c27c8v6wkh0000gp/T/d20250528-34223-1g68rg/sqlite-src-3450300/test/lock.test  
     inflating: /var/folders/bq/wnhbwrkx4dx1q2c27c8v6wkh0000gp/T/d20250528-34223-1g68rg/sqlite-src-3450300/test/fts3corrupt4.test  
     inflating: /var/folders/bq/wnhbwrkx4dx1q2c27c8v6wkh0000gp/T/d20250528-34223-1g68rg/sqlite-src-3450300/test/mallocF.test  
     inflating: /var/folders/bq/wnhbwrkx4dx1q2c27c8v6wkh0000gp/T/d20250528-34223-1g68rg/sqlite-src-3450300/test/with5.test  
     inflating: /var/folders/bq/wnhbwrkx4dx1q2c27c8v6wkh0000gp/T/d20250528-34223-1g68rg/sqlite-src-3450300/test/bloom1.test  
     inflating: /var/folders/bq/wnhbwrkx4dx1q2c27c8v6wkh0000gp/T/d20250528-34223-1g68rg/sqlite-src-3450300/test/swarmvtab.test  
     inflating: /var/folders/bq/wnhbwrkx4dx1q2c27c8v6wkh0000gp/T/d20250528-34223-1g68rg/sqlite-src-3450300/test/substr.test  
     inflating: /var/folders/bq/wnhbwrkx4dx1q2c27c8v6wkh0000gp/T/d20250528-34223-1g68rg/sqlite-src-3450300/test/func.test  
     inflating: /var/folders/bq/wnhbwrkx4dx1q2c27c8v6wkh0000gp/T/d20250528-34223-1g68rg/sqlite-src-3450300/test/chunksize.test  
     inflating: /var/folders/bq/wnhbwrkx4dx1q2c27c8v6wkh0000gp/T/d20250528-34223-1g68rg/sqlite-src-3450300/test/nolock.test  
     inflating: /var/folders/bq/wnhbwrkx4dx1q2c27c8v6wkh0000gp/T/d20250528-34223-1g68rg/sqlite-src-3450300/test/capi3c.test  
     inflating: /var/folders/bq/wnhbwrkx4dx1q2c27c8v6wkh0000gp/T/d20250528-34223-1g68rg/sqlite-src-3450300/test/join5.test  
     inflating: /var/folders/bq/wnhbwrkx4dx1q2c27c8v6wkh0000gp/T/d20250528-34223-1g68rg/sqlite-src-3450300/test/window4.tcl  
     inflating: /var/folders/bq/wnhbwrkx4dx1q2c27c8v6wkh0000gp/T/d20250528-34223-1g68rg/sqlite-src-3450300/test/notify2.test  
     inflating: /var/folders/bq/wnhbwrkx4dx1q2c27c8v6wkh0000gp/T/d20250528-34223-1g68rg/sqlite-src-3450300/test/selectB.test  
     inflating: /var/folders/bq/wnhbwrkx4dx1q2c27c8v6wkh0000gp/T/d20250528-34223-1g68rg/sqlite-src-3450300/test/e_blobwrite.test  
     inflating: /var/folders/bq/wnhbwrkx4dx1q2c27c8v6wkh0000gp/T/d20250528-34223-1g68rg/sqlite-src-3450300/test/vtab3.test  
     inflating: /var/folders/bq/wnhbwrkx4dx1q2c27c8v6wkh0000gp/T/d20250528-34223-1g68rg/sqlite-src-3450300/test/crashM.test  
     inflating: /var/folders/bq/wnhbwrkx4dx1q2c27c8v6wkh0000gp/T/d20250528-34223-1g68rg/sqlite-src-3450300/test/sortfault.test  
     inflating: /var/folders/bq/wnhbwrkx4dx1q2c27c8v6wkh0000gp/T/d20250528-34223-1g68rg/sqlite-src-3450300/test/orderby1.test  
     inflating: /var/folders/bq/wnhbwrkx4dx1q2c27c8v6wkh0000gp/T/d20250528-34223-1g68rg/sqlite-src-3450300/test/fkey1.test  
     inflating: /var/folders/bq/wnhbwrkx4dx1q2c27c8v6wkh0000gp/T/d20250528-34223-1g68rg/sqlite-src-3450300/test/misc8.test  
     inflating: /var/folders/bq/wnhbwrkx4dx1q2c27c8v6wkh0000gp/T/d20250528-34223-1g68rg/sqlite-src-3450300/test/fts3integrity.test  
     inflating: /var/folders/bq/wnhbwrkx4dx1q2c27c8v6wkh0000gp/T/d20250528-34223-1g68rg/sqlite-src-3450300/test/rbu.test  
     inflating: /var/folders/bq/wnhbwrkx4dx1q2c27c8v6wkh0000gp/T/d20250528-34223-1g68rg/sqlite-src-3450300/test/rowvalue8.test  
     inflating: /var/folders/bq/wnhbwrkx4dx1q2c27c8v6wkh0000gp/T/d20250528-34223-1g68rg/sqlite-src-3450300/test/alterdropcol.test  
     inflating: /var/folders/bq/wnhbwrkx4dx1q2c27c8v6wkh0000gp/T/d20250528-34223-1g68rg/sqlite-src-3450300/test/shell9.test  
     inflating: /var/folders/bq/wnhbwrkx4dx1q2c27c8v6wkh0000gp/T/d20250528-34223-1g68rg/sqlite-src-3450300/test/scanstatus.test  
     inflating: /var/folders/bq/wnhbwrkx4dx1q2c27c8v6wkh0000gp/T/d20250528-34223-1g68rg/sqlite-src-3450300/test/fts3query.test  
     inflating: /var/folders/bq/wnhbwrkx4dx1q2c27c8v6wkh0000gp/T/d20250528-34223-1g68rg/sqlite-src-3450300/test/attachmalloc.test  
     inflating: /var/folders/bq/wnhbwrkx4dx1q2c27c8v6wkh0000gp/T/d20250528-34223-1g68rg/sqlite-src-3450300/test/journal3.test  
     inflating: /var/folders/bq/wnhbwrkx4dx1q2c27c8v6wkh0000gp/T/d20250528-34223-1g68rg/sqlite-src-3450300/test/vtab8.test  
     inflating: /var/folders/bq/wnhbwrkx4dx1q2c27c8v6wkh0000gp/T/d20250528-34223-1g68rg/sqlite-src-3450300/test/optfuzz-db01.c  
     inflating: /var/folders/bq/wnhbwrkx4dx1q2c27c8v6wkh0000gp/T/d20250528-34223-1g68rg/sqlite-src-3450300/test/fts3defer.test  
     inflating: /var/folders/bq/wnhbwrkx4dx1q2c27c8v6wkh0000gp/T/d20250528-34223-1g68rg/sqlite-src-3450300/test/testrunner.tcl  
     inflating: /var/folders/bq/wnhbwrkx4dx1q2c27c8v6wkh0000gp/T/d20250528-34223-1g68rg/sqlite-src-3450300/test/autoindex5.test  
     inflating: /var/folders/bq/wnhbwrkx4dx1q2c27c8v6wkh0000gp/T/d20250528-34223-1g68rg/sqlite-src-3450300/test/analyze9.test  
     inflating: /var/folders/bq/wnhbwrkx4dx1q2c27c8v6wkh0000gp/T/d20250528-34223-1g68rg/sqlite-src-3450300/test/joinB.test  
     inflating: /var/folders/bq/wnhbwrkx4dx1q2c27c8v6wkh0000gp/T/d20250528-34223-1g68rg/sqlite-src-3450300/test/windowerr.tcl  
     inflating: /var/folders/bq/wnhbwrkx4dx1q2c27c8v6wkh0000gp/T/d20250528-34223-1g68rg/sqlite-src-3450300/test/orderby9.test  
     inflating: /var/folders/bq/wnhbwrkx4dx1q2c27c8v6wkh0000gp/T/d20250528-34223-1g68rg/sqlite-src-3450300/test/vtabA.test  
     inflating: /var/folders/bq/wnhbwrkx4dx1q2c27c8v6wkh0000gp/T/d20250528-34223-1g68rg/sqlite-src-3450300/test/pager1.test  
     inflating: /var/folders/bq/wnhbwrkx4dx1q2c27c8v6wkh0000gp/T/d20250528-34223-1g68rg/sqlite-src-3450300/test/insert3.test  
     inflating: /var/folders/bq/wnhbwrkx4dx1q2c27c8v6wkh0000gp/T/d20250528-34223-1g68rg/sqlite-src-3450300/test/sqldiff1.test  
     inflating: /var/folders/bq/wnhbwrkx4dx1q2c27c8v6wkh0000gp/T/d20250528-34223-1g68rg/sqlite-src-3450300/test/fuzzcheck.c  
     inflating: /var/folders/bq/wnhbwrkx4dx1q2c27c8v6wkh0000gp/T/d20250528-34223-1g68rg/sqlite-src-3450300/test/e_insert.test  
     inflating: /var/folders/bq/wnhbwrkx4dx1q2c27c8v6wkh0000gp/T/d20250528-34223-1g68rg/sqlite-src-3450300/test/resolver01.test  
     inflating: /var/folders/bq/wnhbwrkx4dx1q2c27c8v6wkh0000gp/T/d20250528-34223-1g68rg/sqlite-src-3450300/test/tkt-2ea2425d34.test  
     inflating: /var/folders/bq/wnhbwrkx4dx1q2c27c8v6wkh0000gp/T/d20250528-34223-1g68rg/sqlite-src-3450300/test/all.test  
     inflating: /var/folders/bq/wnhbwrkx4dx1q2c27c8v6wkh0000gp/T/d20250528-34223-1g68rg/sqlite-src-3450300/test/vtab5.test  
     inflating: /var/folders/bq/wnhbwrkx4dx1q2c27c8v6wkh0000gp/T/d20250528-34223-1g68rg/sqlite-src-3450300/test/tkt3419.test  
     inflating: /var/folders/bq/wnhbwrkx4dx1q2c27c8v6wkh0000gp/T/d20250528-34223-1g68rg/sqlite-src-3450300/test/minmax4.test  
     inflating: /var/folders/bq/wnhbwrkx4dx1q2c27c8v6wkh0000gp/T/d20250528-34223-1g68rg/sqlite-src-3450300/test/minmax.test  
     inflating: /var/folders/bq/wnhbwrkx4dx1q2c27c8v6wkh0000gp/T/d20250528-34223-1g68rg/sqlite-src-3450300/test/lock6.test  
     inflating: /var/folders/bq/wnhbwrkx4dx1q2c27c8v6wkh0000gp/T/d20250528-34223-1g68rg/sqlite-src-3450300/test/mutex1.test  
     inflating: /var/folders/bq/wnhbwrkx4dx1q2c27c8v6wkh0000gp/T/d20250528-34223-1g68rg/sqlite-src-3450300/test/symlink.test  
     inflating: /var/folders/bq/wnhbwrkx4dx1q2c27c8v6wkh0000gp/T/d20250528-34223-1g68rg/sqlite-src-3450300/test/upfrom4.test  
     inflating: /var/folders/bq/wnhbwrkx4dx1q2c27c8v6wkh0000gp/T/d20250528-34223-1g68rg/sqlite-src-3450300/test/index2.test  
     inflating: /var/folders/bq/wnhbwrkx4dx1q2c27c8v6wkh0000gp/T/d20250528-34223-1g68rg/sqlite-src-3450300/test/fts3fuzz001.test  
     inflating: /var/folders/bq/wnhbwrkx4dx1q2c27c8v6wkh0000gp/T/d20250528-34223-1g68rg/sqlite-src-3450300/test/fts3prefix.test  
     inflating: /var/folders/bq/wnhbwrkx4dx1q2c27c8v6wkh0000gp/T/d20250528-34223-1g68rg/sqlite-src-3450300/test/table.test  
     inflating: /var/folders/bq/wnhbwrkx4dx1q2c27c8v6wkh0000gp/T/d20250528-34223-1g68rg/sqlite-src-3450300/test/in2.test  
     inflating: /var/folders/bq/wnhbwrkx4dx1q2c27c8v6wkh0000gp/T/d20250528-34223-1g68rg/sqlite-src-3450300/test/index5.test  
     inflating: /var/folders/bq/wnhbwrkx4dx1q2c27c8v6wkh0000gp/T/d20250528-34223-1g68rg/sqlite-src-3450300/test/tkt-6bfb98dfc0.test  
     inflating: /var/folders/bq/wnhbwrkx4dx1q2c27c8v6wkh0000gp/T/d20250528-34223-1g68rg/sqlite-src-3450300/test/pagesize.test  
     inflating: /var/folders/bq/wnhbwrkx4dx1q2c27c8v6wkh0000gp/T/d20250528-34223-1g68rg/sqlite-src-3450300/test/auth3.test  
     inflating: /var/folders/bq/wnhbwrkx4dx1q2c27c8v6wkh0000gp/T/d20250528-34223-1g68rg/sqlite-src-3450300/test/multiplex3.test  
     inflating: /var/folders/bq/wnhbwrkx4dx1q2c27c8v6wkh0000gp/T/d20250528-34223-1g68rg/sqlite-src-3450300/test/func3.test  
     inflating: /var/folders/bq/wnhbwrkx4dx1q2c27c8v6wkh0000gp/T/d20250528-34223-1g68rg/sqlite-src-3450300/test/shell2.test  
     inflating: /var/folders/bq/wnhbwrkx4dx1q2c27c8v6wkh0000gp/T/d20250528-34223-1g68rg/sqlite-src-3450300/test/tkt-8c63ff0ec.test  
     inflating: /var/folders/bq/wnhbwrkx4dx1q2c27c8v6wkh0000gp/T/d20250528-34223-1g68rg/sqlite-src-3450300/test/fts3defer2.test  
     inflating: /var/folders/bq/wnhbwrkx4dx1q2c27c8v6wkh0000gp/T/d20250528-34223-1g68rg/sqlite-src-3450300/test/tkt-d11f09d36e.test  
     inflating: /var/folders/bq/wnhbwrkx4dx1q2c27c8v6wkh0000gp/T/d20250528-34223-1g68rg/sqlite-src-3450300/test/walcrash3.test  
     inflating: /var/folders/bq/wnhbwrkx4dx1q2c27c8v6wkh0000gp/T/d20250528-34223-1g68rg/sqlite-src-3450300/test/async2.test  
     inflating: /var/folders/bq/wnhbwrkx4dx1q2c27c8v6wkh0000gp/T/d20250528-34223-1g68rg/sqlite-src-3450300/test/sort.test  
     inflating: /var/folders/bq/wnhbwrkx4dx1q2c27c8v6wkh0000gp/T/d20250528-34223-1g68rg/sqlite-src-3450300/test/fts3fault.test  
     inflating: /var/folders/bq/wnhbwrkx4dx1q2c27c8v6wkh0000gp/T/d20250528-34223-1g68rg/sqlite-src-3450300/test/collate3.test  
     inflating: /var/folders/bq/wnhbwrkx4dx1q2c27c8v6wkh0000gp/T/d20250528-34223-1g68rg/sqlite-src-3450300/test/incrblobfault.test  
     inflating: /var/folders/bq/wnhbwrkx4dx1q2c27c8v6wkh0000gp/T/d20250528-34223-1g68rg/sqlite-src-3450300/test/bestindex5.test  
     inflating: /var/folders/bq/wnhbwrkx4dx1q2c27c8v6wkh0000gp/T/d20250528-34223-1g68rg/sqlite-src-3450300/test/quota2.test  
     inflating: /var/folders/bq/wnhbwrkx4dx1q2c27c8v6wkh0000gp/T/d20250528-34223-1g68rg/sqlite-src-3450300/test/utf16align.test  
     inflating: /var/folders/bq/wnhbwrkx4dx1q2c27c8v6wkh0000gp/T/d20250528-34223-1g68rg/sqlite-src-3450300/test/changes.test  
     inflating: /var/folders/bq/wnhbwrkx4dx1q2c27c8v6wkh0000gp/T/d20250528-34223-1g68rg/sqlite-src-3450300/test/boundary4.tcl  
     inflating: /var/folders/bq/wnhbwrkx4dx1q2c27c8v6wkh0000gp/T/d20250528-34223-1g68rg/sqlite-src-3450300/test/contrib01.test  
     inflating: /var/folders/bq/wnhbwrkx4dx1q2c27c8v6wkh0000gp/T/d20250528-34223-1g68rg/sqlite-src-3450300/test/tkt2927.test  
     inflating: /var/folders/bq/wnhbwrkx4dx1q2c27c8v6wkh0000gp/T/d20250528-34223-1g68rg/sqlite-src-3450300/test/tkt3357.test  
     inflating: /var/folders/bq/wnhbwrkx4dx1q2c27c8v6wkh0000gp/T/d20250528-34223-1g68rg/sqlite-src-3450300/test/analyzeF.test  
     inflating: /var/folders/bq/wnhbwrkx4dx1q2c27c8v6wkh0000gp/T/d20250528-34223-1g68rg/sqlite-src-3450300/test/fts3al.test  
     inflating: /var/folders/bq/wnhbwrkx4dx1q2c27c8v6wkh0000gp/T/d20250528-34223-1g68rg/sqlite-src-3450300/test/intarray.test  
     inflating: /var/folders/bq/wnhbwrkx4dx1q2c27c8v6wkh0000gp/T/d20250528-34223-1g68rg/sqlite-src-3450300/test/shared.test  
     inflating: /var/folders/bq/wnhbwrkx4dx1q2c27c8v6wkh0000gp/T/d20250528-34223-1g68rg/sqlite-src-3450300/test/speed4p.test  
     inflating: /var/folders/bq/wnhbwrkx4dx1q2c27c8v6wkh0000gp/T/d20250528-34223-1g68rg/sqlite-src-3450300/test/recover.test  
     inflating: /var/folders/bq/wnhbwrkx4dx1q2c27c8v6wkh0000gp/T/d20250528-34223-1g68rg/sqlite-src-3450300/test/tkt-18458b1a.test  
     inflating: /var/folders/bq/wnhbwrkx4dx1q2c27c8v6wkh0000gp/T/d20250528-34223-1g68rg/sqlite-src-3450300/test/bitvec.test  
     inflating: /var/folders/bq/wnhbwrkx4dx1q2c27c8v6wkh0000gp/T/d20250528-34223-1g68rg/sqlite-src-3450300/test/walfault2.test  
     inflating: /var/folders/bq/wnhbwrkx4dx1q2c27c8v6wkh0000gp/T/d20250528-34223-1g68rg/sqlite-src-3450300/test/with4.test  
     inflating: /var/folders/bq/wnhbwrkx4dx1q2c27c8v6wkh0000gp/T/d20250528-34223-1g68rg/sqlite-src-3450300/test/in.test  
     inflating: /var/folders/bq/wnhbwrkx4dx1q2c27c8v6wkh0000gp/T/d20250528-34223-1g68rg/sqlite-src-3450300/test/tkt3731.test  
     inflating: /var/folders/bq/wnhbwrkx4dx1q2c27c8v6wkh0000gp/T/d20250528-34223-1g68rg/sqlite-src-3450300/test/aggnested.test  
     inflating: /var/folders/bq/wnhbwrkx4dx1q2c27c8v6wkh0000gp/T/d20250528-34223-1g68rg/sqlite-src-3450300/test/analyzeE.test  
     inflating: /var/folders/bq/wnhbwrkx4dx1q2c27c8v6wkh0000gp/T/d20250528-34223-1g68rg/sqlite-src-3450300/test/delete_db.test  
     inflating: /var/folders/bq/wnhbwrkx4dx1q2c27c8v6wkh0000gp/T/d20250528-34223-1g68rg/sqlite-src-3450300/test/tkt-868145d012.test  
     inflating: /var/folders/bq/wnhbwrkx4dx1q2c27c8v6wkh0000gp/T/d20250528-34223-1g68rg/sqlite-src-3450300/test/swarmvtab3.test  
     inflating: /var/folders/bq/wnhbwrkx4dx1q2c27c8v6wkh0000gp/T/d20250528-34223-1g68rg/sqlite-src-3450300/test/trigger7.test  
     inflating: /var/folders/bq/wnhbwrkx4dx1q2c27c8v6wkh0000gp/T/d20250528-34223-1g68rg/sqlite-src-3450300/test/tkt-26ff0c2d1e.test  
     inflating: /var/folders/bq/wnhbwrkx4dx1q2c27c8v6wkh0000gp/T/d20250528-34223-1g68rg/sqlite-src-3450300/test/collate6.test  
     inflating: /var/folders/bq/wnhbwrkx4dx1q2c27c8v6wkh0000gp/T/d20250528-34223-1g68rg/sqlite-src-3450300/test/tkt2565.test  
     inflating: /var/folders/bq/wnhbwrkx4dx1q2c27c8v6wkh0000gp/T/d20250528-34223-1g68rg/sqlite-src-3450300/test/upsert2.test  
     inflating: /var/folders/bq/wnhbwrkx4dx1q2c27c8v6wkh0000gp/T/d20250528-34223-1g68rg/sqlite-src-3450300/test/triggerA.test  
     inflating: /var/folders/bq/wnhbwrkx4dx1q2c27c8v6wkh0000gp/T/d20250528-34223-1g68rg/sqlite-src-3450300/test/corruptL.test  
     inflating: /var/folders/bq/wnhbwrkx4dx1q2c27c8v6wkh0000gp/T/d20250528-34223-1g68rg/sqlite-src-3450300/test/whereH.test  
     inflating: /var/folders/bq/wnhbwrkx4dx1q2c27c8v6wkh0000gp/T/d20250528-34223-1g68rg/sqlite-src-3450300/test/randexpr1.test  
     inflating: /var/folders/bq/wnhbwrkx4dx1q2c27c8v6wkh0000gp/T/d20250528-34223-1g68rg/sqlite-src-3450300/test/tkt3080.test  
     inflating: /var/folders/bq/wnhbwrkx4dx1q2c27c8v6wkh0000gp/T/d20250528-34223-1g68rg/sqlite-src-3450300/test/fts4rename.test  
     inflating: /var/folders/bq/wnhbwrkx4dx1q2c27c8v6wkh0000gp/T/d20250528-34223-1g68rg/sqlite-src-3450300/test/windowerr.test  
     inflating: /var/folders/bq/wnhbwrkx4dx1q2c27c8v6wkh0000gp/T/d20250528-34223-1g68rg/sqlite-src-3450300/test/rowvalue2.test  
     inflating: /var/folders/bq/wnhbwrkx4dx1q2c27c8v6wkh0000gp/T/d20250528-34223-1g68rg/sqlite-src-3450300/test/mmap2.test  
     inflating: /var/folders/bq/wnhbwrkx4dx1q2c27c8v6wkh0000gp/T/d20250528-34223-1g68rg/sqlite-src-3450300/test/external_reader.test  
     inflating: /var/folders/bq/wnhbwrkx4dx1q2c27c8v6wkh0000gp/T/d20250528-34223-1g68rg/sqlite-src-3450300/test/window8.test  
     inflating: /var/folders/bq/wnhbwrkx4dx1q2c27c8v6wkh0000gp/T/d20250528-34223-1g68rg/sqlite-src-3450300/test/ptrchng.test  
     inflating: /var/folders/bq/wnhbwrkx4dx1q2c27c8v6wkh0000gp/T/d20250528-34223-1g68rg/sqlite-src-3450300/test/numcast.test  
     inflating: /var/folders/bq/wnhbwrkx4dx1q2c27c8v6wkh0000gp/T/d20250528-34223-1g68rg/sqlite-src-3450300/test/tkt-313723c356.test  
     inflating: /var/folders/bq/wnhbwrkx4dx1q2c27c8v6wkh0000gp/T/d20250528-34223-1g68rg/sqlite-src-3450300/test/vacuum3.test  
     inflating: /var/folders/bq/wnhbwrkx4dx1q2c27c8v6wkh0000gp/T/d20250528-34223-1g68rg/sqlite-src-3450300/test/rowvaluefault.test  
     inflating: /var/folders/bq/wnhbwrkx4dx1q2c27c8v6wkh0000gp/T/d20250528-34223-1g68rg/sqlite-src-3450300/test/wal.test  
     inflating: /var/folders/bq/wnhbwrkx4dx1q2c27c8v6wkh0000gp/T/d20250528-34223-1g68rg/sqlite-src-3450300/test/corruptN.test  
     inflating: /var/folders/bq/wnhbwrkx4dx1q2c27c8v6wkh0000gp/T/d20250528-34223-1g68rg/sqlite-src-3450300/test/malloc.test  
     inflating: /var/folders/bq/wnhbwrkx4dx1q2c27c8v6wkh0000gp/T/d20250528-34223-1g68rg/sqlite-src-3450300/test/fts3shared.test  
     inflating: /var/folders/bq/wnhbwrkx4dx1q2c27c8v6wkh0000gp/T/d20250528-34223-1g68rg/sqlite-src-3450300/test/fts3comp1.test  
     inflating: /var/folders/bq/wnhbwrkx4dx1q2c27c8v6wkh0000gp/T/d20250528-34223-1g68rg/sqlite-src-3450300/test/triggerG.test  
     inflating: /var/folders/bq/wnhbwrkx4dx1q2c27c8v6wkh0000gp/T/d20250528-34223-1g68rg/sqlite-src-3450300/test/tempdb2.test  
     inflating: /var/folders/bq/wnhbwrkx4dx1q2c27c8v6wkh0000gp/T/d20250528-34223-1g68rg/sqlite-src-3450300/test/trigger5.test  
     inflating: /var/folders/bq/wnhbwrkx4dx1q2c27c8v6wkh0000gp/T/d20250528-34223-1g68rg/sqlite-src-3450300/test/tkt2339.test  
     inflating: /var/folders/bq/wnhbwrkx4dx1q2c27c8v6wkh0000gp/T/d20250528-34223-1g68rg/sqlite-src-3450300/test/sorterref.test  
     inflating: /var/folders/bq/wnhbwrkx4dx1q2c27c8v6wkh0000gp/T/d20250528-34223-1g68rg/sqlite-src-3450300/test/zipfile2.test  
     inflating: /var/folders/bq/wnhbwrkx4dx1q2c27c8v6wkh0000gp/T/d20250528-34223-1g68rg/sqlite-src-3450300/test/corruptE.test  
     inflating: /var/folders/bq/wnhbwrkx4dx1q2c27c8v6wkh0000gp/T/d20250528-34223-1g68rg/sqlite-src-3450300/test/tkt-c48d99d690.test  
     inflating: /var/folders/bq/wnhbwrkx4dx1q2c27c8v6wkh0000gp/T/d20250528-34223-1g68rg/sqlite-src-3450300/test/triggerupfrom.test  
     inflating: /var/folders/bq/wnhbwrkx4dx1q2c27c8v6wkh0000gp/T/d20250528-34223-1g68rg/sqlite-src-3450300/test/zipfile.test  
     inflating: /var/folders/bq/wnhbwrkx4dx1q2c27c8v6wkh0000gp/T/d20250528-34223-1g68rg/sqlite-src-3450300/test/returningfault.test  
     inflating: /var/folders/bq/wnhbwrkx4dx1q2c27c8v6wkh0000gp/T/d20250528-34223-1g68rg/sqlite-src-3450300/test/colname.test  
     inflating: /var/folders/bq/wnhbwrkx4dx1q2c27c8v6wkh0000gp/T/d20250528-34223-1g68rg/sqlite-src-3450300/test/init.test  
     inflating: /var/folders/bq/wnhbwrkx4dx1q2c27c8v6wkh0000gp/T/d20250528-34223-1g68rg/sqlite-src-3450300/test/tkt3508.test  
     inflating: /var/folders/bq/wnhbwrkx4dx1q2c27c8v6wkh0000gp/T/d20250528-34223-1g68rg/sqlite-src-3450300/test/autovacuum2.test  
     inflating: /var/folders/bq/wnhbwrkx4dx1q2c27c8v6wkh0000gp/T/d20250528-34223-1g68rg/sqlite-src-3450300/test/rowvaluevtab.test  
     inflating: /var/folders/bq/wnhbwrkx4dx1q2c27c8v6wkh0000gp/T/d20250528-34223-1g68rg/sqlite-src-3450300/test/session.test  
     inflating: /var/folders/bq/wnhbwrkx4dx1q2c27c8v6wkh0000gp/T/d20250528-34223-1g68rg/sqlite-src-3450300/test/vtabI.test  
     inflating: /var/folders/bq/wnhbwrkx4dx1q2c27c8v6wkh0000gp/T/d20250528-34223-1g68rg/sqlite-src-3450300/test/shared_err.test  
     inflating: /var/folders/bq/wnhbwrkx4dx1q2c27c8v6wkh0000gp/T/d20250528-34223-1g68rg/sqlite-src-3450300/test/lemon-test01.y  
     inflating: /var/folders/bq/wnhbwrkx4dx1q2c27c8v6wkh0000gp/T/d20250528-34223-1g68rg/sqlite-src-3450300/test/rowvalue6.test  
     inflating: /var/folders/bq/wnhbwrkx4dx1q2c27c8v6wkh0000gp/T/d20250528-34223-1g68rg/sqlite-src-3450300/test/busy2.test  
     inflating: /var/folders/bq/wnhbwrkx4dx1q2c27c8v6wkh0000gp/T/d20250528-34223-1g68rg/sqlite-src-3450300/test/make-where7.tcl  
     inflating: /var/folders/bq/wnhbwrkx4dx1q2c27c8v6wkh0000gp/T/d20250528-34223-1g68rg/sqlite-src-3450300/test/fts4opt.test  
     inflating: /var/folders/bq/wnhbwrkx4dx1q2c27c8v6wkh0000gp/T/d20250528-34223-1g68rg/sqlite-src-3450300/test/indexedby.test  
     inflating: /var/folders/bq/wnhbwrkx4dx1q2c27c8v6wkh0000gp/T/d20250528-34223-1g68rg/sqlite-src-3450300/test/fts3corrupt.test  
     inflating: /var/folders/bq/wnhbwrkx4dx1q2c27c8v6wkh0000gp/T/d20250528-34223-1g68rg/sqlite-src-3450300/test/fts4merge5.test  
     inflating: /var/folders/bq/wnhbwrkx4dx1q2c27c8v6wkh0000gp/T/d20250528-34223-1g68rg/sqlite-src-3450300/test/where3.test  
     inflating: /var/folders/bq/wnhbwrkx4dx1q2c27c8v6wkh0000gp/T/d20250528-34223-1g68rg/sqlite-src-3450300/test/json105.test  
     inflating: /var/folders/bq/wnhbwrkx4dx1q2c27c8v6wkh0000gp/T/d20250528-34223-1g68rg/sqlite-src-3450300/test/vtabH.test  
     inflating: /var/folders/bq/wnhbwrkx4dx1q2c27c8v6wkh0000gp/T/d20250528-34223-1g68rg/sqlite-src-3450300/test/malloc3.test  
     inflating: /var/folders/bq/wnhbwrkx4dx1q2c27c8v6wkh0000gp/T/d20250528-34223-1g68rg/sqlite-src-3450300/test/wherelimit2.test  
     inflating: /var/folders/bq/wnhbwrkx4dx1q2c27c8v6wkh0000gp/T/d20250528-34223-1g68rg/sqlite-src-3450300/test/tkt2332.test  
     inflating: /var/folders/bq/wnhbwrkx4dx1q2c27c8v6wkh0000gp/T/d20250528-34223-1g68rg/sqlite-src-3450300/test/backup5.test  
     inflating: /var/folders/bq/wnhbwrkx4dx1q2c27c8v6wkh0000gp/T/d20250528-34223-1g68rg/sqlite-src-3450300/test/json102.test  
     inflating: /var/folders/bq/wnhbwrkx4dx1q2c27c8v6wkh0000gp/T/d20250528-34223-1g68rg/sqlite-src-3450300/test/thread2.test  
     inflating: /var/folders/bq/wnhbwrkx4dx1q2c27c8v6wkh0000gp/T/d20250528-34223-1g68rg/sqlite-src-3450300/test/journal2.test  
     inflating: /var/folders/bq/wnhbwrkx4dx1q2c27c8v6wkh0000gp/T/d20250528-34223-1g68rg/sqlite-src-3450300/test/vacuum.test  
     inflating: /var/folders/bq/wnhbwrkx4dx1q2c27c8v6wkh0000gp/T/d20250528-34223-1g68rg/sqlite-src-3450300/test/wal7.test  
     inflating: /var/folders/bq/wnhbwrkx4dx1q2c27c8v6wkh0000gp/T/d20250528-34223-1g68rg/sqlite-src-3450300/test/analyze.test  
     inflating: /var/folders/bq/wnhbwrkx4dx1q2c27c8v6wkh0000gp/T/d20250528-34223-1g68rg/sqlite-src-3450300/test/fts3sort.test  
     inflating: /var/folders/bq/wnhbwrkx4dx1q2c27c8v6wkh0000gp/T/d20250528-34223-1g68rg/sqlite-src-3450300/test/multiplex.test  
     inflating: /var/folders/bq/wnhbwrkx4dx1q2c27c8v6wkh0000gp/T/d20250528-34223-1g68rg/sqlite-src-3450300/test/boundary2.test  
     inflating: /var/folders/bq/wnhbwrkx4dx1q2c27c8v6wkh0000gp/T/d20250528-34223-1g68rg/sqlite-src-3450300/test/whereA.test  
     inflating: /var/folders/bq/wnhbwrkx4dx1q2c27c8v6wkh0000gp/T/d20250528-34223-1g68rg/sqlite-src-3450300/test/tkt3334.test  
     inflating: /var/folders/bq/wnhbwrkx4dx1q2c27c8v6wkh0000gp/T/d20250528-34223-1g68rg/sqlite-src-3450300/test/subquery2.test  
     inflating: /var/folders/bq/wnhbwrkx4dx1q2c27c8v6wkh0000gp/T/d20250528-34223-1g68rg/sqlite-src-3450300/test/tkt3581.test  
     inflating: /var/folders/bq/wnhbwrkx4dx1q2c27c8v6wkh0000gp/T/d20250528-34223-1g68rg/sqlite-src-3450300/test/cacheflush.test  
     inflating: /var/folders/bq/wnhbwrkx4dx1q2c27c8v6wkh0000gp/T/d20250528-34223-1g68rg/sqlite-src-3450300/test/pagerfault.test  
     inflating: /var/folders/bq/wnhbwrkx4dx1q2c27c8v6wkh0000gp/T/d20250528-34223-1g68rg/sqlite-src-3450300/test/collate7.test  
     inflating: /var/folders/bq/wnhbwrkx4dx1q2c27c8v6wkh0000gp/T/d20250528-34223-1g68rg/sqlite-src-3450300/test/fts3ae.test  
     inflating: /var/folders/bq/wnhbwrkx4dx1q2c27c8v6wkh0000gp/T/d20250528-34223-1g68rg/sqlite-src-3450300/test/windowA.test  
     inflating: /var/folders/bq/wnhbwrkx4dx1q2c27c8v6wkh0000gp/T/d20250528-34223-1g68rg/sqlite-src-3450300/test/win32nolock.test  
     inflating: /var/folders/bq/wnhbwrkx4dx1q2c27c8v6wkh0000gp/T/d20250528-34223-1g68rg/sqlite-src-3450300/test/tkt-3fe897352e.test  
     inflating: /var/folders/bq/wnhbwrkx4dx1q2c27c8v6wkh0000gp/T/d20250528-34223-1g68rg/sqlite-src-3450300/test/hidden.test  
     inflating: /var/folders/bq/wnhbwrkx4dx1q2c27c8v6wkh0000gp/T/d20250528-34223-1g68rg/sqlite-src-3450300/test/walthread.test  
     inflating: /var/folders/bq/wnhbwrkx4dx1q2c27c8v6wkh0000gp/T/d20250528-34223-1g68rg/sqlite-src-3450300/test/tkt1644.test  
     inflating: /var/folders/bq/wnhbwrkx4dx1q2c27c8v6wkh0000gp/T/d20250528-34223-1g68rg/sqlite-src-3450300/test/orderbyA.test  
     inflating: /var/folders/bq/wnhbwrkx4dx1q2c27c8v6wkh0000gp/T/d20250528-34223-1g68rg/sqlite-src-3450300/test/mmap1.test  
     inflating: /var/folders/bq/wnhbwrkx4dx1q2c27c8v6wkh0000gp/T/d20250528-34223-1g68rg/sqlite-src-3450300/test/fts3e.test  
     inflating: /var/folders/bq/wnhbwrkx4dx1q2c27c8v6wkh0000gp/T/d20250528-34223-1g68rg/sqlite-src-3450300/test/fts3ac.test  
     inflating: /var/folders/bq/wnhbwrkx4dx1q2c27c8v6wkh0000gp/T/d20250528-34223-1g68rg/sqlite-src-3450300/test/selectG.test  
     inflating: /var/folders/bq/wnhbwrkx4dx1q2c27c8v6wkh0000gp/T/d20250528-34223-1g68rg/sqlite-src-3450300/test/unionall.test  
     inflating: /var/folders/bq/wnhbwrkx4dx1q2c27c8v6wkh0000gp/T/d20250528-34223-1g68rg/sqlite-src-3450300/test/descidx3.test  
     inflating: /var/folders/bq/wnhbwrkx4dx1q2c27c8v6wkh0000gp/T/d20250528-34223-1g68rg/sqlite-src-3450300/test/attach2.test  
     inflating: /var/folders/bq/wnhbwrkx4dx1q2c27c8v6wkh0000gp/T/d20250528-34223-1g68rg/sqlite-src-3450300/test/tkt3292.test  
     inflating: /var/folders/bq/wnhbwrkx4dx1q2c27c8v6wkh0000gp/T/d20250528-34223-1g68rg/sqlite-src-3450300/test/e_changes.test  
     inflating: /var/folders/bq/wnhbwrkx4dx1q2c27c8v6wkh0000gp/T/d20250528-34223-1g68rg/sqlite-src-3450300/test/fts4langid.test  
     inflating: /var/folders/bq/wnhbwrkx4dx1q2c27c8v6wkh0000gp/T/d20250528-34223-1g68rg/sqlite-src-3450300/test/speed1.test  
     inflating: /var/folders/bq/wnhbwrkx4dx1q2c27c8v6wkh0000gp/T/d20250528-34223-1g68rg/sqlite-src-3450300/test/tkt1444.test  
     inflating: /var/folders/bq/wnhbwrkx4dx1q2c27c8v6wkh0000gp/T/d20250528-34223-1g68rg/sqlite-src-3450300/test/exists.test  
     inflating: /var/folders/bq/wnhbwrkx4dx1q2c27c8v6wkh0000gp/T/d20250528-34223-1g68rg/sqlite-src-3450300/test/tkt-5e10420e8d.test  
     inflating: /var/folders/bq/wnhbwrkx4dx1q2c27c8v6wkh0000gp/T/d20250528-34223-1g68rg/sqlite-src-3450300/test/dbstatus2.test  
     inflating: /var/folders/bq/wnhbwrkx4dx1q2c27c8v6wkh0000gp/T/d20250528-34223-1g68rg/sqlite-src-3450300/test/tkt3461.test  
     inflating: /var/folders/bq/wnhbwrkx4dx1q2c27c8v6wkh0000gp/T/d20250528-34223-1g68rg/sqlite-src-3450300/test/bc_common.tcl  
     inflating: /var/folders/bq/wnhbwrkx4dx1q2c27c8v6wkh0000gp/T/d20250528-34223-1g68rg/sqlite-src-3450300/test/tkt-752e1646fc.test  
     inflating: /var/folders/bq/wnhbwrkx4dx1q2c27c8v6wkh0000gp/T/d20250528-34223-1g68rg/sqlite-src-3450300/test/indexexpr2.test  
     inflating: /var/folders/bq/wnhbwrkx4dx1q2c27c8v6wkh0000gp/T/d20250528-34223-1g68rg/sqlite-src-3450300/test/vtab1.test  
     inflating: /var/folders/bq/wnhbwrkx4dx1q2c27c8v6wkh0000gp/T/d20250528-34223-1g68rg/sqlite-src-3450300/test/tkt-385a5b56b9.test  
     inflating: /var/folders/bq/wnhbwrkx4dx1q2c27c8v6wkh0000gp/T/d20250528-34223-1g68rg/sqlite-src-3450300/test/malloc5.test  
     inflating: /var/folders/bq/wnhbwrkx4dx1q2c27c8v6wkh0000gp/T/d20250528-34223-1g68rg/sqlite-src-3450300/test/select5.test  
     inflating: /var/folders/bq/wnhbwrkx4dx1q2c27c8v6wkh0000gp/T/d20250528-34223-1g68rg/sqlite-src-3450300/test/tkt-02a8e81d44.test  
     inflating: /var/folders/bq/wnhbwrkx4dx1q2c27c8v6wkh0000gp/T/d20250528-34223-1g68rg/sqlite-src-3450300/test/tkt-b351d95f9.test  
     inflating: /var/folders/bq/wnhbwrkx4dx1q2c27c8v6wkh0000gp/T/d20250528-34223-1g68rg/sqlite-src-3450300/test/bigsort.test  
     inflating: /var/folders/bq/wnhbwrkx4dx1q2c27c8v6wkh0000gp/T/d20250528-34223-1g68rg/sqlite-src-3450300/test/skipscan5.test  
     inflating: /var/folders/bq/wnhbwrkx4dx1q2c27c8v6wkh0000gp/T/d20250528-34223-1g68rg/sqlite-src-3450300/test/tkt-d82e3f3721.test  
     inflating: /var/folders/bq/wnhbwrkx4dx1q2c27c8v6wkh0000gp/T/d20250528-34223-1g68rg/sqlite-src-3450300/test/tkt-bd484a090c.test  
     inflating: /var/folders/bq/wnhbwrkx4dx1q2c27c8v6wkh0000gp/T/d20250528-34223-1g68rg/sqlite-src-3450300/test/bestindex4.test  
     inflating: /var/folders/bq/wnhbwrkx4dx1q2c27c8v6wkh0000gp/T/d20250528-34223-1g68rg/sqlite-src-3450300/test/expr.test  
     inflating: /var/folders/bq/wnhbwrkx4dx1q2c27c8v6wkh0000gp/T/d20250528-34223-1g68rg/sqlite-src-3450300/test/with1.test  
     inflating: /var/folders/bq/wnhbwrkx4dx1q2c27c8v6wkh0000gp/T/d20250528-34223-1g68rg/sqlite-src-3450300/test/aggfault.test  
     inflating: /var/folders/bq/wnhbwrkx4dx1q2c27c8v6wkh0000gp/T/d20250528-34223-1g68rg/sqlite-src-3450300/test/fts3f.test  
     inflating: /var/folders/bq/wnhbwrkx4dx1q2c27c8v6wkh0000gp/T/d20250528-34223-1g68rg/sqlite-src-3450300/test/tkt-7a31705a7e6.test  
     inflating: /var/folders/bq/wnhbwrkx4dx1q2c27c8v6wkh0000gp/T/d20250528-34223-1g68rg/sqlite-src-3450300/test/corruptB.test  
     inflating: /var/folders/bq/wnhbwrkx4dx1q2c27c8v6wkh0000gp/T/d20250528-34223-1g68rg/sqlite-src-3450300/test/fordelete.test  
     inflating: /var/folders/bq/wnhbwrkx4dx1q2c27c8v6wkh0000gp/T/d20250528-34223-1g68rg/sqlite-src-3450300/test/keyword1.test  
     inflating: /var/folders/bq/wnhbwrkx4dx1q2c27c8v6wkh0000gp/T/d20250528-34223-1g68rg/sqlite-src-3450300/test/window9.test  
     inflating: /var/folders/bq/wnhbwrkx4dx1q2c27c8v6wkh0000gp/T/d20250528-34223-1g68rg/sqlite-src-3450300/test/ioerr3.test  
     inflating: /var/folders/bq/wnhbwrkx4dx1q2c27c8v6wkh0000gp/T/d20250528-34223-1g68rg/sqlite-src-3450300/test/show_speedtest1_rtree.tcl  
     inflating: /var/folders/bq/wnhbwrkx4dx1q2c27c8v6wkh0000gp/T/d20250528-34223-1g68rg/sqlite-src-3450300/test/fts3drop.test  
     inflating: /var/folders/bq/wnhbwrkx4dx1q2c27c8v6wkh0000gp/T/d20250528-34223-1g68rg/sqlite-src-3450300/test/cse.test  
     inflating: /var/folders/bq/wnhbwrkx4dx1q2c27c8v6wkh0000gp/T/d20250528-34223-1g68rg/sqlite-src-3450300/test/savepoint.test  
     inflating: /var/folders/bq/wnhbwrkx4dx1q2c27c8v6wkh0000gp/T/d20250528-34223-1g68rg/sqlite-src-3450300/test/tkt1501.test  
     inflating: /var/folders/bq/wnhbwrkx4dx1q2c27c8v6wkh0000gp/T/d20250528-34223-1g68rg/sqlite-src-3450300/test/nan.test  
     inflating: /var/folders/bq/wnhbwrkx4dx1q2c27c8v6wkh0000gp/T/d20250528-34223-1g68rg/sqlite-src-3450300/test/upsert5.test  
     inflating: /var/folders/bq/wnhbwrkx4dx1q2c27c8v6wkh0000gp/T/d20250528-34223-1g68rg/sqlite-src-3450300/test/whereM.test  
     inflating: /var/folders/bq/wnhbwrkx4dx1q2c27c8v6wkh0000gp/T/d20250528-34223-1g68rg/sqlite-src-3450300/test/malloc_common.tcl  
     inflating: /var/folders/bq/wnhbwrkx4dx1q2c27c8v6wkh0000gp/T/d20250528-34223-1g68rg/sqlite-src-3450300/test/nulls1.test  
     inflating: /var/folders/bq/wnhbwrkx4dx1q2c27c8v6wkh0000gp/T/d20250528-34223-1g68rg/sqlite-src-3450300/test/dbdata.test  
     inflating: /var/folders/bq/wnhbwrkx4dx1q2c27c8v6wkh0000gp/T/d20250528-34223-1g68rg/sqlite-src-3450300/test/oserror.test  
     inflating: /var/folders/bq/wnhbwrkx4dx1q2c27c8v6wkh0000gp/T/d20250528-34223-1g68rg/sqlite-src-3450300/test/func8.test  
     inflating: /var/folders/bq/wnhbwrkx4dx1q2c27c8v6wkh0000gp/T/d20250528-34223-1g68rg/sqlite-src-3450300/test/pragma3.test  
     inflating: /var/folders/bq/wnhbwrkx4dx1q2c27c8v6wkh0000gp/T/d20250528-34223-1g68rg/sqlite-src-3450300/test/trace3.test  
     inflating: /var/folders/bq/wnhbwrkx4dx1q2c27c8v6wkh0000gp/T/d20250528-34223-1g68rg/sqlite-src-3450300/test/tkt-a7debbe0.test  
     inflating: /var/folders/bq/wnhbwrkx4dx1q2c27c8v6wkh0000gp/T/d20250528-34223-1g68rg/sqlite-src-3450300/test/attach3.test  
     inflating: /var/folders/bq/wnhbwrkx4dx1q2c27c8v6wkh0000gp/T/d20250528-34223-1g68rg/sqlite-src-3450300/test/printf.test  
     inflating: /var/folders/bq/wnhbwrkx4dx1q2c27c8v6wkh0000gp/T/d20250528-34223-1g68rg/sqlite-src-3450300/test/upfrom2.test  
     inflating: /var/folders/bq/wnhbwrkx4dx1q2c27c8v6wkh0000gp/T/d20250528-34223-1g68rg/sqlite-src-3450300/test/tkt3824.test  
     inflating: /var/folders/bq/wnhbwrkx4dx1q2c27c8v6wkh0000gp/T/d20250528-34223-1g68rg/sqlite-src-3450300/test/misuse.test  
     inflating: /var/folders/bq/wnhbwrkx4dx1q2c27c8v6wkh0000gp/T/d20250528-34223-1g68rg/sqlite-src-3450300/test/vtabD.test  
     inflating: /var/folders/bq/wnhbwrkx4dx1q2c27c8v6wkh0000gp/T/d20250528-34223-1g68rg/sqlite-src-3450300/test/tkt-9f2eb3abac.test  
     inflating: /var/folders/bq/wnhbwrkx4dx1q2c27c8v6wkh0000gp/T/d20250528-34223-1g68rg/sqlite-src-3450300/test/crash7.test  
     inflating: /var/folders/bq/wnhbwrkx4dx1q2c27c8v6wkh0000gp/T/d20250528-34223-1g68rg/sqlite-src-3450300/test/soak.test  
     inflating: /var/folders/bq/wnhbwrkx4dx1q2c27c8v6wkh0000gp/T/d20250528-34223-1g68rg/sqlite-src-3450300/test/journal1.test  
     inflating: /var/folders/bq/wnhbwrkx4dx1q2c27c8v6wkh0000gp/T/d20250528-34223-1g68rg/sqlite-src-3450300/test/savepoint5.test  
     inflating: /var/folders/bq/wnhbwrkx4dx1q2c27c8v6wkh0000gp/T/d20250528-34223-1g68rg/sqlite-src-3450300/test/trigger3.test  
     inflating: /var/folders/bq/wnhbwrkx4dx1q2c27c8v6wkh0000gp/T/d20250528-34223-1g68rg/sqlite-src-3450300/test/fts3expr.test  
     inflating: /var/folders/bq/wnhbwrkx4dx1q2c27c8v6wkh0000gp/T/d20250528-34223-1g68rg/sqlite-src-3450300/test/tkt3093.test  
     inflating: /var/folders/bq/wnhbwrkx4dx1q2c27c8v6wkh0000gp/T/d20250528-34223-1g68rg/sqlite-src-3450300/test/thread005.test  
     inflating: /var/folders/bq/wnhbwrkx4dx1q2c27c8v6wkh0000gp/T/d20250528-34223-1g68rg/sqlite-src-3450300/test/carray01.test  
     inflating: /var/folders/bq/wnhbwrkx4dx1q2c27c8v6wkh0000gp/T/d20250528-34223-1g68rg/sqlite-src-3450300/test/conflict2.test  
     inflating: /var/folders/bq/wnhbwrkx4dx1q2c27c8v6wkh0000gp/T/d20250528-34223-1g68rg/sqlite-src-3450300/test/fts3af.test  
     inflating: /var/folders/bq/wnhbwrkx4dx1q2c27c8v6wkh0000gp/T/d20250528-34223-1g68rg/sqlite-src-3450300/test/schema2.test  
     inflating: /var/folders/bq/wnhbwrkx4dx1q2c27c8v6wkh0000gp/T/d20250528-34223-1g68rg/sqlite-src-3450300/test/tt3_index.c  
     inflating: /var/folders/bq/wnhbwrkx4dx1q2c27c8v6wkh0000gp/T/d20250528-34223-1g68rg/sqlite-src-3450300/test/fts4intck1.test  
     inflating: /var/folders/bq/wnhbwrkx4dx1q2c27c8v6wkh0000gp/T/d20250528-34223-1g68rg/sqlite-src-3450300/test/boundary4.test  
     inflating: /var/folders/bq/wnhbwrkx4dx1q2c27c8v6wkh0000gp/T/d20250528-34223-1g68rg/sqlite-src-3450300/test/pendingrace.test  
     inflating: /var/folders/bq/wnhbwrkx4dx1q2c27c8v6wkh0000gp/T/d20250528-34223-1g68rg/sqlite-src-3450300/test/tkt-4a03edc4c8.test  
     inflating: /var/folders/bq/wnhbwrkx4dx1q2c27c8v6wkh0000gp/T/d20250528-34223-1g68rg/sqlite-src-3450300/test/thread003.test  
     inflating: /var/folders/bq/wnhbwrkx4dx1q2c27c8v6wkh0000gp/T/d20250528-34223-1g68rg/sqlite-src-3450300/test/mutex2.test  
     inflating: /var/folders/bq/wnhbwrkx4dx1q2c27c8v6wkh0000gp/T/d20250528-34223-1g68rg/sqlite-src-3450300/test/like.test  
     inflating: /var/folders/bq/wnhbwrkx4dx1q2c27c8v6wkh0000gp/T/d20250528-34223-1g68rg/sqlite-src-3450300/test/fts3ai.test  
     inflating: /var/folders/bq/wnhbwrkx4dx1q2c27c8v6wkh0000gp/T/d20250528-34223-1g68rg/sqlite-src-3450300/test/upfrom1.test  
     inflating: /var/folders/bq/wnhbwrkx4dx1q2c27c8v6wkh0000gp/T/d20250528-34223-1g68rg/sqlite-src-3450300/test/default.test  
     inflating: /var/folders/bq/wnhbwrkx4dx1q2c27c8v6wkh0000gp/T/d20250528-34223-1g68rg/sqlite-src-3450300/test/changes2.test  
     inflating: /var/folders/bq/wnhbwrkx4dx1q2c27c8v6wkh0000gp/T/d20250528-34223-1g68rg/sqlite-src-3450300/test/walslow.test  
     inflating: /var/folders/bq/wnhbwrkx4dx1q2c27c8v6wkh0000gp/T/d20250528-34223-1g68rg/sqlite-src-3450300/test/jrnlmode2.test  
     inflating: /var/folders/bq/wnhbwrkx4dx1q2c27c8v6wkh0000gp/T/d20250528-34223-1g68rg/sqlite-src-3450300/test/avfs.test  
     inflating: /var/folders/bq/wnhbwrkx4dx1q2c27c8v6wkh0000gp/T/d20250528-34223-1g68rg/sqlite-src-3450300/test/syscall.test  
     inflating: /var/folders/bq/wnhbwrkx4dx1q2c27c8v6wkh0000gp/T/d20250528-34223-1g68rg/sqlite-src-3450300/test/tkt-ba7cbfaedc.test  
     inflating: /var/folders/bq/wnhbwrkx4dx1q2c27c8v6wkh0000gp/T/d20250528-34223-1g68rg/sqlite-src-3450300/test/exclusive2.test  
     inflating: /var/folders/bq/wnhbwrkx4dx1q2c27c8v6wkh0000gp/T/d20250528-34223-1g68rg/sqlite-src-3450300/test/tkt4018.test  
     inflating: /var/folders/bq/wnhbwrkx4dx1q2c27c8v6wkh0000gp/T/d20250528-34223-1g68rg/sqlite-src-3450300/test/schema4.test  
     inflating: /var/folders/bq/wnhbwrkx4dx1q2c27c8v6wkh0000gp/T/d20250528-34223-1g68rg/sqlite-src-3450300/test/without_rowid3.test  
     inflating: /var/folders/bq/wnhbwrkx4dx1q2c27c8v6wkh0000gp/T/d20250528-34223-1g68rg/sqlite-src-3450300/test/fts3fault2.test  
     inflating: /var/folders/bq/wnhbwrkx4dx1q2c27c8v6wkh0000gp/T/d20250528-34223-1g68rg/sqlite-src-3450300/test/selectA.test  
     inflating: /var/folders/bq/wnhbwrkx4dx1q2c27c8v6wkh0000gp/T/d20250528-34223-1g68rg/sqlite-src-3450300/test/tkt3442.test  
     inflating: /var/folders/bq/wnhbwrkx4dx1q2c27c8v6wkh0000gp/T/d20250528-34223-1g68rg/sqlite-src-3450300/test/misc2.test  
     inflating: /var/folders/bq/wnhbwrkx4dx1q2c27c8v6wkh0000gp/T/d20250528-34223-1g68rg/sqlite-src-3450300/test/stmtvtab1.test  
     inflating: /var/folders/bq/wnhbwrkx4dx1q2c27c8v6wkh0000gp/T/d20250528-34223-1g68rg/sqlite-src-3450300/test/with3.test  
     inflating: /var/folders/bq/wnhbwrkx4dx1q2c27c8v6wkh0000gp/T/d20250528-34223-1g68rg/sqlite-src-3450300/test/pager2.test  
     inflating: /var/folders/bq/wnhbwrkx4dx1q2c27c8v6wkh0000gp/T/d20250528-34223-1g68rg/sqlite-src-3450300/test/filterfault.test  
     inflating: /var/folders/bq/wnhbwrkx4dx1q2c27c8v6wkh0000gp/T/d20250528-34223-1g68rg/sqlite-src-3450300/test/json107.test  
     inflating: /var/folders/bq/wnhbwrkx4dx1q2c27c8v6wkh0000gp/T/d20250528-34223-1g68rg/sqlite-src-3450300/test/tkt1537.test  
     inflating: /var/folders/bq/wnhbwrkx4dx1q2c27c8v6wkh0000gp/T/d20250528-34223-1g68rg/sqlite-src-3450300/test/subselect.test  
     inflating: /var/folders/bq/wnhbwrkx4dx1q2c27c8v6wkh0000gp/T/d20250528-34223-1g68rg/sqlite-src-3450300/test/shared8.test  
     inflating: /var/folders/bq/wnhbwrkx4dx1q2c27c8v6wkh0000gp/T/d20250528-34223-1g68rg/sqlite-src-3450300/test/jrnlmode3.test  
     inflating: /var/folders/bq/wnhbwrkx4dx1q2c27c8v6wkh0000gp/T/d20250528-34223-1g68rg/sqlite-src-3450300/test/tkt-8454a207b9.test  
     inflating: /var/folders/bq/wnhbwrkx4dx1q2c27c8v6wkh0000gp/T/d20250528-34223-1g68rg/sqlite-src-3450300/test/shell5.test  
     inflating: /var/folders/bq/wnhbwrkx4dx1q2c27c8v6wkh0000gp/T/d20250528-34223-1g68rg/sqlite-src-3450300/test/shortread1.test  
     inflating: /var/folders/bq/wnhbwrkx4dx1q2c27c8v6wkh0000gp/T/d20250528-34223-1g68rg/sqlite-src-3450300/test/window2.tcl  
     inflating: /var/folders/bq/wnhbwrkx4dx1q2c27c8v6wkh0000gp/T/d20250528-34223-1g68rg/sqlite-src-3450300/test/memjournal.test  
     inflating: /var/folders/bq/wnhbwrkx4dx1q2c27c8v6wkh0000gp/T/d20250528-34223-1g68rg/sqlite-src-3450300/test/autovacuum.test  
     inflating: /var/folders/bq/wnhbwrkx4dx1q2c27c8v6wkh0000gp/T/d20250528-34223-1g68rg/sqlite-src-3450300/test/capi3d.test  
     inflating: /var/folders/bq/wnhbwrkx4dx1q2c27c8v6wkh0000gp/T/d20250528-34223-1g68rg/sqlite-src-3450300/test/tkt3762.test  
     inflating: /var/folders/bq/wnhbwrkx4dx1q2c27c8v6wkh0000gp/T/d20250528-34223-1g68rg/sqlite-src-3450300/test/dbfuzz001.test  
     inflating: /var/folders/bq/wnhbwrkx4dx1q2c27c8v6wkh0000gp/T/d20250528-34223-1g68rg/sqlite-src-3450300/test/corrupt3.test  
     inflating: /var/folders/bq/wnhbwrkx4dx1q2c27c8v6wkh0000gp/T/d20250528-34223-1g68rg/sqlite-src-3450300/test/time-wordcount.sh  
     inflating: /var/folders/bq/wnhbwrkx4dx1q2c27c8v6wkh0000gp/T/d20250528-34223-1g68rg/sqlite-src-3450300/test/types2.test  
     inflating: /var/folders/bq/wnhbwrkx4dx1q2c27c8v6wkh0000gp/T/d20250528-34223-1g68rg/sqlite-src-3450300/test/analyze6.test  
     inflating: /var/folders/bq/wnhbwrkx4dx1q2c27c8v6wkh0000gp/T/d20250528-34223-1g68rg/sqlite-src-3450300/test/zeroblob.test  
     inflating: /var/folders/bq/wnhbwrkx4dx1q2c27c8v6wkh0000gp/T/d20250528-34223-1g68rg/sqlite-src-3450300/test/fuzzdata3.db  
     inflating: /var/folders/bq/wnhbwrkx4dx1q2c27c8v6wkh0000gp/T/d20250528-34223-1g68rg/sqlite-src-3450300/test/date3.test  
     inflating: /var/folders/bq/wnhbwrkx4dx1q2c27c8v6wkh0000gp/T/d20250528-34223-1g68rg/sqlite-src-3450300/test/jrnlmode.test  
     inflating: /var/folders/bq/wnhbwrkx4dx1q2c27c8v6wkh0000gp/T/d20250528-34223-1g68rg/sqlite-src-3450300/test/tkt-c694113d5.test  
     inflating: /var/folders/bq/wnhbwrkx4dx1q2c27c8v6wkh0000gp/T/d20250528-34223-1g68rg/sqlite-src-3450300/test/mmapcorrupt.test  
     inflating: /var/folders/bq/wnhbwrkx4dx1q2c27c8v6wkh0000gp/T/d20250528-34223-1g68rg/sqlite-src-3450300/test/select4.test  
     inflating: /var/folders/bq/wnhbwrkx4dx1q2c27c8v6wkh0000gp/T/d20250528-34223-1g68rg/sqlite-src-3450300/test/schema5.test  
     inflating: /var/folders/bq/wnhbwrkx4dx1q2c27c8v6wkh0000gp/T/d20250528-34223-1g68rg/sqlite-src-3450300/test/mallocG.test  
     inflating: /var/folders/bq/wnhbwrkx4dx1q2c27c8v6wkh0000gp/T/d20250528-34223-1g68rg/sqlite-src-3450300/test/pragma4.test  
     inflating: /var/folders/bq/wnhbwrkx4dx1q2c27c8v6wkh0000gp/T/d20250528-34223-1g68rg/sqlite-src-3450300/test/coalesce.test  
     inflating: /var/folders/bq/wnhbwrkx4dx1q2c27c8v6wkh0000gp/T/d20250528-34223-1g68rg/sqlite-src-3450300/test/tkt-80e031a00f.test  
     inflating: /var/folders/bq/wnhbwrkx4dx1q2c27c8v6wkh0000gp/T/d20250528-34223-1g68rg/sqlite-src-3450300/test/dataversion1.test  
     inflating: /var/folders/bq/wnhbwrkx4dx1q2c27c8v6wkh0000gp/T/d20250528-34223-1g68rg/sqlite-src-3450300/test/speed4p.explain  
     inflating: /var/folders/bq/wnhbwrkx4dx1q2c27c8v6wkh0000gp/T/d20250528-34223-1g68rg/sqlite-src-3450300/test/tkt3992.test  
     inflating: /var/folders/bq/wnhbwrkx4dx1q2c27c8v6wkh0000gp/T/d20250528-34223-1g68rg/sqlite-src-3450300/test/capi3e.test  
     inflating: /var/folders/bq/wnhbwrkx4dx1q2c27c8v6wkh0000gp/T/d20250528-34223-1g68rg/sqlite-src-3450300/test/tkt3541.test  
     inflating: /var/folders/bq/wnhbwrkx4dx1q2c27c8v6wkh0000gp/T/d20250528-34223-1g68rg/sqlite-src-3450300/test/tkt1567.test  
     inflating: /var/folders/bq/wnhbwrkx4dx1q2c27c8v6wkh0000gp/T/d20250528-34223-1g68rg/sqlite-src-3450300/test/tkt-f777251dc7a.test  
     inflating: /var/folders/bq/wnhbwrkx4dx1q2c27c8v6wkh0000gp/T/d20250528-34223-1g68rg/sqlite-src-3450300/test/joinE.test  
     inflating: /var/folders/bq/wnhbwrkx4dx1q2c27c8v6wkh0000gp/T/d20250528-34223-1g68rg/sqlite-src-3450300/test/analyze5.test  
     inflating: /var/folders/bq/wnhbwrkx4dx1q2c27c8v6wkh0000gp/T/d20250528-34223-1g68rg/sqlite-src-3450300/test/cost.test  
     inflating: /var/folders/bq/wnhbwrkx4dx1q2c27c8v6wkh0000gp/T/d20250528-34223-1g68rg/sqlite-src-3450300/test/alias.test  
     inflating: /var/folders/bq/wnhbwrkx4dx1q2c27c8v6wkh0000gp/T/d20250528-34223-1g68rg/sqlite-src-3450300/test/tkt3757.test  
     inflating: /var/folders/bq/wnhbwrkx4dx1q2c27c8v6wkh0000gp/T/d20250528-34223-1g68rg/sqlite-src-3450300/test/cffault.test  
     inflating: /var/folders/bq/wnhbwrkx4dx1q2c27c8v6wkh0000gp/T/d20250528-34223-1g68rg/sqlite-src-3450300/test/createtab.test  
     inflating: /var/folders/bq/wnhbwrkx4dx1q2c27c8v6wkh0000gp/T/d20250528-34223-1g68rg/sqlite-src-3450300/test/fts3aux1.test  
     inflating: /var/folders/bq/wnhbwrkx4dx1q2c27c8v6wkh0000gp/T/d20250528-34223-1g68rg/sqlite-src-3450300/test/filectrl.test  
     inflating: /var/folders/bq/wnhbwrkx4dx1q2c27c8v6wkh0000gp/T/d20250528-34223-1g68rg/sqlite-src-3450300/test/fuzzdata7.db  
     inflating: /var/folders/bq/wnhbwrkx4dx1q2c27c8v6wkh0000gp/T/d20250528-34223-1g68rg/sqlite-src-3450300/test/thread_common.tcl  
     inflating: /var/folders/bq/wnhbwrkx4dx1q2c27c8v6wkh0000gp/T/d20250528-34223-1g68rg/sqlite-src-3450300/test/fts3conf.test  
     inflating: /var/folders/bq/wnhbwrkx4dx1q2c27c8v6wkh0000gp/T/d20250528-34223-1g68rg/sqlite-src-3450300/test/indexexpr1.test  
     inflating: /var/folders/bq/wnhbwrkx4dx1q2c27c8v6wkh0000gp/T/d20250528-34223-1g68rg/sqlite-src-3450300/test/incrblob2.test  
     inflating: /var/folders/bq/wnhbwrkx4dx1q2c27c8v6wkh0000gp/T/d20250528-34223-1g68rg/sqlite-src-3450300/test/tkt1873.test  
     inflating: /var/folders/bq/wnhbwrkx4dx1q2c27c8v6wkh0000gp/T/d20250528-34223-1g68rg/sqlite-src-3450300/test/boundary3.test  
     inflating: /var/folders/bq/wnhbwrkx4dx1q2c27c8v6wkh0000gp/T/d20250528-34223-1g68rg/sqlite-src-3450300/test/collateA.test  
     inflating: /var/folders/bq/wnhbwrkx4dx1q2c27c8v6wkh0000gp/T/d20250528-34223-1g68rg/sqlite-src-3450300/test/date4.test  
     inflating: /var/folders/bq/wnhbwrkx4dx1q2c27c8v6wkh0000gp/T/d20250528-34223-1g68rg/sqlite-src-3450300/test/e_wal.test  
     inflating: /var/folders/bq/wnhbwrkx4dx1q2c27c8v6wkh0000gp/T/d20250528-34223-1g68rg/sqlite-src-3450300/test/mmapwarm.test  
     inflating: /var/folders/bq/wnhbwrkx4dx1q2c27c8v6wkh0000gp/T/d20250528-34223-1g68rg/sqlite-src-3450300/test/shell6.test  
     inflating: /var/folders/bq/wnhbwrkx4dx1q2c27c8v6wkh0000gp/T/d20250528-34223-1g68rg/sqlite-src-3450300/test/walmode.test  
     inflating: /var/folders/bq/wnhbwrkx4dx1q2c27c8v6wkh0000gp/T/d20250528-34223-1g68rg/sqlite-src-3450300/test/permutations.test  
     inflating: /var/folders/bq/wnhbwrkx4dx1q2c27c8v6wkh0000gp/T/d20250528-34223-1g68rg/sqlite-src-3450300/test/pragmafault.test  
     inflating: /var/folders/bq/wnhbwrkx4dx1q2c27c8v6wkh0000gp/T/d20250528-34223-1g68rg/sqlite-src-3450300/test/decimal.test  
     inflating: /var/folders/bq/wnhbwrkx4dx1q2c27c8v6wkh0000gp/T/d20250528-34223-1g68rg/sqlite-src-3450300/test/temptable.test  
     inflating: /var/folders/bq/wnhbwrkx4dx1q2c27c8v6wkh0000gp/T/d20250528-34223-1g68rg/sqlite-src-3450300/test/alter2.test  
     inflating: /var/folders/bq/wnhbwrkx4dx1q2c27c8v6wkh0000gp/T/d20250528-34223-1g68rg/sqlite-src-3450300/test/whereE.test  
     inflating: /var/folders/bq/wnhbwrkx4dx1q2c27c8v6wkh0000gp/T/d20250528-34223-1g68rg/sqlite-src-3450300/test/atrc.c  
     inflating: /var/folders/bq/wnhbwrkx4dx1q2c27c8v6wkh0000gp/T/d20250528-34223-1g68rg/sqlite-src-3450300/test/fts3expr4.test  
     inflating: /var/folders/bq/wnhbwrkx4dx1q2c27c8v6wkh0000gp/T/d20250528-34223-1g68rg/sqlite-src-3450300/test/vtabdistinct.test  
     inflating: /var/folders/bq/wnhbwrkx4dx1q2c27c8v6wkh0000gp/T/d20250528-34223-1g68rg/sqlite-src-3450300/test/altercorrupt.test  
     inflating: /var/folders/bq/wnhbwrkx4dx1q2c27c8v6wkh0000gp/T/d20250528-34223-1g68rg/sqlite-src-3450300/test/index9.test  
     inflating: /var/folders/bq/wnhbwrkx4dx1q2c27c8v6wkh0000gp/T/d20250528-34223-1g68rg/sqlite-src-3450300/test/mem5.test  
     inflating: /var/folders/bq/wnhbwrkx4dx1q2c27c8v6wkh0000gp/T/d20250528-34223-1g68rg/sqlite-src-3450300/test/expr2.test  
     inflating: /var/folders/bq/wnhbwrkx4dx1q2c27c8v6wkh0000gp/T/d20250528-34223-1g68rg/sqlite-src-3450300/test/ovfl.test  
     inflating: /var/folders/bq/wnhbwrkx4dx1q2c27c8v6wkh0000gp/T/d20250528-34223-1g68rg/sqlite-src-3450300/test/unhex.test  
     inflating: /var/folders/bq/wnhbwrkx4dx1q2c27c8v6wkh0000gp/T/d20250528-34223-1g68rg/sqlite-src-3450300/test/windowfault.test  
     inflating: /var/folders/bq/wnhbwrkx4dx1q2c27c8v6wkh0000gp/T/d20250528-34223-1g68rg/sqlite-src-3450300/test/busy.test  
     inflating: /var/folders/bq/wnhbwrkx4dx1q2c27c8v6wkh0000gp/T/d20250528-34223-1g68rg/sqlite-src-3450300/test/tkt2820.test  
     inflating: /var/folders/bq/wnhbwrkx4dx1q2c27c8v6wkh0000gp/T/d20250528-34223-1g68rg/sqlite-src-3450300/test/swarmvtabfault.test  
     inflating: /var/folders/bq/wnhbwrkx4dx1q2c27c8v6wkh0000gp/T/d20250528-34223-1g68rg/sqlite-src-3450300/test/tabfunc01.test  
     inflating: /var/folders/bq/wnhbwrkx4dx1q2c27c8v6wkh0000gp/T/d20250528-34223-1g68rg/sqlite-src-3450300/test/where8.test  
     inflating: /var/folders/bq/wnhbwrkx4dx1q2c27c8v6wkh0000gp/T/d20250528-34223-1g68rg/sqlite-src-3450300/test/rdonly.test  
     inflating: /var/folders/bq/wnhbwrkx4dx1q2c27c8v6wkh0000gp/T/d20250528-34223-1g68rg/sqlite-src-3450300/test/tkt-7bbfb7d442.test  
     inflating: /var/folders/bq/wnhbwrkx4dx1q2c27c8v6wkh0000gp/T/d20250528-34223-1g68rg/sqlite-src-3450300/test/null.test  
     inflating: /var/folders/bq/wnhbwrkx4dx1q2c27c8v6wkh0000gp/T/d20250528-34223-1g68rg/sqlite-src-3450300/test/subjournal.test  
     inflating: /var/folders/bq/wnhbwrkx4dx1q2c27c8v6wkh0000gp/T/d20250528-34223-1g68rg/sqlite-src-3450300/test/json101.test  
     inflating: /var/folders/bq/wnhbwrkx4dx1q2c27c8v6wkh0000gp/T/d20250528-34223-1g68rg/sqlite-src-3450300/test/tkt3935.test  
     inflating: /var/folders/bq/wnhbwrkx4dx1q2c27c8v6wkh0000gp/T/d20250528-34223-1g68rg/sqlite-src-3450300/test/imposter1.test  
     inflating: /var/folders/bq/wnhbwrkx4dx1q2c27c8v6wkh0000gp/T/d20250528-34223-1g68rg/sqlite-src-3450300/test/vtabE.test  
     inflating: /var/folders/bq/wnhbwrkx4dx1q2c27c8v6wkh0000gp/T/d20250528-34223-1g68rg/sqlite-src-3450300/test/tkt3997.test  
     inflating: /var/folders/bq/wnhbwrkx4dx1q2c27c8v6wkh0000gp/T/d20250528-34223-1g68rg/sqlite-src-3450300/test/fts4growth.test  
     inflating: /var/folders/bq/wnhbwrkx4dx1q2c27c8v6wkh0000gp/T/d20250528-34223-1g68rg/sqlite-src-3450300/test/tkt-9d68c883.test  
     inflating: /var/folders/bq/wnhbwrkx4dx1q2c27c8v6wkh0000gp/T/d20250528-34223-1g68rg/sqlite-src-3450300/test/lastinsert.test  
     inflating: /var/folders/bq/wnhbwrkx4dx1q2c27c8v6wkh0000gp/T/d20250528-34223-1g68rg/sqlite-src-3450300/test/bestindex3.test  
     inflating: /var/folders/bq/wnhbwrkx4dx1q2c27c8v6wkh0000gp/T/d20250528-34223-1g68rg/sqlite-src-3450300/test/insert5.test  
     inflating: /var/folders/bq/wnhbwrkx4dx1q2c27c8v6wkh0000gp/T/d20250528-34223-1g68rg/sqlite-src-3450300/test/skipscan3.test  
     inflating: /var/folders/bq/wnhbwrkx4dx1q2c27c8v6wkh0000gp/T/d20250528-34223-1g68rg/sqlite-src-3450300/test/laststmtchanges.test  
     inflating: /var/folders/bq/wnhbwrkx4dx1q2c27c8v6wkh0000gp/T/d20250528-34223-1g68rg/sqlite-src-3450300/test/threadtest4.c  
     inflating: /var/folders/bq/wnhbwrkx4dx1q2c27c8v6wkh0000gp/T/d20250528-34223-1g68rg/sqlite-src-3450300/test/window3.tcl  
     inflating: /var/folders/bq/wnhbwrkx4dx1q2c27c8v6wkh0000gp/T/d20250528-34223-1g68rg/sqlite-src-3450300/test/upsert1.test  
     inflating: /var/folders/bq/wnhbwrkx4dx1q2c27c8v6wkh0000gp/T/d20250528-34223-1g68rg/sqlite-src-3450300/test/sidedelete.test  
     inflating: /var/folders/bq/wnhbwrkx4dx1q2c27c8v6wkh0000gp/T/d20250528-34223-1g68rg/sqlite-src-3450300/test/fkey2.test  
     inflating: /var/folders/bq/wnhbwrkx4dx1q2c27c8v6wkh0000gp/T/d20250528-34223-1g68rg/sqlite-src-3450300/test/fts3d.test  
     inflating: /var/folders/bq/wnhbwrkx4dx1q2c27c8v6wkh0000gp/T/d20250528-34223-1g68rg/sqlite-src-3450300/test/without_rowid2.test  
     inflating: /var/folders/bq/wnhbwrkx4dx1q2c27c8v6wkh0000gp/T/d20250528-34223-1g68rg/sqlite-src-3450300/test/tkt2213.test  
     inflating: /var/folders/bq/wnhbwrkx4dx1q2c27c8v6wkh0000gp/T/d20250528-34223-1g68rg/sqlite-src-3450300/test/e_vacuum.test  
     inflating: /var/folders/bq/wnhbwrkx4dx1q2c27c8v6wkh0000gp/T/d20250528-34223-1g68rg/sqlite-src-3450300/test/tkt3871.test  
     inflating: /var/folders/bq/wnhbwrkx4dx1q2c27c8v6wkh0000gp/T/d20250528-34223-1g68rg/sqlite-src-3450300/test/schemafault.test  
     inflating: /var/folders/bq/wnhbwrkx4dx1q2c27c8v6wkh0000gp/T/d20250528-34223-1g68rg/sqlite-src-3450300/test/notnull2.test  
     inflating: /var/folders/bq/wnhbwrkx4dx1q2c27c8v6wkh0000gp/T/d20250528-34223-1g68rg/sqlite-src-3450300/test/fpconv1.test  
     inflating: /var/folders/bq/wnhbwrkx4dx1q2c27c8v6wkh0000gp/T/d20250528-34223-1g68rg/sqlite-src-3450300/test/selectC.test  
     inflating: /var/folders/bq/wnhbwrkx4dx1q2c27c8v6wkh0000gp/T/d20250528-34223-1g68rg/sqlite-src-3450300/test/mallocD.test  
     inflating: /var/folders/bq/wnhbwrkx4dx1q2c27c8v6wkh0000gp/T/d20250528-34223-1g68rg/sqlite-src-3450300/test/triggerC.test  
     inflating: /var/folders/bq/wnhbwrkx4dx1q2c27c8v6wkh0000gp/T/d20250528-34223-1g68rg/sqlite-src-3450300/test/fts4min.test  
     inflating: /var/folders/bq/wnhbwrkx4dx1q2c27c8v6wkh0000gp/T/d20250528-34223-1g68rg/sqlite-src-3450300/test/fts4merge4.test  
     inflating: /var/folders/bq/wnhbwrkx4dx1q2c27c8v6wkh0000gp/T/d20250528-34223-1g68rg/sqlite-src-3450300/test/alterqf.test  
     inflating: /var/folders/bq/wnhbwrkx4dx1q2c27c8v6wkh0000gp/T/d20250528-34223-1g68rg/sqlite-src-3450300/test/auth2.test  
     inflating: /var/folders/bq/wnhbwrkx4dx1q2c27c8v6wkh0000gp/T/d20250528-34223-1g68rg/sqlite-src-3450300/test/orderby5.test  
     inflating: /var/folders/bq/wnhbwrkx4dx1q2c27c8v6wkh0000gp/T/d20250528-34223-1g68rg/sqlite-src-3450300/test/delete2.test  
     inflating: /var/folders/bq/wnhbwrkx4dx1q2c27c8v6wkh0000gp/T/d20250528-34223-1g68rg/sqlite-src-3450300/test/e_fkey.test  
     inflating: /var/folders/bq/wnhbwrkx4dx1q2c27c8v6wkh0000gp/T/d20250528-34223-1g68rg/sqlite-src-3450300/test/view2.test  
     inflating: /var/folders/bq/wnhbwrkx4dx1q2c27c8v6wkh0000gp/T/d20250528-34223-1g68rg/sqlite-src-3450300/test/walshared.test  
     inflating: /var/folders/bq/wnhbwrkx4dx1q2c27c8v6wkh0000gp/T/d20250528-34223-1g68rg/sqlite-src-3450300/test/rtree.test  
     inflating: /var/folders/bq/wnhbwrkx4dx1q2c27c8v6wkh0000gp/T/d20250528-34223-1g68rg/sqlite-src-3450300/test/tkt-a7b7803e.test  
     inflating: /var/folders/bq/wnhbwrkx4dx1q2c27c8v6wkh0000gp/T/d20250528-34223-1g68rg/sqlite-src-3450300/test/tkt3810.test  
     inflating: /var/folders/bq/wnhbwrkx4dx1q2c27c8v6wkh0000gp/T/d20250528-34223-1g68rg/sqlite-src-3450300/test/misc5.test  
     inflating: /var/folders/bq/wnhbwrkx4dx1q2c27c8v6wkh0000gp/T/d20250528-34223-1g68rg/sqlite-src-3450300/test/memleak.test  
     inflating: /var/folders/bq/wnhbwrkx4dx1q2c27c8v6wkh0000gp/T/d20250528-34223-1g68rg/sqlite-src-3450300/test/malloc9.test  
     inflating: /var/folders/bq/wnhbwrkx4dx1q2c27c8v6wkh0000gp/T/d20250528-34223-1g68rg/sqlite-src-3450300/test/tkt-3a77c9714e.test  
     inflating: /var/folders/bq/wnhbwrkx4dx1q2c27c8v6wkh0000gp/T/d20250528-34223-1g68rg/sqlite-src-3450300/test/without_rowid5.test  
     inflating: /var/folders/bq/wnhbwrkx4dx1q2c27c8v6wkh0000gp/T/d20250528-34223-1g68rg/sqlite-src-3450300/test/index7.test  
     inflating: /var/folders/bq/wnhbwrkx4dx1q2c27c8v6wkh0000gp/T/d20250528-34223-1g68rg/sqlite-src-3450300/test/index.test  
     inflating: /var/folders/bq/wnhbwrkx4dx1q2c27c8v6wkh0000gp/T/d20250528-34223-1g68rg/sqlite-src-3450300/test/tkt-b1d3a2e531.test  
     inflating: /var/folders/bq/wnhbwrkx4dx1q2c27c8v6wkh0000gp/T/d20250528-34223-1g68rg/sqlite-src-3450300/test/resetdb.test  
     inflating: /var/folders/bq/wnhbwrkx4dx1q2c27c8v6wkh0000gp/T/d20250528-34223-1g68rg/sqlite-src-3450300/test/fts3join.test  
     inflating: /var/folders/bq/wnhbwrkx4dx1q2c27c8v6wkh0000gp/T/d20250528-34223-1g68rg/sqlite-src-3450300/test/wal4.test  
     inflating: /var/folders/bq/wnhbwrkx4dx1q2c27c8v6wkh0000gp/T/d20250528-34223-1g68rg/sqlite-src-3450300/test/where7.test  
     inflating: /var/folders/bq/wnhbwrkx4dx1q2c27c8v6wkh0000gp/T/d20250528-34223-1g68rg/sqlite-src-3450300/test/tkt3911.test  
     inflating: /var/folders/bq/wnhbwrkx4dx1q2c27c8v6wkh0000gp/T/d20250528-34223-1g68rg/sqlite-src-3450300/test/autoindex3.test  
     inflating: /var/folders/bq/wnhbwrkx4dx1q2c27c8v6wkh0000gp/T/d20250528-34223-1g68rg/sqlite-src-3450300/test/badutf2.test  
     inflating: /var/folders/bq/wnhbwrkx4dx1q2c27c8v6wkh0000gp/T/d20250528-34223-1g68rg/sqlite-src-3450300/test/windowpushd.test  
     inflating: /var/folders/bq/wnhbwrkx4dx1q2c27c8v6wkh0000gp/T/d20250528-34223-1g68rg/sqlite-src-3450300/test/tkt2640.test  
     inflating: /var/folders/bq/wnhbwrkx4dx1q2c27c8v6wkh0000gp/T/d20250528-34223-1g68rg/sqlite-src-3450300/test/instr.test  
     inflating: /var/folders/bq/wnhbwrkx4dx1q2c27c8v6wkh0000gp/T/d20250528-34223-1g68rg/sqlite-src-3450300/test/e_blobbytes.test  
     inflating: /var/folders/bq/wnhbwrkx4dx1q2c27c8v6wkh0000gp/T/d20250528-34223-1g68rg/sqlite-src-3450300/test/merge1.test  
     inflating: /var/folders/bq/wnhbwrkx4dx1q2c27c8v6wkh0000gp/T/d20250528-34223-1g68rg/sqlite-src-3450300/test/uri.test  
     inflating: /var/folders/bq/wnhbwrkx4dx1q2c27c8v6wkh0000gp/T/d20250528-34223-1g68rg/sqlite-src-3450300/test/altertab3.test  
     inflating: /var/folders/bq/wnhbwrkx4dx1q2c27c8v6wkh0000gp/T/d20250528-34223-1g68rg/sqlite-src-3450300/test/crashtest1.c  
     inflating: /var/folders/bq/wnhbwrkx4dx1q2c27c8v6wkh0000gp/T/d20250528-34223-1g68rg/sqlite-src-3450300/test/limit.test  
     inflating: /var/folders/bq/wnhbwrkx4dx1q2c27c8v6wkh0000gp/T/d20250528-34223-1g68rg/sqlite-src-3450300/test/lock_common.tcl  
     inflating: /var/folders/bq/wnhbwrkx4dx1q2c27c8v6wkh0000gp/T/d20250528-34223-1g68rg/sqlite-src-3450300/test/regexp2.test  
     inflating: /var/folders/bq/wnhbwrkx4dx1q2c27c8v6wkh0000gp/T/d20250528-34223-1g68rg/sqlite-src-3450300/test/index8.test  
     inflating: /var/folders/bq/wnhbwrkx4dx1q2c27c8v6wkh0000gp/T/d20250528-34223-1g68rg/sqlite-src-3450300/test/walbak.test  
     inflating: /var/folders/bq/wnhbwrkx4dx1q2c27c8v6wkh0000gp/T/d20250528-34223-1g68rg/sqlite-src-3450300/test/veryquick.test  
     inflating: /var/folders/bq/wnhbwrkx4dx1q2c27c8v6wkh0000gp/T/d20250528-34223-1g68rg/sqlite-src-3450300/test/genesis.tcl  
     inflating: /var/folders/bq/wnhbwrkx4dx1q2c27c8v6wkh0000gp/T/d20250528-34223-1g68rg/sqlite-src-3450300/test/testrunner_data.tcl  
     inflating: /var/folders/bq/wnhbwrkx4dx1q2c27c8v6wkh0000gp/T/d20250528-34223-1g68rg/sqlite-src-3450300/test/tclsqlite.test  
     inflating: /var/folders/bq/wnhbwrkx4dx1q2c27c8v6wkh0000gp/T/d20250528-34223-1g68rg/sqlite-src-3450300/test/pager4.test  
     inflating: /var/folders/bq/wnhbwrkx4dx1q2c27c8v6wkh0000gp/T/d20250528-34223-1g68rg/sqlite-src-3450300/test/malloc4.test  
     inflating: /var/folders/bq/wnhbwrkx4dx1q2c27c8v6wkh0000gp/T/d20250528-34223-1g68rg/sqlite-src-3450300/test/spellfix2.test  
     inflating: /var/folders/bq/wnhbwrkx4dx1q2c27c8v6wkh0000gp/T/d20250528-34223-1g68rg/sqlite-src-3450300/test/corruptJ.test  
     inflating: /var/folders/bq/wnhbwrkx4dx1q2c27c8v6wkh0000gp/T/d20250528-34223-1g68rg/sqlite-src-3450300/test/corruptK.test  
     inflating: /var/folders/bq/wnhbwrkx4dx1q2c27c8v6wkh0000gp/T/d20250528-34223-1g68rg/sqlite-src-3450300/test/async.test  
     inflating: /var/folders/bq/wnhbwrkx4dx1q2c27c8v6wkh0000gp/T/d20250528-34223-1g68rg/sqlite-src-3450300/test/interrupt2.test  
     inflating: /var/folders/bq/wnhbwrkx4dx1q2c27c8v6wkh0000gp/T/d20250528-34223-1g68rg/sqlite-src-3450300/test/windowE.test  
     inflating: /var/folders/bq/wnhbwrkx4dx1q2c27c8v6wkh0000gp/T/d20250528-34223-1g68rg/sqlite-src-3450300/test/fallocate.test  
     inflating: /var/folders/bq/wnhbwrkx4dx1q2c27c8v6wkh0000gp/T/d20250528-34223-1g68rg/sqlite-src-3450300/test/pcache.test  
     inflating: /var/folders/bq/wnhbwrkx4dx1q2c27c8v6wkh0000gp/T/d20250528-34223-1g68rg/sqlite-src-3450300/test/optfuzz-db01.txt  
     inflating: /var/folders/bq/wnhbwrkx4dx1q2c27c8v6wkh0000gp/T/d20250528-34223-1g68rg/sqlite-src-3450300/test/cachespill.test  
     inflating: /var/folders/bq/wnhbwrkx4dx1q2c27c8v6wkh0000gp/T/d20250528-34223-1g68rg/sqlite-src-3450300/test/schema6.test  
     inflating: /var/folders/bq/wnhbwrkx4dx1q2c27c8v6wkh0000gp/T/d20250528-34223-1g68rg/sqlite-src-3450300/test/exec.test  
     inflating: /var/folders/bq/wnhbwrkx4dx1q2c27c8v6wkh0000gp/T/d20250528-34223-1g68rg/sqlite-src-3450300/test/upfrom1.tcl  
     inflating: /var/folders/bq/wnhbwrkx4dx1q2c27c8v6wkh0000gp/T/d20250528-34223-1g68rg/sqlite-src-3450300/test/fts3rank.test  
     inflating: /var/folders/bq/wnhbwrkx4dx1q2c27c8v6wkh0000gp/T/d20250528-34223-1g68rg/sqlite-src-3450300/test/whereG.test  
     inflating: /var/folders/bq/wnhbwrkx4dx1q2c27c8v6wkh0000gp/T/d20250528-34223-1g68rg/sqlite-src-3450300/test/tester.tcl  
     inflating: /var/folders/bq/wnhbwrkx4dx1q2c27c8v6wkh0000gp/T/d20250528-34223-1g68rg/sqlite-src-3450300/test/btree01.test  
     inflating: /var/folders/bq/wnhbwrkx4dx1q2c27c8v6wkh0000gp/T/d20250528-34223-1g68rg/sqlite-src-3450300/test/tt3_shared.c  
     inflating: /var/folders/bq/wnhbwrkx4dx1q2c27c8v6wkh0000gp/T/d20250528-34223-1g68rg/sqlite-src-3450300/test/e_select2.test  
     inflating: /var/folders/bq/wnhbwrkx4dx1q2c27c8v6wkh0000gp/T/d20250528-34223-1g68rg/sqlite-src-3450300/test/orderby8.test  
     inflating: /var/folders/bq/wnhbwrkx4dx1q2c27c8v6wkh0000gp/T/d20250528-34223-1g68rg/sqlite-src-3450300/test/fts4umlaut.test  
     inflating: /var/folders/bq/wnhbwrkx4dx1q2c27c8v6wkh0000gp/T/d20250528-34223-1g68rg/sqlite-src-3450300/test/insert2.test  
     inflating: /var/folders/bq/wnhbwrkx4dx1q2c27c8v6wkh0000gp/T/d20250528-34223-1g68rg/sqlite-src-3450300/test/fts3offsets.test  
     inflating: /var/folders/bq/wnhbwrkx4dx1q2c27c8v6wkh0000gp/T/d20250528-34223-1g68rg/sqlite-src-3450300/test/e_select.test  
     inflating: /var/folders/bq/wnhbwrkx4dx1q2c27c8v6wkh0000gp/T/d20250528-34223-1g68rg/sqlite-src-3450300/test/tkt-54844eea3f.test  
     inflating: /var/folders/bq/wnhbwrkx4dx1q2c27c8v6wkh0000gp/T/d20250528-34223-1g68rg/sqlite-src-3450300/test/tkt2391.test  
     inflating: /var/folders/bq/wnhbwrkx4dx1q2c27c8v6wkh0000gp/T/d20250528-34223-1g68rg/sqlite-src-3450300/test/intreal.test  
     inflating: /var/folders/bq/wnhbwrkx4dx1q2c27c8v6wkh0000gp/T/d20250528-34223-1g68rg/sqlite-src-3450300/test/walcksum.test  
     inflating: /var/folders/bq/wnhbwrkx4dx1q2c27c8v6wkh0000gp/T/d20250528-34223-1g68rg/sqlite-src-3450300/test/backup4.test  
     inflating: /var/folders/bq/wnhbwrkx4dx1q2c27c8v6wkh0000gp/T/d20250528-34223-1g68rg/sqlite-src-3450300/test/json502.test  
     inflating: /var/folders/bq/wnhbwrkx4dx1q2c27c8v6wkh0000gp/T/d20250528-34223-1g68rg/sqlite-src-3450300/test/wherefault.test  
     inflating: /var/folders/bq/wnhbwrkx4dx1q2c27c8v6wkh0000gp/T/d20250528-34223-1g68rg/sqlite-src-3450300/test/crash4.test  
     inflating: /var/folders/bq/wnhbwrkx4dx1q2c27c8v6wkh0000gp/T/d20250528-34223-1g68rg/sqlite-src-3450300/test/shared2.test  
     inflating: /var/folders/bq/wnhbwrkx4dx1q2c27c8v6wkh0000gp/T/d20250528-34223-1g68rg/sqlite-src-3450300/test/fts4merge2.test  
     inflating: /var/folders/bq/wnhbwrkx4dx1q2c27c8v6wkh0000gp/T/d20250528-34223-1g68rg/sqlite-src-3450300/test/randexpr1.tcl  
     inflating: /var/folders/bq/wnhbwrkx4dx1q2c27c8v6wkh0000gp/T/d20250528-34223-1g68rg/sqlite-src-3450300/test/tkt-cbd054fa6b.test  
     inflating: /var/folders/bq/wnhbwrkx4dx1q2c27c8v6wkh0000gp/T/d20250528-34223-1g68rg/sqlite-src-3450300/test/sync2.test  
     inflating: /var/folders/bq/wnhbwrkx4dx1q2c27c8v6wkh0000gp/T/d20250528-34223-1g68rg/sqlite-src-3450300/test/dbfuzz2-seed1.db  
     inflating: /var/folders/bq/wnhbwrkx4dx1q2c27c8v6wkh0000gp/T/d20250528-34223-1g68rg/sqlite-src-3450300/test/tpch01.test  
     inflating: /var/folders/bq/wnhbwrkx4dx1q2c27c8v6wkh0000gp/T/d20250528-34223-1g68rg/sqlite-src-3450300/test/fts3varint.test  
     inflating: /var/folders/bq/wnhbwrkx4dx1q2c27c8v6wkh0000gp/T/d20250528-34223-1g68rg/sqlite-src-3450300/test/fuzzdata2.db  
     inflating: /var/folders/bq/wnhbwrkx4dx1q2c27c8v6wkh0000gp/T/d20250528-34223-1g68rg/sqlite-src-3450300/test/reindex.test  
     inflating: /var/folders/bq/wnhbwrkx4dx1q2c27c8v6wkh0000gp/T/d20250528-34223-1g68rg/sqlite-src-3450300/test/vtabF.test  
     inflating: /var/folders/bq/wnhbwrkx4dx1q2c27c8v6wkh0000gp/T/d20250528-34223-1g68rg/sqlite-src-3450300/test/offset1.test  
     inflating: /var/folders/bq/wnhbwrkx4dx1q2c27c8v6wkh0000gp/T/d20250528-34223-1g68rg/sqlite-src-3450300/test/sort2.test  
     inflating: /var/folders/bq/wnhbwrkx4dx1q2c27c8v6wkh0000gp/T/d20250528-34223-1g68rg/sqlite-src-3450300/test/shared9.test  
     inflating: /var/folders/bq/wnhbwrkx4dx1q2c27c8v6wkh0000gp/T/d20250528-34223-1g68rg/sqlite-src-3450300/test/autovacuum_ioerr2.test  
     inflating: /var/folders/bq/wnhbwrkx4dx1q2c27c8v6wkh0000gp/T/d20250528-34223-1g68rg/sqlite-src-3450300/test/join8.test  
     inflating: /var/folders/bq/wnhbwrkx4dx1q2c27c8v6wkh0000gp/T/d20250528-34223-1g68rg/sqlite-src-3450300/test/dbfuzz2.c  
     inflating: /var/folders/bq/wnhbwrkx4dx1q2c27c8v6wkh0000gp/T/d20250528-34223-1g68rg/sqlite-src-3450300/test/csv01.test  
     inflating: /var/folders/bq/wnhbwrkx4dx1q2c27c8v6wkh0000gp/T/d20250528-34223-1g68rg/sqlite-src-3450300/test/tkt2767.test  
     inflating: /var/folders/bq/wnhbwrkx4dx1q2c27c8v6wkh0000gp/T/d20250528-34223-1g68rg/sqlite-src-3450300/test/tkt3841.test  
     inflating: /var/folders/bq/wnhbwrkx4dx1q2c27c8v6wkh0000gp/T/d20250528-34223-1g68rg/sqlite-src-3450300/test/returning1.test  
     inflating: /var/folders/bq/wnhbwrkx4dx1q2c27c8v6wkh0000gp/T/d20250528-34223-1g68rg/sqlite-src-3450300/test/walro2.test  
     inflating: /var/folders/bq/wnhbwrkx4dx1q2c27c8v6wkh0000gp/T/d20250528-34223-1g68rg/sqlite-src-3450300/test/altercol.test  
     inflating: /var/folders/bq/wnhbwrkx4dx1q2c27c8v6wkh0000gp/T/d20250528-34223-1g68rg/sqlite-src-3450300/test/corrupt4.test  
     inflating: /var/folders/bq/wnhbwrkx4dx1q2c27c8v6wkh0000gp/T/d20250528-34223-1g68rg/sqlite-src-3450300/test/fts4docid.test  
     inflating: /var/folders/bq/wnhbwrkx4dx1q2c27c8v6wkh0000gp/T/d20250528-34223-1g68rg/sqlite-src-3450300/test/vacuum-into.test  
     inflating: /var/folders/bq/wnhbwrkx4dx1q2c27c8v6wkh0000gp/T/d20250528-34223-1g68rg/sqlite-src-3450300/test/mallocH.test  
     inflating: /var/folders/bq/wnhbwrkx4dx1q2c27c8v6wkh0000gp/T/d20250528-34223-1g68rg/sqlite-src-3450300/test/fts4merge.test  
     inflating: /var/folders/bq/wnhbwrkx4dx1q2c27c8v6wkh0000gp/T/d20250528-34223-1g68rg/sqlite-src-3450300/test/e_resolve.test  
     inflating: /var/folders/bq/wnhbwrkx4dx1q2c27c8v6wkh0000gp/T/d20250528-34223-1g68rg/sqlite-src-3450300/test/tkt3761.test  
     inflating: /var/folders/bq/wnhbwrkx4dx1q2c27c8v6wkh0000gp/T/d20250528-34223-1g68rg/sqlite-src-3450300/test/e_reindex.test  
     inflating: /var/folders/bq/wnhbwrkx4dx1q2c27c8v6wkh0000gp/T/d20250528-34223-1g68rg/sqlite-src-3450300/test/fts3aux2.test  
     inflating: /var/folders/bq/wnhbwrkx4dx1q2c27c8v6wkh0000gp/T/d20250528-34223-1g68rg/sqlite-src-3450300/test/delete4.test  
     inflating: /var/folders/bq/wnhbwrkx4dx1q2c27c8v6wkh0000gp/T/d20250528-34223-1g68rg/sqlite-src-3450300/test/auth.test  
     inflating: /var/folders/bq/wnhbwrkx4dx1q2c27c8v6wkh0000gp/T/d20250528-34223-1g68rg/sqlite-src-3450300/test/fts3b.test  
     inflating: /var/folders/bq/wnhbwrkx4dx1q2c27c8v6wkh0000gp/T/d20250528-34223-1g68rg/sqlite-src-3450300/test/analyzeG.test  
     inflating: /var/folders/bq/wnhbwrkx4dx1q2c27c8v6wkh0000gp/T/d20250528-34223-1g68rg/sqlite-src-3450300/test/tempdb.test  
     inflating: /var/folders/bq/wnhbwrkx4dx1q2c27c8v6wkh0000gp/T/d20250528-34223-1g68rg/sqlite-src-3450300/test/analyzeC.test  
     inflating: /var/folders/bq/wnhbwrkx4dx1q2c27c8v6wkh0000gp/T/d20250528-34223-1g68rg/sqlite-src-3450300/test/threadtest3.c  
     inflating: /var/folders/bq/wnhbwrkx4dx1q2c27c8v6wkh0000gp/T/d20250528-34223-1g68rg/sqlite-src-3450300/test/gencol1.test  
     inflating: /var/folders/bq/wnhbwrkx4dx1q2c27c8v6wkh0000gp/T/d20250528-34223-1g68rg/sqlite-src-3450300/test/pagerfault2.test  
     inflating: /var/folders/bq/wnhbwrkx4dx1q2c27c8v6wkh0000gp/T/d20250528-34223-1g68rg/sqlite-src-3450300/test/intpkey.test  
     inflating: /var/folders/bq/wnhbwrkx4dx1q2c27c8v6wkh0000gp/T/d20250528-34223-1g68rg/sqlite-src-3450300/test/atomic2.test  
     inflating: /var/folders/bq/wnhbwrkx4dx1q2c27c8v6wkh0000gp/T/d20250528-34223-1g68rg/sqlite-src-3450300/test/analyze4.test  
     inflating: /var/folders/bq/wnhbwrkx4dx1q2c27c8v6wkh0000gp/T/d20250528-34223-1g68rg/sqlite-src-3450300/test/sync.test  
     inflating: /var/folders/bq/wnhbwrkx4dx1q2c27c8v6wkh0000gp/T/d20250528-34223-1g68rg/sqlite-src-3450300/test/startup.c  
     inflating: /var/folders/bq/wnhbwrkx4dx1q2c27c8v6wkh0000gp/T/d20250528-34223-1g68rg/sqlite-src-3450300/test/extension01.test  
     inflating: /var/folders/bq/wnhbwrkx4dx1q2c27c8v6wkh0000gp/T/d20250528-34223-1g68rg/sqlite-src-3450300/test/fuzz2.test  
     inflating: /var/folders/bq/wnhbwrkx4dx1q2c27c8v6wkh0000gp/T/d20250528-34223-1g68rg/sqlite-src-3450300/test/incrvacuum_ioerr.test  
     inflating: /var/folders/bq/wnhbwrkx4dx1q2c27c8v6wkh0000gp/T/d20250528-34223-1g68rg/sqlite-src-3450300/test/run-wordcount.sh  
     inflating: /var/folders/bq/wnhbwrkx4dx1q2c27c8v6wkh0000gp/T/d20250528-34223-1g68rg/sqlite-src-3450300/test/lock5.test  
     inflating: /var/folders/bq/wnhbwrkx4dx1q2c27c8v6wkh0000gp/T/d20250528-34223-1g68rg/sqlite-src-3450300/test/unique2.test  
     inflating: /var/folders/bq/wnhbwrkx4dx1q2c27c8v6wkh0000gp/T/d20250528-34223-1g68rg/sqlite-src-3450300/test/minmax3.test  
     inflating: /var/folders/bq/wnhbwrkx4dx1q2c27c8v6wkh0000gp/T/d20250528-34223-1g68rg/sqlite-src-3450300/test/tkt2832.test  
     inflating: /var/folders/bq/wnhbwrkx4dx1q2c27c8v6wkh0000gp/T/d20250528-34223-1g68rg/sqlite-src-3450300/test/fts3corrupt3.test  
     inflating: /var/folders/bq/wnhbwrkx4dx1q2c27c8v6wkh0000gp/T/d20250528-34223-1g68rg/sqlite-src-3450300/test/triggerB.test  
     inflating: /var/folders/bq/wnhbwrkx4dx1q2c27c8v6wkh0000gp/T/d20250528-34223-1g68rg/sqlite-src-3450300/test/walsetlk.test  
     inflating: /var/folders/bq/wnhbwrkx4dx1q2c27c8v6wkh0000gp/T/d20250528-34223-1g68rg/sqlite-src-3450300/test/percentile.test  
     inflating: /var/folders/bq/wnhbwrkx4dx1q2c27c8v6wkh0000gp/T/d20250528-34223-1g68rg/sqlite-src-3450300/test/checkfault.test  
     inflating: /var/folders/bq/wnhbwrkx4dx1q2c27c8v6wkh0000gp/T/d20250528-34223-1g68rg/sqlite-src-3450300/test/wal6.test  
     inflating: /var/folders/bq/wnhbwrkx4dx1q2c27c8v6wkh0000gp/T/d20250528-34223-1g68rg/sqlite-src-3450300/test/varint.test  
     inflating: /var/folders/bq/wnhbwrkx4dx1q2c27c8v6wkh0000gp/T/d20250528-34223-1g68rg/sqlite-src-3450300/test/fts4noti.test  
     inflating: /var/folders/bq/wnhbwrkx4dx1q2c27c8v6wkh0000gp/T/d20250528-34223-1g68rg/sqlite-src-3450300/test/columncount.test  
     inflating: /var/folders/bq/wnhbwrkx4dx1q2c27c8v6wkh0000gp/T/d20250528-34223-1g68rg/sqlite-src-3450300/test/rowvalueA.test  
     inflating: /var/folders/bq/wnhbwrkx4dx1q2c27c8v6wkh0000gp/T/d20250528-34223-1g68rg/sqlite-src-3450300/test/tt3_vacuum.c  
     inflating: /var/folders/bq/wnhbwrkx4dx1q2c27c8v6wkh0000gp/T/d20250528-34223-1g68rg/sqlite-src-3450300/test/where.test  
     inflating: /var/folders/bq/wnhbwrkx4dx1q2c27c8v6wkh0000gp/T/d20250528-34223-1g68rg/sqlite-src-3450300/test/snapshot2.test  
     inflating: /var/folders/bq/wnhbwrkx4dx1q2c27c8v6wkh0000gp/T/d20250528-34223-1g68rg/sqlite-src-3450300/test/win32heap.test  
     inflating: /var/folders/bq/wnhbwrkx4dx1q2c27c8v6wkh0000gp/T/d20250528-34223-1g68rg/sqlite-src-3450300/test/distinct2.test  
     inflating: /var/folders/bq/wnhbwrkx4dx1q2c27c8v6wkh0000gp/T/d20250528-34223-1g68rg/sqlite-src-3450300/test/whereD.test  
     inflating: /var/folders/bq/wnhbwrkx4dx1q2c27c8v6wkh0000gp/T/d20250528-34223-1g68rg/sqlite-src-3450300/test/memdb1.test  
     inflating: /var/folders/bq/wnhbwrkx4dx1q2c27c8v6wkh0000gp/T/d20250528-34223-1g68rg/sqlite-src-3450300/test/fts3near.test  
     inflating: /var/folders/bq/wnhbwrkx4dx1q2c27c8v6wkh0000gp/T/d20250528-34223-1g68rg/sqlite-src-3450300/test/closure01.test  
     inflating: /var/folders/bq/wnhbwrkx4dx1q2c27c8v6wkh0000gp/T/d20250528-34223-1g68rg/sqlite-src-3450300/test/vtab_err.test  
     inflating: /var/folders/bq/wnhbwrkx4dx1q2c27c8v6wkh0000gp/T/d20250528-34223-1g68rg/sqlite-src-3450300/test/windowC.test  
     inflating: /var/folders/bq/wnhbwrkx4dx1q2c27c8v6wkh0000gp/T/d20250528-34223-1g68rg/sqlite-src-3450300/test/fts3auto.test  
     inflating: /var/folders/bq/wnhbwrkx4dx1q2c27c8v6wkh0000gp/T/d20250528-34223-1g68rg/sqlite-src-3450300/test/with2.test  
     inflating: /var/folders/bq/wnhbwrkx4dx1q2c27c8v6wkh0000gp/T/d20250528-34223-1g68rg/sqlite-src-3450300/test/ioerr2.test  
     inflating: /var/folders/bq/wnhbwrkx4dx1q2c27c8v6wkh0000gp/T/d20250528-34223-1g68rg/sqlite-src-3450300/test/skipscan6.test  
     inflating: /var/folders/bq/wnhbwrkx4dx1q2c27c8v6wkh0000gp/T/d20250528-34223-1g68rg/sqlite-src-3450300/test/sessionfuzz-data1.db  
     inflating: /var/folders/bq/wnhbwrkx4dx1q2c27c8v6wkh0000gp/T/d20250528-34223-1g68rg/sqlite-src-3450300/test/spellfix4.test  
     inflating: /var/folders/bq/wnhbwrkx4dx1q2c27c8v6wkh0000gp/T/d20250528-34223-1g68rg/sqlite-src-3450300/test/pagerfault3.test  
     inflating: /var/folders/bq/wnhbwrkx4dx1q2c27c8v6wkh0000gp/T/d20250528-34223-1g68rg/sqlite-src-3450300/test/async3.test  
     inflating: /var/folders/bq/wnhbwrkx4dx1q2c27c8v6wkh0000gp/T/d20250528-34223-1g68rg/sqlite-src-3450300/test/incrblob_err.test  
     inflating: /var/folders/bq/wnhbwrkx4dx1q2c27c8v6wkh0000gp/T/d20250528-34223-1g68rg/sqlite-src-3450300/test/corruptF.test  
     inflating: /var/folders/bq/wnhbwrkx4dx1q2c27c8v6wkh0000gp/T/d20250528-34223-1g68rg/sqlite-src-3450300/test/e_totalchanges.test  
     inflating: /var/folders/bq/wnhbwrkx4dx1q2c27c8v6wkh0000gp/T/d20250528-34223-1g68rg/sqlite-src-3450300/test/nockpt.test  
     inflating: /var/folders/bq/wnhbwrkx4dx1q2c27c8v6wkh0000gp/T/d20250528-34223-1g68rg/sqlite-src-3450300/test/triggerD.test  
     inflating: /var/folders/bq/wnhbwrkx4dx1q2c27c8v6wkh0000gp/T/d20250528-34223-1g68rg/sqlite-src-3450300/test/window4.test  
     inflating: /var/folders/bq/wnhbwrkx4dx1q2c27c8v6wkh0000gp/T/d20250528-34223-1g68rg/sqlite-src-3450300/test/mmap4.test  
     inflating: /var/folders/bq/wnhbwrkx4dx1q2c27c8v6wkh0000gp/T/d20250528-34223-1g68rg/sqlite-src-3450300/test/types.test  
     inflating: /var/folders/bq/wnhbwrkx4dx1q2c27c8v6wkh0000gp/T/d20250528-34223-1g68rg/sqlite-src-3450300/test/vt02.c  
     inflating: /var/folders/bq/wnhbwrkx4dx1q2c27c8v6wkh0000gp/T/d20250528-34223-1g68rg/sqlite-src-3450300/test/conflict.test  
     inflating: /var/folders/bq/wnhbwrkx4dx1q2c27c8v6wkh0000gp/T/d20250528-34223-1g68rg/sqlite-src-3450300/test/vacuummem.test  
     inflating: /var/folders/bq/wnhbwrkx4dx1q2c27c8v6wkh0000gp/T/d20250528-34223-1g68rg/sqlite-src-3450300/test/misc1.test  
     inflating: /var/folders/bq/wnhbwrkx4dx1q2c27c8v6wkh0000gp/T/d20250528-34223-1g68rg/sqlite-src-3450300/test/orderby6.test  
     inflating: /var/folders/bq/wnhbwrkx4dx1q2c27c8v6wkh0000gp/T/d20250528-34223-1g68rg/sqlite-src-3450300/test/sharedlock.test  
     inflating: /var/folders/bq/wnhbwrkx4dx1q2c27c8v6wkh0000gp/T/d20250528-34223-1g68rg/sqlite-src-3450300/test/fuzzdata5.db  
     inflating: /var/folders/bq/wnhbwrkx4dx1q2c27c8v6wkh0000gp/T/d20250528-34223-1g68rg/sqlite-src-3450300/test/upsert4.test  
     inflating: /var/folders/bq/wnhbwrkx4dx1q2c27c8v6wkh0000gp/T/d20250528-34223-1g68rg/sqlite-src-3450300/test/altertrig.test  
     inflating: /var/folders/bq/wnhbwrkx4dx1q2c27c8v6wkh0000gp/T/d20250528-34223-1g68rg/sqlite-src-3450300/test/fp-speed-1.c  
     inflating: /var/folders/bq/wnhbwrkx4dx1q2c27c8v6wkh0000gp/T/d20250528-34223-1g68rg/sqlite-src-3450300/test/func4.test  
     inflating: /var/folders/bq/wnhbwrkx4dx1q2c27c8v6wkh0000gp/T/d20250528-34223-1g68rg/sqlite-src-3450300/test/quota.test  
     inflating: /var/folders/bq/wnhbwrkx4dx1q2c27c8v6wkh0000gp/T/d20250528-34223-1g68rg/sqlite-src-3450300/test/fuzz3.test  
     inflating: /var/folders/bq/wnhbwrkx4dx1q2c27c8v6wkh0000gp/T/d20250528-34223-1g68rg/sqlite-src-3450300/test/tkt3773.test  
     inflating: /var/folders/bq/wnhbwrkx4dx1q2c27c8v6wkh0000gp/T/d20250528-34223-1g68rg/sqlite-src-3450300/test/colmeta.test  
     inflating: /var/folders/bq/wnhbwrkx4dx1q2c27c8v6wkh0000gp/T/d20250528-34223-1g68rg/sqlite-src-3450300/test/fuzz.test  
     inflating: /var/folders/bq/wnhbwrkx4dx1q2c27c8v6wkh0000gp/T/d20250528-34223-1g68rg/sqlite-src-3450300/test/join7.test  
     inflating: /var/folders/bq/wnhbwrkx4dx1q2c27c8v6wkh0000gp/T/d20250528-34223-1g68rg/sqlite-src-3450300/test/window7.tcl  
     inflating: /var/folders/bq/wnhbwrkx4dx1q2c27c8v6wkh0000gp/T/d20250528-34223-1g68rg/sqlite-src-3450300/test/walbig.test  
     inflating: /var/folders/bq/wnhbwrkx4dx1q2c27c8v6wkh0000gp/T/d20250528-34223-1g68rg/sqlite-src-3450300/test/tkt-5ee23731f.test  
     inflating: /var/folders/bq/wnhbwrkx4dx1q2c27c8v6wkh0000gp/T/d20250528-34223-1g68rg/sqlite-src-3450300/test/bestindexA.test  
     inflating: /var/folders/bq/wnhbwrkx4dx1q2c27c8v6wkh0000gp/T/d20250528-34223-1g68rg/sqlite-src-3450300/test/ossfuzz.c  
     inflating: /var/folders/bq/wnhbwrkx4dx1q2c27c8v6wkh0000gp/T/d20250528-34223-1g68rg/sqlite-src-3450300/test/orderby2.test  
     inflating: /var/folders/bq/wnhbwrkx4dx1q2c27c8v6wkh0000gp/T/d20250528-34223-1g68rg/sqlite-src-3450300/test/tkt1512.test  
     inflating: /var/folders/bq/wnhbwrkx4dx1q2c27c8v6wkh0000gp/T/d20250528-34223-1g68rg/sqlite-src-3450300/test/bigmmap.test  
     inflating: /var/folders/bq/wnhbwrkx4dx1q2c27c8v6wkh0000gp/T/d20250528-34223-1g68rg/sqlite-src-3450300/test/corrupt6.test  
     inflating: /var/folders/bq/wnhbwrkx4dx1q2c27c8v6wkh0000gp/T/d20250528-34223-1g68rg/sqlite-src-3450300/test/mallocA.test  
     inflating: /var/folders/bq/wnhbwrkx4dx1q2c27c8v6wkh0000gp/T/d20250528-34223-1g68rg/sqlite-src-3450300/test/bigfile.test  
     inflating: /var/folders/bq/wnhbwrkx4dx1q2c27c8v6wkh0000gp/T/d20250528-34223-1g68rg/sqlite-src-3450300/test/mallocL.test  
     inflating: /var/folders/bq/wnhbwrkx4dx1q2c27c8v6wkh0000gp/T/d20250528-34223-1g68rg/sqlite-src-3450300/test/backcompat.test  
     inflating: /var/folders/bq/wnhbwrkx4dx1q2c27c8v6wkh0000gp/T/d20250528-34223-1g68rg/sqlite-src-3450300/test/skipscan1.test  
     inflating: /var/folders/bq/wnhbwrkx4dx1q2c27c8v6wkh0000gp/T/d20250528-34223-1g68rg/sqlite-src-3450300/test/fts4record.test  
     inflating: /var/folders/bq/wnhbwrkx4dx1q2c27c8v6wkh0000gp/T/d20250528-34223-1g68rg/sqlite-src-3450300/test/pragma.test  
     inflating: /var/folders/bq/wnhbwrkx4dx1q2c27c8v6wkh0000gp/T/d20250528-34223-1g68rg/sqlite-src-3450300/test/trigger2.test  
     inflating: /var/folders/bq/wnhbwrkx4dx1q2c27c8v6wkh0000gp/T/d20250528-34223-1g68rg/sqlite-src-3450300/test/crash6.test  
     inflating: /var/folders/bq/wnhbwrkx4dx1q2c27c8v6wkh0000gp/T/d20250528-34223-1g68rg/sqlite-src-3450300/test/selectH.test  
     inflating: /var/folders/bq/wnhbwrkx4dx1q2c27c8v6wkh0000gp/T/d20250528-34223-1g68rg/sqlite-src-3450300/test/cursorhint2.test  
     inflating: /var/folders/bq/wnhbwrkx4dx1q2c27c8v6wkh0000gp/T/d20250528-34223-1g68rg/sqlite-src-3450300/test/tt3_checkpoint.c  
     inflating: /var/folders/bq/wnhbwrkx4dx1q2c27c8v6wkh0000gp/T/d20250528-34223-1g68rg/sqlite-src-3450300/test/quota-glob.test  
     inflating: /var/folders/bq/wnhbwrkx4dx1q2c27c8v6wkh0000gp/T/d20250528-34223-1g68rg/sqlite-src-3450300/test/tkt-bdc6bbbb38.test  
     inflating: /var/folders/bq/wnhbwrkx4dx1q2c27c8v6wkh0000gp/T/d20250528-34223-1g68rg/sqlite-src-3450300/test/walprotocol.test  
     inflating: /var/folders/bq/wnhbwrkx4dx1q2c27c8v6wkh0000gp/T/d20250528-34223-1g68rg/sqlite-src-3450300/test/mallocJ.test  
     inflating: /var/folders/bq/wnhbwrkx4dx1q2c27c8v6wkh0000gp/T/d20250528-34223-1g68rg/sqlite-src-3450300/test/istrue.test  
     inflating: /var/folders/bq/wnhbwrkx4dx1q2c27c8v6wkh0000gp/T/d20250528-34223-1g68rg/sqlite-src-3450300/test/insertfault.test  
     inflating: /var/folders/bq/wnhbwrkx4dx1q2c27c8v6wkh0000gp/T/d20250528-34223-1g68rg/sqlite-src-3450300/test/threadtest5.c  
     inflating: /var/folders/bq/wnhbwrkx4dx1q2c27c8v6wkh0000gp/T/d20250528-34223-1g68rg/sqlite-src-3450300/test/mmap3.test  
     inflating: /var/folders/bq/wnhbwrkx4dx1q2c27c8v6wkh0000gp/T/d20250528-34223-1g68rg/sqlite-src-3450300/test/errmsg.test  
     inflating: /var/folders/bq/wnhbwrkx4dx1q2c27c8v6wkh0000gp/T/d20250528-34223-1g68rg/sqlite-src-3450300/test/fts3expr2.test  
     inflating: /var/folders/bq/wnhbwrkx4dx1q2c27c8v6wkh0000gp/T/d20250528-34223-1g68rg/sqlite-src-3450300/test/having.test  
     inflating: /var/folders/bq/wnhbwrkx4dx1q2c27c8v6wkh0000gp/T/d20250528-34223-1g68rg/sqlite-src-3450300/test/enc.test  
     inflating: /var/folders/bq/wnhbwrkx4dx1q2c27c8v6wkh0000gp/T/d20250528-34223-1g68rg/sqlite-src-3450300/test/bestindex6.test  
     inflating: /var/folders/bq/wnhbwrkx4dx1q2c27c8v6wkh0000gp/T/d20250528-34223-1g68rg/sqlite-src-3450300/test/capi3b.test  
     inflating: /var/folders/bq/wnhbwrkx4dx1q2c27c8v6wkh0000gp/T/d20250528-34223-1g68rg/sqlite-src-3450300/test/hook2.test  
     inflating: /var/folders/bq/wnhbwrkx4dx1q2c27c8v6wkh0000gp/T/d20250528-34223-1g68rg/sqlite-src-3450300/test/rowvalue5.test  
     inflating: /var/folders/bq/wnhbwrkx4dx1q2c27c8v6wkh0000gp/T/d20250528-34223-1g68rg/sqlite-src-3450300/test/where2.test  
     inflating: /var/folders/bq/wnhbwrkx4dx1q2c27c8v6wkh0000gp/T/d20250528-34223-1g68rg/sqlite-src-3450300/test/walnoshm.test  
     inflating: /var/folders/bq/wnhbwrkx4dx1q2c27c8v6wkh0000gp/T/d20250528-34223-1g68rg/sqlite-src-3450300/test/fts3matchinfo2.test  
     inflating: /var/folders/bq/wnhbwrkx4dx1q2c27c8v6wkh0000gp/T/d20250528-34223-1g68rg/sqlite-src-3450300/test/join6.test  
     inflating: /var/folders/bq/wnhbwrkx4dx1q2c27c8v6wkh0000gp/T/d20250528-34223-1g68rg/sqlite-src-3450300/test/pg_common.tcl  
     inflating: /var/folders/bq/wnhbwrkx4dx1q2c27c8v6wkh0000gp/T/d20250528-34223-1g68rg/sqlite-src-3450300/test/fuzzer1.test  
     inflating: /var/folders/bq/wnhbwrkx4dx1q2c27c8v6wkh0000gp/T/d20250528-34223-1g68rg/sqlite-src-3450300/test/capi3.test  
     inflating: /var/folders/bq/wnhbwrkx4dx1q2c27c8v6wkh0000gp/T/d20250528-34223-1g68rg/sqlite-src-3450300/test/waloverwrite.test  
     inflating: /var/folders/bq/wnhbwrkx4dx1q2c27c8v6wkh0000gp/T/d20250528-34223-1g68rg/sqlite-src-3450300/test/tkt-2d1a5c67d.test  
     inflating: /var/folders/bq/wnhbwrkx4dx1q2c27c8v6wkh0000gp/T/d20250528-34223-1g68rg/sqlite-src-3450300/test/conflict3.test  
     inflating: /var/folders/bq/wnhbwrkx4dx1q2c27c8v6wkh0000gp/T/d20250528-34223-1g68rg/sqlite-src-3450300/test/orderby4.test  
     inflating: /var/folders/bq/wnhbwrkx4dx1q2c27c8v6wkh0000gp/T/d20250528-34223-1g68rg/sqlite-src-3450300/test/tkt-a8a0d2996a.test  
     inflating: /var/folders/bq/wnhbwrkx4dx1q2c27c8v6wkh0000gp/T/d20250528-34223-1g68rg/sqlite-src-3450300/test/e_walauto.test  
     inflating: /var/folders/bq/wnhbwrkx4dx1q2c27c8v6wkh0000gp/T/d20250528-34223-1g68rg/sqlite-src-3450300/test/e_fts3.test  
     inflating: /var/folders/bq/wnhbwrkx4dx1q2c27c8v6wkh0000gp/T/d20250528-34223-1g68rg/sqlite-src-3450300/test/autoindex2.test  
     inflating: /var/folders/bq/wnhbwrkx4dx1q2c27c8v6wkh0000gp/T/d20250528-34223-1g68rg/sqlite-src-3450300/test/analyzer1.test  
     inflating: /var/folders/bq/wnhbwrkx4dx1q2c27c8v6wkh0000gp/T/d20250528-34223-1g68rg/sqlite-src-3450300/test/incrblob4.test  
     inflating: /var/folders/bq/wnhbwrkx4dx1q2c27c8v6wkh0000gp/T/d20250528-34223-1g68rg/sqlite-src-3450300/test/walfault.test  
     inflating: /var/folders/bq/wnhbwrkx4dx1q2c27c8v6wkh0000gp/T/d20250528-34223-1g68rg/sqlite-src-3450300/test/dbfuzz.c  
     inflating: /var/folders/bq/wnhbwrkx4dx1q2c27c8v6wkh0000gp/T/d20250528-34223-1g68rg/sqlite-src-3450300/test/walseh1.test  
      creating: /private/var/folders/bq/wnhbwrkx4dx1q2c27c8v6wkh0000gp/T/d20250528-34223-1g68rg/sqlite-src-3450300/src
     inflating: /var/folders/bq/wnhbwrkx4dx1q2c27c8v6wkh0000gp/T/d20250528-34223-1g68rg/sqlite-src-3450300/src/btree.c  
     inflating: /var/folders/bq/wnhbwrkx4dx1q2c27c8v6wkh0000gp/T/d20250528-34223-1g68rg/sqlite-src-3450300/src/malloc.c  
     inflating: /var/folders/bq/wnhbwrkx4dx1q2c27c8v6wkh0000gp/T/d20250528-34223-1g68rg/sqlite-src-3450300/src/test_intarray.h  
     inflating: /var/folders/bq/wnhbwrkx4dx1q2c27c8v6wkh0000gp/T/d20250528-34223-1g68rg/sqlite-src-3450300/src/test_wsd.c  
     inflating: /var/folders/bq/wnhbwrkx4dx1q2c27c8v6wkh0000gp/T/d20250528-34223-1g68rg/sqlite-src-3450300/src/build.c  
     inflating: /var/folders/bq/wnhbwrkx4dx1q2c27c8v6wkh0000gp/T/d20250528-34223-1g68rg/sqlite-src-3450300/src/table.c  
     inflating: /var/folders/bq/wnhbwrkx4dx1q2c27c8v6wkh0000gp/T/d20250528-34223-1g68rg/sqlite-src-3450300/src/os.c  
     inflating: /var/folders/bq/wnhbwrkx4dx1q2c27c8v6wkh0000gp/T/d20250528-34223-1g68rg/sqlite-src-3450300/src/sqlite3.rc  
     inflating: /var/folders/bq/wnhbwrkx4dx1q2c27c8v6wkh0000gp/T/d20250528-34223-1g68rg/sqlite-src-3450300/src/hash.c  
     inflating: /var/folders/bq/wnhbwrkx4dx1q2c27c8v6wkh0000gp/T/d20250528-34223-1g68rg/sqlite-src-3450300/src/test3.c  
     inflating: /var/folders/bq/wnhbwrkx4dx1q2c27c8v6wkh0000gp/T/d20250528-34223-1g68rg/sqlite-src-3450300/src/test_windirent.c  
     inflating: /var/folders/bq/wnhbwrkx4dx1q2c27c8v6wkh0000gp/T/d20250528-34223-1g68rg/sqlite-src-3450300/src/test_btree.c  
     inflating: /var/folders/bq/wnhbwrkx4dx1q2c27c8v6wkh0000gp/T/d20250528-34223-1g68rg/sqlite-src-3450300/src/test_superlock.c  
     inflating: /var/folders/bq/wnhbwrkx4dx1q2c27c8v6wkh0000gp/T/d20250528-34223-1g68rg/sqlite-src-3450300/src/wal.c  
     inflating: /var/folders/bq/wnhbwrkx4dx1q2c27c8v6wkh0000gp/T/d20250528-34223-1g68rg/sqlite-src-3450300/src/test_md5.c  
     inflating: /var/folders/bq/wnhbwrkx4dx1q2c27c8v6wkh0000gp/T/d20250528-34223-1g68rg/sqlite-src-3450300/src/update.c  
     inflating: /var/folders/bq/wnhbwrkx4dx1q2c27c8v6wkh0000gp/T/d20250528-34223-1g68rg/sqlite-src-3450300/src/mutex.h  
     inflating: /var/folders/bq/wnhbwrkx4dx1q2c27c8v6wkh0000gp/T/d20250528-34223-1g68rg/sqlite-src-3450300/src/util.c  
     inflating: /var/folders/bq/wnhbwrkx4dx1q2c27c8v6wkh0000gp/T/d20250528-34223-1g68rg/sqlite-src-3450300/src/vdbeInt.h  
     inflating: /var/folders/bq/wnhbwrkx4dx1q2c27c8v6wkh0000gp/T/d20250528-34223-1g68rg/sqlite-src-3450300/src/test_journal.c  
     inflating: /var/folders/bq/wnhbwrkx4dx1q2c27c8v6wkh0000gp/T/d20250528-34223-1g68rg/sqlite-src-3450300/src/test_config.c  
     inflating: /var/folders/bq/wnhbwrkx4dx1q2c27c8v6wkh0000gp/T/d20250528-34223-1g68rg/sqlite-src-3450300/src/select.c  
     inflating: /var/folders/bq/wnhbwrkx4dx1q2c27c8v6wkh0000gp/T/d20250528-34223-1g68rg/sqlite-src-3450300/src/whereexpr.c  
     inflating: /var/folders/bq/wnhbwrkx4dx1q2c27c8v6wkh0000gp/T/d20250528-34223-1g68rg/sqlite-src-3450300/src/expr.c  
     inflating: /var/folders/bq/wnhbwrkx4dx1q2c27c8v6wkh0000gp/T/d20250528-34223-1g68rg/sqlite-src-3450300/src/parse.y  
     inflating: /var/folders/bq/wnhbwrkx4dx1q2c27c8v6wkh0000gp/T/d20250528-34223-1g68rg/sqlite-src-3450300/src/test_autoext.c  
     inflating: /var/folders/bq/wnhbwrkx4dx1q2c27c8v6wkh0000gp/T/d20250528-34223-1g68rg/sqlite-src-3450300/src/auth.c  
     inflating: /var/folders/bq/wnhbwrkx4dx1q2c27c8v6wkh0000gp/T/d20250528-34223-1g68rg/sqlite-src-3450300/src/printf.c  
     inflating: /var/folders/bq/wnhbwrkx4dx1q2c27c8v6wkh0000gp/T/d20250528-34223-1g68rg/sqlite-src-3450300/src/pcache.c  
     inflating: /var/folders/bq/wnhbwrkx4dx1q2c27c8v6wkh0000gp/T/d20250528-34223-1g68rg/sqlite-src-3450300/src/vdbesort.c  
     inflating: /var/folders/bq/wnhbwrkx4dx1q2c27c8v6wkh0000gp/T/d20250528-34223-1g68rg/sqlite-src-3450300/src/mem5.c  
     inflating: /var/folders/bq/wnhbwrkx4dx1q2c27c8v6wkh0000gp/T/d20250528-34223-1g68rg/sqlite-src-3450300/src/mem0.c  
     inflating: /var/folders/bq/wnhbwrkx4dx1q2c27c8v6wkh0000gp/T/d20250528-34223-1g68rg/sqlite-src-3450300/src/test_window.c  
     inflating: /var/folders/bq/wnhbwrkx4dx1q2c27c8v6wkh0000gp/T/d20250528-34223-1g68rg/sqlite-src-3450300/src/os_kv.c  
     inflating: /var/folders/bq/wnhbwrkx4dx1q2c27c8v6wkh0000gp/T/d20250528-34223-1g68rg/sqlite-src-3450300/src/complete.c  
     inflating: /var/folders/bq/wnhbwrkx4dx1q2c27c8v6wkh0000gp/T/d20250528-34223-1g68rg/sqlite-src-3450300/src/mem2.c  
     inflating: /var/folders/bq/wnhbwrkx4dx1q2c27c8v6wkh0000gp/T/d20250528-34223-1g68rg/sqlite-src-3450300/src/sqlite.h.in  
     inflating: /var/folders/bq/wnhbwrkx4dx1q2c27c8v6wkh0000gp/T/d20250528-34223-1g68rg/sqlite-src-3450300/src/delete.c  
     inflating: /var/folders/bq/wnhbwrkx4dx1q2c27c8v6wkh0000gp/T/d20250528-34223-1g68rg/sqlite-src-3450300/src/pcache1.c  
     inflating: /var/folders/bq/wnhbwrkx4dx1q2c27c8v6wkh0000gp/T/d20250528-34223-1g68rg/sqlite-src-3450300/src/sqliteInt.h  
     inflating: /var/folders/bq/wnhbwrkx4dx1q2c27c8v6wkh0000gp/T/d20250528-34223-1g68rg/sqlite-src-3450300/src/vtab.c  
     inflating: /var/folders/bq/wnhbwrkx4dx1q2c27c8v6wkh0000gp/T/d20250528-34223-1g68rg/sqlite-src-3450300/src/loadext.c  
     inflating: /var/folders/bq/wnhbwrkx4dx1q2c27c8v6wkh0000gp/T/d20250528-34223-1g68rg/sqlite-src-3450300/src/os.h  
     inflating: /var/folders/bq/wnhbwrkx4dx1q2c27c8v6wkh0000gp/T/d20250528-34223-1g68rg/sqlite-src-3450300/src/vdbe.h  
     inflating: /var/folders/bq/wnhbwrkx4dx1q2c27c8v6wkh0000gp/T/d20250528-34223-1g68rg/sqlite-src-3450300/src/test5.c  
     inflating: /var/folders/bq/wnhbwrkx4dx1q2c27c8v6wkh0000gp/T/d20250528-34223-1g68rg/sqlite-src-3450300/src/global.c  
     inflating: /var/folders/bq/wnhbwrkx4dx1q2c27c8v6wkh0000gp/T/d20250528-34223-1g68rg/sqlite-src-3450300/src/treeview.c  
     inflating: /var/folders/bq/wnhbwrkx4dx1q2c27c8v6wkh0000gp/T/d20250528-34223-1g68rg/sqlite-src-3450300/src/json.c  
     inflating: /var/folders/bq/wnhbwrkx4dx1q2c27c8v6wkh0000gp/T/d20250528-34223-1g68rg/sqlite-src-3450300/src/hwtime.h  
     inflating: /var/folders/bq/wnhbwrkx4dx1q2c27c8v6wkh0000gp/T/d20250528-34223-1g68rg/sqlite-src-3450300/src/test6.c  
     inflating: /var/folders/bq/wnhbwrkx4dx1q2c27c8v6wkh0000gp/T/d20250528-34223-1g68rg/sqlite-src-3450300/src/test_loadext.c  
     inflating: /var/folders/bq/wnhbwrkx4dx1q2c27c8v6wkh0000gp/T/d20250528-34223-1g68rg/sqlite-src-3450300/src/status.c  
     inflating: /var/folders/bq/wnhbwrkx4dx1q2c27c8v6wkh0000gp/T/d20250528-34223-1g68rg/sqlite-src-3450300/src/vxworks.h  
     inflating: /var/folders/bq/wnhbwrkx4dx1q2c27c8v6wkh0000gp/T/d20250528-34223-1g68rg/sqlite-src-3450300/src/os_common.h  
     inflating: /var/folders/bq/wnhbwrkx4dx1q2c27c8v6wkh0000gp/T/d20250528-34223-1g68rg/sqlite-src-3450300/src/ctime.c  
     inflating: /var/folders/bq/wnhbwrkx4dx1q2c27c8v6wkh0000gp/T/d20250528-34223-1g68rg/sqlite-src-3450300/src/vdbemem.c  
     inflating: /var/folders/bq/wnhbwrkx4dx1q2c27c8v6wkh0000gp/T/d20250528-34223-1g68rg/sqlite-src-3450300/src/legacy.c  
     inflating: /var/folders/bq/wnhbwrkx4dx1q2c27c8v6wkh0000gp/T/d20250528-34223-1g68rg/sqlite-src-3450300/src/hash.h  
     inflating: /var/folders/bq/wnhbwrkx4dx1q2c27c8v6wkh0000gp/T/d20250528-34223-1g68rg/sqlite-src-3450300/src/tclsqlite.c  
     inflating: /var/folders/bq/wnhbwrkx4dx1q2c27c8v6wkh0000gp/T/d20250528-34223-1g68rg/sqlite-src-3450300/src/test_syscall.c  
     inflating: /var/folders/bq/wnhbwrkx4dx1q2c27c8v6wkh0000gp/T/d20250528-34223-1g68rg/sqlite-src-3450300/src/test8.c  
     inflating: /var/folders/bq/wnhbwrkx4dx1q2c27c8v6wkh0000gp/T/d20250528-34223-1g68rg/sqlite-src-3450300/src/where.c  
     inflating: /var/folders/bq/wnhbwrkx4dx1q2c27c8v6wkh0000gp/T/d20250528-34223-1g68rg/sqlite-src-3450300/src/test_onefile.c  
     inflating: /var/folders/bq/wnhbwrkx4dx1q2c27c8v6wkh0000gp/T/d20250528-34223-1g68rg/sqlite-src-3450300/src/dbstat.c  
     inflating: /var/folders/bq/wnhbwrkx4dx1q2c27c8v6wkh0000gp/T/d20250528-34223-1g68rg/sqlite-src-3450300/src/test_intarray.c  
     inflating: /var/folders/bq/wnhbwrkx4dx1q2c27c8v6wkh0000gp/T/d20250528-34223-1g68rg/sqlite-src-3450300/src/test_windirent.h  
     inflating: /var/folders/bq/wnhbwrkx4dx1q2c27c8v6wkh0000gp/T/d20250528-34223-1g68rg/sqlite-src-3450300/src/dbpage.c  
     inflating: /var/folders/bq/wnhbwrkx4dx1q2c27c8v6wkh0000gp/T/d20250528-34223-1g68rg/sqlite-src-3450300/src/bitvec.c  
     inflating: /var/folders/bq/wnhbwrkx4dx1q2c27c8v6wkh0000gp/T/d20250528-34223-1g68rg/sqlite-src-3450300/src/test_quota.h  
     inflating: /var/folders/bq/wnhbwrkx4dx1q2c27c8v6wkh0000gp/T/d20250528-34223-1g68rg/sqlite-src-3450300/src/os_unix.c  
     inflating: /var/folders/bq/wnhbwrkx4dx1q2c27c8v6wkh0000gp/T/d20250528-34223-1g68rg/sqlite-src-3450300/src/test_thread.c  
     inflating: /var/folders/bq/wnhbwrkx4dx1q2c27c8v6wkh0000gp/T/d20250528-34223-1g68rg/sqlite-src-3450300/src/wal.h  
     inflating: /var/folders/bq/wnhbwrkx4dx1q2c27c8v6wkh0000gp/T/d20250528-34223-1g68rg/sqlite-src-3450300/src/sqliteLimit.h  
     inflating: /var/folders/bq/wnhbwrkx4dx1q2c27c8v6wkh0000gp/T/d20250528-34223-1g68rg/sqlite-src-3450300/src/vdbeblob.c  
     inflating: /var/folders/bq/wnhbwrkx4dx1q2c27c8v6wkh0000gp/T/d20250528-34223-1g68rg/sqlite-src-3450300/src/os_win.c  
     inflating: /var/folders/bq/wnhbwrkx4dx1q2c27c8v6wkh0000gp/T/d20250528-34223-1g68rg/sqlite-src-3450300/src/test_bestindex.c  
     inflating: /var/folders/bq/wnhbwrkx4dx1q2c27c8v6wkh0000gp/T/d20250528-34223-1g68rg/sqlite-src-3450300/src/test9.c  
     inflating: /var/folders/bq/wnhbwrkx4dx1q2c27c8v6wkh0000gp/T/d20250528-34223-1g68rg/sqlite-src-3450300/src/random.c  
     inflating: /var/folders/bq/wnhbwrkx4dx1q2c27c8v6wkh0000gp/T/d20250528-34223-1g68rg/sqlite-src-3450300/src/mutex_noop.c  
     inflating: /var/folders/bq/wnhbwrkx4dx1q2c27c8v6wkh0000gp/T/d20250528-34223-1g68rg/sqlite-src-3450300/src/test_quota.c  
     inflating: /var/folders/bq/wnhbwrkx4dx1q2c27c8v6wkh0000gp/T/d20250528-34223-1g68rg/sqlite-src-3450300/src/vdbeapi.c  
     inflating: /var/folders/bq/wnhbwrkx4dx1q2c27c8v6wkh0000gp/T/d20250528-34223-1g68rg/sqlite-src-3450300/src/os_setup.h  
     inflating: /var/folders/bq/wnhbwrkx4dx1q2c27c8v6wkh0000gp/T/d20250528-34223-1g68rg/sqlite-src-3450300/src/test_init.c  
     inflating: /var/folders/bq/wnhbwrkx4dx1q2c27c8v6wkh0000gp/T/d20250528-34223-1g68rg/sqlite-src-3450300/src/upsert.c  
     inflating: /var/folders/bq/wnhbwrkx4dx1q2c27c8v6wkh0000gp/T/d20250528-34223-1g68rg/sqlite-src-3450300/src/walker.c  
     inflating: /var/folders/bq/wnhbwrkx4dx1q2c27c8v6wkh0000gp/T/d20250528-34223-1g68rg/sqlite-src-3450300/src/test4.c  
     inflating: /var/folders/bq/wnhbwrkx4dx1q2c27c8v6wkh0000gp/T/d20250528-34223-1g68rg/sqlite-src-3450300/src/alter.c  
     inflating: /var/folders/bq/wnhbwrkx4dx1q2c27c8v6wkh0000gp/T/d20250528-34223-1g68rg/sqlite-src-3450300/src/whereInt.h  
     inflating: /var/folders/bq/wnhbwrkx4dx1q2c27c8v6wkh0000gp/T/d20250528-34223-1g68rg/sqlite-src-3450300/src/fkey.c  
     inflating: /var/folders/bq/wnhbwrkx4dx1q2c27c8v6wkh0000gp/T/d20250528-34223-1g68rg/sqlite-src-3450300/src/rowset.c  
     inflating: /var/folders/bq/wnhbwrkx4dx1q2c27c8v6wkh0000gp/T/d20250528-34223-1g68rg/sqlite-src-3450300/src/test_fs.c  
     inflating: /var/folders/bq/wnhbwrkx4dx1q2c27c8v6wkh0000gp/T/d20250528-34223-1g68rg/sqlite-src-3450300/src/memjournal.c  
     inflating: /var/folders/bq/wnhbwrkx4dx1q2c27c8v6wkh0000gp/T/d20250528-34223-1g68rg/sqlite-src-3450300/src/test_malloc.c  
     inflating: /var/folders/bq/wnhbwrkx4dx1q2c27c8v6wkh0000gp/T/d20250528-34223-1g68rg/sqlite-src-3450300/src/in-operator.md  
     inflating: /var/folders/bq/wnhbwrkx4dx1q2c27c8v6wkh0000gp/T/d20250528-34223-1g68rg/sqlite-src-3450300/src/attach.c  
     inflating: /var/folders/bq/wnhbwrkx4dx1q2c27c8v6wkh0000gp/T/d20250528-34223-1g68rg/sqlite-src-3450300/src/btree.h  
     inflating: /var/folders/bq/wnhbwrkx4dx1q2c27c8v6wkh0000gp/T/d20250528-34223-1g68rg/sqlite-src-3450300/src/test_multiplex.c  
     inflating: /var/folders/bq/wnhbwrkx4dx1q2c27c8v6wkh0000gp/T/d20250528-34223-1g68rg/sqlite-src-3450300/src/mutex_w32.c  
     inflating: /var/folders/bq/wnhbwrkx4dx1q2c27c8v6wkh0000gp/T/d20250528-34223-1g68rg/sqlite-src-3450300/src/prepare.c  
     inflating: /var/folders/bq/wnhbwrkx4dx1q2c27c8v6wkh0000gp/T/d20250528-34223-1g68rg/sqlite-src-3450300/src/test_hexio.c  
     inflating: /var/folders/bq/wnhbwrkx4dx1q2c27c8v6wkh0000gp/T/d20250528-34223-1g68rg/sqlite-src-3450300/src/test2.c  
     inflating: /var/folders/bq/wnhbwrkx4dx1q2c27c8v6wkh0000gp/T/d20250528-34223-1g68rg/sqlite-src-3450300/src/mutex.c  
     inflating: /var/folders/bq/wnhbwrkx4dx1q2c27c8v6wkh0000gp/T/d20250528-34223-1g68rg/sqlite-src-3450300/src/vdbetrace.c  
     inflating: /var/folders/bq/wnhbwrkx4dx1q2c27c8v6wkh0000gp/T/d20250528-34223-1g68rg/sqlite-src-3450300/src/test_backup.c  
     inflating: /var/folders/bq/wnhbwrkx4dx1q2c27c8v6wkh0000gp/T/d20250528-34223-1g68rg/sqlite-src-3450300/src/backup.c  
     inflating: /var/folders/bq/wnhbwrkx4dx1q2c27c8v6wkh0000gp/T/d20250528-34223-1g68rg/sqlite-src-3450300/src/func.c  
     inflating: /var/folders/bq/wnhbwrkx4dx1q2c27c8v6wkh0000gp/T/d20250528-34223-1g68rg/sqlite-src-3450300/src/pager.c  
     inflating: /var/folders/bq/wnhbwrkx4dx1q2c27c8v6wkh0000gp/T/d20250528-34223-1g68rg/sqlite-src-3450300/src/test_func.c  
     inflating: /var/folders/bq/wnhbwrkx4dx1q2c27c8v6wkh0000gp/T/d20250528-34223-1g68rg/sqlite-src-3450300/src/msvc.h  
     inflating: /var/folders/bq/wnhbwrkx4dx1q2c27c8v6wkh0000gp/T/d20250528-34223-1g68rg/sqlite-src-3450300/src/test_sqllog.c  
     inflating: /var/folders/bq/wnhbwrkx4dx1q2c27c8v6wkh0000gp/T/d20250528-34223-1g68rg/sqlite-src-3450300/src/wherecode.c  
     inflating: /var/folders/bq/wnhbwrkx4dx1q2c27c8v6wkh0000gp/T/d20250528-34223-1g68rg/sqlite-src-3450300/src/btreeInt.h  
     inflating: /var/folders/bq/wnhbwrkx4dx1q2c27c8v6wkh0000gp/T/d20250528-34223-1g68rg/sqlite-src-3450300/src/test_schema.c  
     inflating: /var/folders/bq/wnhbwrkx4dx1q2c27c8v6wkh0000gp/T/d20250528-34223-1g68rg/sqlite-src-3450300/src/callback.c  
     inflating: /var/folders/bq/wnhbwrkx4dx1q2c27c8v6wkh0000gp/T/d20250528-34223-1g68rg/sqlite-src-3450300/src/mem3.c  
     inflating: /var/folders/bq/wnhbwrkx4dx1q2c27c8v6wkh0000gp/T/d20250528-34223-1g68rg/sqlite-src-3450300/src/pragma.h  
     inflating: /var/folders/bq/wnhbwrkx4dx1q2c27c8v6wkh0000gp/T/d20250528-34223-1g68rg/sqlite-src-3450300/src/threads.c  
     inflating: /var/folders/bq/wnhbwrkx4dx1q2c27c8v6wkh0000gp/T/d20250528-34223-1g68rg/sqlite-src-3450300/src/test_tclsh.c  
     inflating: /var/folders/bq/wnhbwrkx4dx1q2c27c8v6wkh0000gp/T/d20250528-34223-1g68rg/sqlite-src-3450300/src/test_devsym.c  
     inflating: /var/folders/bq/wnhbwrkx4dx1q2c27c8v6wkh0000gp/T/d20250528-34223-1g68rg/sqlite-src-3450300/src/resolve.c  
     inflating: /var/folders/bq/wnhbwrkx4dx1q2c27c8v6wkh0000gp/T/d20250528-34223-1g68rg/sqlite-src-3450300/src/test_pcache.c  
     inflating: /var/folders/bq/wnhbwrkx4dx1q2c27c8v6wkh0000gp/T/d20250528-34223-1g68rg/sqlite-src-3450300/src/test_multiplex.h  
     inflating: /var/folders/bq/wnhbwrkx4dx1q2c27c8v6wkh0000gp/T/d20250528-34223-1g68rg/sqlite-src-3450300/src/test_blob.c  
     inflating: /var/folders/bq/wnhbwrkx4dx1q2c27c8v6wkh0000gp/T/d20250528-34223-1g68rg/sqlite-src-3450300/src/test_vfs.c  
     inflating: /var/folders/bq/wnhbwrkx4dx1q2c27c8v6wkh0000gp/T/d20250528-34223-1g68rg/sqlite-src-3450300/src/vdbevtab.c  
     inflating: /var/folders/bq/wnhbwrkx4dx1q2c27c8v6wkh0000gp/T/d20250528-34223-1g68rg/sqlite-src-3450300/src/btmutex.c  
     inflating: /var/folders/bq/wnhbwrkx4dx1q2c27c8v6wkh0000gp/T/d20250528-34223-1g68rg/sqlite-src-3450300/src/pragma.c  
     inflating: /var/folders/bq/wnhbwrkx4dx1q2c27c8v6wkh0000gp/T/d20250528-34223-1g68rg/sqlite-src-3450300/src/vacuum.c  
     inflating: /var/folders/bq/wnhbwrkx4dx1q2c27c8v6wkh0000gp/T/d20250528-34223-1g68rg/sqlite-src-3450300/src/utf.c  
     inflating: /var/folders/bq/wnhbwrkx4dx1q2c27c8v6wkh0000gp/T/d20250528-34223-1g68rg/sqlite-src-3450300/src/os_win.h  
     inflating: /var/folders/bq/wnhbwrkx4dx1q2c27c8v6wkh0000gp/T/d20250528-34223-1g68rg/sqlite-src-3450300/src/test_osinst.c  
     inflating: /var/folders/bq/wnhbwrkx4dx1q2c27c8v6wkh0000gp/T/d20250528-34223-1g68rg/sqlite-src-3450300/src/test_demovfs.c  
     inflating: /var/folders/bq/wnhbwrkx4dx1q2c27c8v6wkh0000gp/T/d20250528-34223-1g68rg/sqlite-src-3450300/src/test_vdbecov.c  
     inflating: /var/folders/bq/wnhbwrkx4dx1q2c27c8v6wkh0000gp/T/d20250528-34223-1g68rg/sqlite-src-3450300/src/memdb.c  
     inflating: /var/folders/bq/wnhbwrkx4dx1q2c27c8v6wkh0000gp/T/d20250528-34223-1g68rg/sqlite-src-3450300/src/sqlite3ext.h  
     inflating: /var/folders/bq/wnhbwrkx4dx1q2c27c8v6wkh0000gp/T/d20250528-34223-1g68rg/sqlite-src-3450300/src/window.c  
     inflating: /var/folders/bq/wnhbwrkx4dx1q2c27c8v6wkh0000gp/T/d20250528-34223-1g68rg/sqlite-src-3450300/src/insert.c  
     inflating: /var/folders/bq/wnhbwrkx4dx1q2c27c8v6wkh0000gp/T/d20250528-34223-1g68rg/sqlite-src-3450300/src/vdbeaux.c  
     inflating: /var/folders/bq/wnhbwrkx4dx1q2c27c8v6wkh0000gp/T/d20250528-34223-1g68rg/sqlite-src-3450300/src/mem1.c  
     inflating: /var/folders/bq/wnhbwrkx4dx1q2c27c8v6wkh0000gp/T/d20250528-34223-1g68rg/sqlite-src-3450300/src/shell.c.in  
     inflating: /var/folders/bq/wnhbwrkx4dx1q2c27c8v6wkh0000gp/T/d20250528-34223-1g68rg/sqlite-src-3450300/src/test_delete.c  
     inflating: /var/folders/bq/wnhbwrkx4dx1q2c27c8v6wkh0000gp/T/d20250528-34223-1g68rg/sqlite-src-3450300/src/pager.h  
     inflating: /var/folders/bq/wnhbwrkx4dx1q2c27c8v6wkh0000gp/T/d20250528-34223-1g68rg/sqlite-src-3450300/src/test_tclvar.c  
     inflating: /var/folders/bq/wnhbwrkx4dx1q2c27c8v6wkh0000gp/T/d20250528-34223-1g68rg/sqlite-src-3450300/src/test1.c  
     inflating: /var/folders/bq/wnhbwrkx4dx1q2c27c8v6wkh0000gp/T/d20250528-34223-1g68rg/sqlite-src-3450300/src/fault.c  
     inflating: /var/folders/bq/wnhbwrkx4dx1q2c27c8v6wkh0000gp/T/d20250528-34223-1g68rg/sqlite-src-3450300/src/test_rtree.c  
     inflating: /var/folders/bq/wnhbwrkx4dx1q2c27c8v6wkh0000gp/T/d20250528-34223-1g68rg/sqlite-src-3450300/src/mutex_unix.c  
     inflating: /var/folders/bq/wnhbwrkx4dx1q2c27c8v6wkh0000gp/T/d20250528-34223-1g68rg/sqlite-src-3450300/src/analyze.c  
     inflating: /var/folders/bq/wnhbwrkx4dx1q2c27c8v6wkh0000gp/T/d20250528-34223-1g68rg/sqlite-src-3450300/src/date.c  
     inflating: /var/folders/bq/wnhbwrkx4dx1q2c27c8v6wkh0000gp/T/d20250528-34223-1g68rg/sqlite-src-3450300/src/test_mutex.c  
     inflating: /var/folders/bq/wnhbwrkx4dx1q2c27c8v6wkh0000gp/T/d20250528-34223-1g68rg/sqlite-src-3450300/src/test_vfstrace.c  
     inflating: /var/folders/bq/wnhbwrkx4dx1q2c27c8v6wkh0000gp/T/d20250528-34223-1g68rg/sqlite-src-3450300/src/notify.c  
     inflating: /var/folders/bq/wnhbwrkx4dx1q2c27c8v6wkh0000gp/T/d20250528-34223-1g68rg/sqlite-src-3450300/src/tokenize.c  
     inflating: /var/folders/bq/wnhbwrkx4dx1q2c27c8v6wkh0000gp/T/d20250528-34223-1g68rg/sqlite-src-3450300/src/vdbe.c  
     inflating: /var/folders/bq/wnhbwrkx4dx1q2c27c8v6wkh0000gp/T/d20250528-34223-1g68rg/sqlite-src-3450300/src/main.c  
     inflating: /var/folders/bq/wnhbwrkx4dx1q2c27c8v6wkh0000gp/T/d20250528-34223-1g68rg/sqlite-src-3450300/src/pcache.h  
     inflating: /var/folders/bq/wnhbwrkx4dx1q2c27c8v6wkh0000gp/T/d20250528-34223-1g68rg/sqlite-src-3450300/src/trigger.c  
     inflating: /var/folders/bq/wnhbwrkx4dx1q2c27c8v6wkh0000gp/T/d20250528-34223-1g68rg/sqlite-src-3450300/src/test_async.c  
      creating: /private/var/folders/bq/wnhbwrkx4dx1q2c27c8v6wkh0000gp/T/d20250528-34223-1g68rg/sqlite-src-3450300/ext
      creating: /private/var/folders/bq/wnhbwrkx4dx1q2c27c8v6wkh0000gp/T/d20250528-34223-1g68rg/sqlite-src-3450300/ext/rbu
     inflating: /var/folders/bq/wnhbwrkx4dx1q2c27c8v6wkh0000gp/T/d20250528-34223-1g68rg/sqlite-src-3450300/ext/rbu/rbucrash2.test  
     inflating: /var/folders/bq/wnhbwrkx4dx1q2c27c8v6wkh0000gp/T/d20250528-34223-1g68rg/sqlite-src-3450300/ext/rbu/rbuexlock.test  
     inflating: /var/folders/bq/wnhbwrkx4dx1q2c27c8v6wkh0000gp/T/d20250528-34223-1g68rg/sqlite-src-3450300/ext/rbu/rbumulti.test  
     inflating: /var/folders/bq/wnhbwrkx4dx1q2c27c8v6wkh0000gp/T/d20250528-34223-1g68rg/sqlite-src-3450300/ext/rbu/rbu7.test  
     inflating: /var/folders/bq/wnhbwrkx4dx1q2c27c8v6wkh0000gp/T/d20250528-34223-1g68rg/sqlite-src-3450300/ext/rbu/rbuC.test  
     inflating: /var/folders/bq/wnhbwrkx4dx1q2c27c8v6wkh0000gp/T/d20250528-34223-1g68rg/sqlite-src-3450300/ext/rbu/rbucollate.test  
     inflating: /var/folders/bq/wnhbwrkx4dx1q2c27c8v6wkh0000gp/T/d20250528-34223-1g68rg/sqlite-src-3450300/ext/rbu/rbupass.test  
     inflating: /var/folders/bq/wnhbwrkx4dx1q2c27c8v6wkh0000gp/T/d20250528-34223-1g68rg/sqlite-src-3450300/ext/rbu/rbufts.test  
     inflating: /var/folders/bq/wnhbwrkx4dx1q2c27c8v6wkh0000gp/T/d20250528-34223-1g68rg/sqlite-src-3450300/ext/rbu/rburesume.test  
     inflating: /var/folders/bq/wnhbwrkx4dx1q2c27c8v6wkh0000gp/T/d20250528-34223-1g68rg/sqlite-src-3450300/ext/rbu/rbu12.test  
     inflating: /var/folders/bq/wnhbwrkx4dx1q2c27c8v6wkh0000gp/T/d20250528-34223-1g68rg/sqlite-src-3450300/ext/rbu/rbuprogress.test  
     inflating: /var/folders/bq/wnhbwrkx4dx1q2c27c8v6wkh0000gp/T/d20250528-34223-1g68rg/sqlite-src-3450300/ext/rbu/rbu9.test  
     inflating: /var/folders/bq/wnhbwrkx4dx1q2c27c8v6wkh0000gp/T/d20250528-34223-1g68rg/sqlite-src-3450300/ext/rbu/rbufault4.test  
     inflating: /var/folders/bq/wnhbwrkx4dx1q2c27c8v6wkh0000gp/T/d20250528-34223-1g68rg/sqlite-src-3450300/ext/rbu/rbuvacuum2.test  
     inflating: /var/folders/bq/wnhbwrkx4dx1q2c27c8v6wkh0000gp/T/d20250528-34223-1g68rg/sqlite-src-3450300/ext/rbu/rbuexpr.test  
     inflating: /var/folders/bq/wnhbwrkx4dx1q2c27c8v6wkh0000gp/T/d20250528-34223-1g68rg/sqlite-src-3450300/ext/rbu/rbuvacuum4.test  
     inflating: /var/folders/bq/wnhbwrkx4dx1q2c27c8v6wkh0000gp/T/d20250528-34223-1g68rg/sqlite-src-3450300/ext/rbu/rbu13.test  
     inflating: /var/folders/bq/wnhbwrkx4dx1q2c27c8v6wkh0000gp/T/d20250528-34223-1g68rg/sqlite-src-3450300/ext/rbu/rbu.c  
     inflating: /var/folders/bq/wnhbwrkx4dx1q2c27c8v6wkh0000gp/T/d20250528-34223-1g68rg/sqlite-src-3450300/ext/rbu/rbuvacuum3.test  
     inflating: /var/folders/bq/wnhbwrkx4dx1q2c27c8v6wkh0000gp/T/d20250528-34223-1g68rg/sqlite-src-3450300/ext/rbu/rbusave.test  
     inflating: /var/folders/bq/wnhbwrkx4dx1q2c27c8v6wkh0000gp/T/d20250528-34223-1g68rg/sqlite-src-3450300/ext/rbu/rbudiff.test  
     inflating: /var/folders/bq/wnhbwrkx4dx1q2c27c8v6wkh0000gp/T/d20250528-34223-1g68rg/sqlite-src-3450300/ext/rbu/rbu5.test  
     inflating: /var/folders/bq/wnhbwrkx4dx1q2c27c8v6wkh0000gp/T/d20250528-34223-1g68rg/sqlite-src-3450300/ext/rbu/rbu_common.tcl  
     inflating: /var/folders/bq/wnhbwrkx4dx1q2c27c8v6wkh0000gp/T/d20250528-34223-1g68rg/sqlite-src-3450300/ext/rbu/rbu1.test  
     inflating: /var/folders/bq/wnhbwrkx4dx1q2c27c8v6wkh0000gp/T/d20250528-34223-1g68rg/sqlite-src-3450300/ext/rbu/rbu6.test  
     inflating: /var/folders/bq/wnhbwrkx4dx1q2c27c8v6wkh0000gp/T/d20250528-34223-1g68rg/sqlite-src-3450300/ext/rbu/rbu11.test  
     inflating: /var/folders/bq/wnhbwrkx4dx1q2c27c8v6wkh0000gp/T/d20250528-34223-1g68rg/sqlite-src-3450300/ext/rbu/rbu10.test  
     inflating: /var/folders/bq/wnhbwrkx4dx1q2c27c8v6wkh0000gp/T/d20250528-34223-1g68rg/sqlite-src-3450300/ext/rbu/rbu3.test  
     inflating: /var/folders/bq/wnhbwrkx4dx1q2c27c8v6wkh0000gp/T/d20250528-34223-1g68rg/sqlite-src-3450300/ext/rbu/sqlite3rbu.h  
     inflating: /var/folders/bq/wnhbwrkx4dx1q2c27c8v6wkh0000gp/T/d20250528-34223-1g68rg/sqlite-src-3450300/ext/rbu/rbufault3.test  
     inflating: /var/folders/bq/wnhbwrkx4dx1q2c27c8v6wkh0000gp/T/d20250528-34223-1g68rg/sqlite-src-3450300/ext/rbu/rbumisc.test  
     inflating: /var/folders/bq/wnhbwrkx4dx1q2c27c8v6wkh0000gp/T/d20250528-34223-1g68rg/sqlite-src-3450300/ext/rbu/rbusplit.test  
     inflating: /var/folders/bq/wnhbwrkx4dx1q2c27c8v6wkh0000gp/T/d20250528-34223-1g68rg/sqlite-src-3450300/ext/rbu/rbudor.test  
     inflating: /var/folders/bq/wnhbwrkx4dx1q2c27c8v6wkh0000gp/T/d20250528-34223-1g68rg/sqlite-src-3450300/ext/rbu/rbufault.test  
     inflating: /var/folders/bq/wnhbwrkx4dx1q2c27c8v6wkh0000gp/T/d20250528-34223-1g68rg/sqlite-src-3450300/ext/rbu/sqlite3rbu.c  
     inflating: /var/folders/bq/wnhbwrkx4dx1q2c27c8v6wkh0000gp/T/d20250528-34223-1g68rg/sqlite-src-3450300/ext/rbu/rbuvacuum.test  
     inflating: /var/folders/bq/wnhbwrkx4dx1q2c27c8v6wkh0000gp/T/d20250528-34223-1g68rg/sqlite-src-3450300/ext/rbu/rbuB.test  
     inflating: /var/folders/bq/wnhbwrkx4dx1q2c27c8v6wkh0000gp/T/d20250528-34223-1g68rg/sqlite-src-3450300/ext/rbu/rbucrash.test  
     inflating: /var/folders/bq/wnhbwrkx4dx1q2c27c8v6wkh0000gp/T/d20250528-34223-1g68rg/sqlite-src-3450300/ext/rbu/rbutemplimit.test  
     inflating: /var/folders/bq/wnhbwrkx4dx1q2c27c8v6wkh0000gp/T/d20250528-34223-1g68rg/sqlite-src-3450300/ext/rbu/rburename.test  
     inflating: /var/folders/bq/wnhbwrkx4dx1q2c27c8v6wkh0000gp/T/d20250528-34223-1g68rg/sqlite-src-3450300/ext/rbu/rbufault2.test  
     inflating: /var/folders/bq/wnhbwrkx4dx1q2c27c8v6wkh0000gp/T/d20250528-34223-1g68rg/sqlite-src-3450300/ext/rbu/rbu8.test  
     inflating: /var/folders/bq/wnhbwrkx4dx1q2c27c8v6wkh0000gp/T/d20250528-34223-1g68rg/sqlite-src-3450300/ext/rbu/rbu14.test  
     inflating: /var/folders/bq/wnhbwrkx4dx1q2c27c8v6wkh0000gp/T/d20250528-34223-1g68rg/sqlite-src-3450300/ext/rbu/test_rbu.c  
     inflating: /var/folders/bq/wnhbwrkx4dx1q2c27c8v6wkh0000gp/T/d20250528-34223-1g68rg/sqlite-src-3450300/ext/rbu/rbupartial.test  
     inflating: /var/folders/bq/wnhbwrkx4dx1q2c27c8v6wkh0000gp/T/d20250528-34223-1g68rg/sqlite-src-3450300/ext/rbu/rbubusy.test  
     inflating: /var/folders/bq/wnhbwrkx4dx1q2c27c8v6wkh0000gp/T/d20250528-34223-1g68rg/sqlite-src-3450300/ext/rbu/rbuA.test  
      creating: /private/var/folders/bq/wnhbwrkx4dx1q2c27c8v6wkh0000gp/T/d20250528-34223-1g68rg/sqlite-src-3450300/ext/userauth
     inflating: /var/folders/bq/wnhbwrkx4dx1q2c27c8v6wkh0000gp/T/d20250528-34223-1g68rg/sqlite-src-3450300/ext/userauth/user-auth.txt  
     inflating: /var/folders/bq/wnhbwrkx4dx1q2c27c8v6wkh0000gp/T/d20250528-34223-1g68rg/sqlite-src-3450300/ext/userauth/sqlite3userauth.h  
     inflating: /var/folders/bq/wnhbwrkx4dx1q2c27c8v6wkh0000gp/T/d20250528-34223-1g68rg/sqlite-src-3450300/ext/userauth/userauth.c  
      creating: /private/var/folders/bq/wnhbwrkx4dx1q2c27c8v6wkh0000gp/T/d20250528-34223-1g68rg/sqlite-src-3450300/ext/async
     inflating: /var/folders/bq/wnhbwrkx4dx1q2c27c8v6wkh0000gp/T/d20250528-34223-1g68rg/sqlite-src-3450300/ext/async/sqlite3async.c  
     inflating: /var/folders/bq/wnhbwrkx4dx1q2c27c8v6wkh0000gp/T/d20250528-34223-1g68rg/sqlite-src-3450300/ext/async/sqlite3async.h  
     inflating: /var/folders/bq/wnhbwrkx4dx1q2c27c8v6wkh0000gp/T/d20250528-34223-1g68rg/sqlite-src-3450300/ext/async/README.txt  
      creating: /private/var/folders/bq/wnhbwrkx4dx1q2c27c8v6wkh0000gp/T/d20250528-34223-1g68rg/sqlite-src-3450300/ext/expert
     inflating: /var/folders/bq/wnhbwrkx4dx1q2c27c8v6wkh0000gp/T/d20250528-34223-1g68rg/sqlite-src-3450300/ext/expert/sqlite3expert.h  
     inflating: /var/folders/bq/wnhbwrkx4dx1q2c27c8v6wkh0000gp/T/d20250528-34223-1g68rg/sqlite-src-3450300/ext/expert/sqlite3expert.c  
     inflating: /var/folders/bq/wnhbwrkx4dx1q2c27c8v6wkh0000gp/T/d20250528-34223-1g68rg/sqlite-src-3450300/ext/expert/test_expert.c  
     inflating: /var/folders/bq/wnhbwrkx4dx1q2c27c8v6wkh0000gp/T/d20250528-34223-1g68rg/sqlite-src-3450300/ext/expert/README.md  
     inflating: /var/folders/bq/wnhbwrkx4dx1q2c27c8v6wkh0000gp/T/d20250528-34223-1g68rg/sqlite-src-3450300/ext/expert/expert.c  
     inflating: /var/folders/bq/wnhbwrkx4dx1q2c27c8v6wkh0000gp/T/d20250528-34223-1g68rg/sqlite-src-3450300/ext/expert/expert1.test  
      creating: /private/var/folders/bq/wnhbwrkx4dx1q2c27c8v6wkh0000gp/T/d20250528-34223-1g68rg/sqlite-src-3450300/ext/repair
     inflating: /var/folders/bq/wnhbwrkx4dx1q2c27c8v6wkh0000gp/T/d20250528-34223-1g68rg/sqlite-src-3450300/ext/repair/sqlite3_checker.tcl  
      creating: /private/var/folders/bq/wnhbwrkx4dx1q2c27c8v6wkh0000gp/T/d20250528-34223-1g68rg/sqlite-src-3450300/ext/repair/test
     inflating: /var/folders/bq/wnhbwrkx4dx1q2c27c8v6wkh0000gp/T/d20250528-34223-1g68rg/sqlite-src-3450300/ext/repair/test/test.tcl  
     inflating: /var/folders/bq/wnhbwrkx4dx1q2c27c8v6wkh0000gp/T/d20250528-34223-1g68rg/sqlite-src-3450300/ext/repair/test/checkfreelist01.test  
     inflating: /var/folders/bq/wnhbwrkx4dx1q2c27c8v6wkh0000gp/T/d20250528-34223-1g68rg/sqlite-src-3450300/ext/repair/test/checkindex01.test  
     inflating: /var/folders/bq/wnhbwrkx4dx1q2c27c8v6wkh0000gp/T/d20250528-34223-1g68rg/sqlite-src-3450300/ext/repair/test/README.md  
     inflating: /var/folders/bq/wnhbwrkx4dx1q2c27c8v6wkh0000gp/T/d20250528-34223-1g68rg/sqlite-src-3450300/ext/repair/checkindex.c  
     inflating: /var/folders/bq/wnhbwrkx4dx1q2c27c8v6wkh0000gp/T/d20250528-34223-1g68rg/sqlite-src-3450300/ext/repair/README.md  
     inflating: /var/folders/bq/wnhbwrkx4dx1q2c27c8v6wkh0000gp/T/d20250528-34223-1g68rg/sqlite-src-3450300/ext/repair/checkfreelist.c  
     inflating: /var/folders/bq/wnhbwrkx4dx1q2c27c8v6wkh0000gp/T/d20250528-34223-1g68rg/sqlite-src-3450300/ext/repair/sqlite3_checker.c.in  
      creating: /private/var/folders/bq/wnhbwrkx4dx1q2c27c8v6wkh0000gp/T/d20250528-34223-1g68rg/sqlite-src-3450300/ext/misc
     inflating: /var/folders/bq/wnhbwrkx4dx1q2c27c8v6wkh0000gp/T/d20250528-34223-1g68rg/sqlite-src-3450300/ext/misc/appendvfs.c  
     inflating: /var/folders/bq/wnhbwrkx4dx1q2c27c8v6wkh0000gp/T/d20250528-34223-1g68rg/sqlite-src-3450300/ext/misc/sqlar.c  
     inflating: /var/folders/bq/wnhbwrkx4dx1q2c27c8v6wkh0000gp/T/d20250528-34223-1g68rg/sqlite-src-3450300/ext/misc/scrub.c  
     inflating: /var/folders/bq/wnhbwrkx4dx1q2c27c8v6wkh0000gp/T/d20250528-34223-1g68rg/sqlite-src-3450300/ext/misc/zipfile.c  
     inflating: /var/folders/bq/wnhbwrkx4dx1q2c27c8v6wkh0000gp/T/d20250528-34223-1g68rg/sqlite-src-3450300/ext/misc/nextchar.c  
     inflating: /var/folders/bq/wnhbwrkx4dx1q2c27c8v6wkh0000gp/T/d20250528-34223-1g68rg/sqlite-src-3450300/ext/misc/carray.h  
     inflating: /var/folders/bq/wnhbwrkx4dx1q2c27c8v6wkh0000gp/T/d20250528-34223-1g68rg/sqlite-src-3450300/ext/misc/pcachetrace.c  
     inflating: /var/folders/bq/wnhbwrkx4dx1q2c27c8v6wkh0000gp/T/d20250528-34223-1g68rg/sqlite-src-3450300/ext/misc/fileio.c  
     inflating: /var/folders/bq/wnhbwrkx4dx1q2c27c8v6wkh0000gp/T/d20250528-34223-1g68rg/sqlite-src-3450300/ext/misc/vtablog.c  
     inflating: /var/folders/bq/wnhbwrkx4dx1q2c27c8v6wkh0000gp/T/d20250528-34223-1g68rg/sqlite-src-3450300/ext/misc/series.c  
     inflating: /var/folders/bq/wnhbwrkx4dx1q2c27c8v6wkh0000gp/T/d20250528-34223-1g68rg/sqlite-src-3450300/ext/misc/fuzzer.c  
     inflating: /var/folders/bq/wnhbwrkx4dx1q2c27c8v6wkh0000gp/T/d20250528-34223-1g68rg/sqlite-src-3450300/ext/misc/amatch.c  
     inflating: /var/folders/bq/wnhbwrkx4dx1q2c27c8v6wkh0000gp/T/d20250528-34223-1g68rg/sqlite-src-3450300/ext/misc/prefixes.c  
     inflating: /var/folders/bq/wnhbwrkx4dx1q2c27c8v6wkh0000gp/T/d20250528-34223-1g68rg/sqlite-src-3450300/ext/misc/wholenumber.c  
     inflating: /var/folders/bq/wnhbwrkx4dx1q2c27c8v6wkh0000gp/T/d20250528-34223-1g68rg/sqlite-src-3450300/ext/misc/uint.c  
     inflating: /var/folders/bq/wnhbwrkx4dx1q2c27c8v6wkh0000gp/T/d20250528-34223-1g68rg/sqlite-src-3450300/ext/misc/btreeinfo.c  
     inflating: /var/folders/bq/wnhbwrkx4dx1q2c27c8v6wkh0000gp/T/d20250528-34223-1g68rg/sqlite-src-3450300/ext/misc/percentile.c  
     inflating: /var/folders/bq/wnhbwrkx4dx1q2c27c8v6wkh0000gp/T/d20250528-34223-1g68rg/sqlite-src-3450300/ext/misc/vtshim.c  
     inflating: /var/folders/bq/wnhbwrkx4dx1q2c27c8v6wkh0000gp/T/d20250528-34223-1g68rg/sqlite-src-3450300/ext/misc/memtrace.c  
     inflating: /var/folders/bq/wnhbwrkx4dx1q2c27c8v6wkh0000gp/T/d20250528-34223-1g68rg/sqlite-src-3450300/ext/misc/memstat.c  
     inflating: /var/folders/bq/wnhbwrkx4dx1q2c27c8v6wkh0000gp/T/d20250528-34223-1g68rg/sqlite-src-3450300/ext/misc/remember.c  
     inflating: /var/folders/bq/wnhbwrkx4dx1q2c27c8v6wkh0000gp/T/d20250528-34223-1g68rg/sqlite-src-3450300/ext/misc/ieee754.c  
     inflating: /var/folders/bq/wnhbwrkx4dx1q2c27c8v6wkh0000gp/T/d20250528-34223-1g68rg/sqlite-src-3450300/ext/misc/rot13.c  
     inflating: /var/folders/bq/wnhbwrkx4dx1q2c27c8v6wkh0000gp/T/d20250528-34223-1g68rg/sqlite-src-3450300/ext/misc/memvfs.c  
     inflating: /var/folders/bq/wnhbwrkx4dx1q2c27c8v6wkh0000gp/T/d20250528-34223-1g68rg/sqlite-src-3450300/ext/misc/randomjson.c  
     inflating: /var/folders/bq/wnhbwrkx4dx1q2c27c8v6wkh0000gp/T/d20250528-34223-1g68rg/sqlite-src-3450300/ext/misc/anycollseq.c  
     inflating: /var/folders/bq/wnhbwrkx4dx1q2c27c8v6wkh0000gp/T/d20250528-34223-1g68rg/sqlite-src-3450300/ext/misc/base85.c  
     inflating: /var/folders/bq/wnhbwrkx4dx1q2c27c8v6wkh0000gp/T/d20250528-34223-1g68rg/sqlite-src-3450300/ext/misc/stmt.c  
     inflating: /var/folders/bq/wnhbwrkx4dx1q2c27c8v6wkh0000gp/T/d20250528-34223-1g68rg/sqlite-src-3450300/ext/misc/explain.c  
     inflating: /var/folders/bq/wnhbwrkx4dx1q2c27c8v6wkh0000gp/T/d20250528-34223-1g68rg/sqlite-src-3450300/ext/misc/vfsstat.c  
     inflating: /var/folders/bq/wnhbwrkx4dx1q2c27c8v6wkh0000gp/T/d20250528-34223-1g68rg/sqlite-src-3450300/ext/misc/showauth.c  
     inflating: /var/folders/bq/wnhbwrkx4dx1q2c27c8v6wkh0000gp/T/d20250528-34223-1g68rg/sqlite-src-3450300/ext/misc/qpvtab.c  
     inflating: /var/folders/bq/wnhbwrkx4dx1q2c27c8v6wkh0000gp/T/d20250528-34223-1g68rg/sqlite-src-3450300/ext/misc/unionvtab.c  
     inflating: /var/folders/bq/wnhbwrkx4dx1q2c27c8v6wkh0000gp/T/d20250528-34223-1g68rg/sqlite-src-3450300/ext/misc/closure.c  
     inflating: /var/folders/bq/wnhbwrkx4dx1q2c27c8v6wkh0000gp/T/d20250528-34223-1g68rg/sqlite-src-3450300/ext/misc/blobio.c  
     inflating: /var/folders/bq/wnhbwrkx4dx1q2c27c8v6wkh0000gp/T/d20250528-34223-1g68rg/sqlite-src-3450300/ext/misc/uuid.c  
     inflating: /var/folders/bq/wnhbwrkx4dx1q2c27c8v6wkh0000gp/T/d20250528-34223-1g68rg/sqlite-src-3450300/ext/misc/urifuncs.c  
     inflating: /var/folders/bq/wnhbwrkx4dx1q2c27c8v6wkh0000gp/T/d20250528-34223-1g68rg/sqlite-src-3450300/ext/misc/totype.c  
     inflating: /var/folders/bq/wnhbwrkx4dx1q2c27c8v6wkh0000gp/T/d20250528-34223-1g68rg/sqlite-src-3450300/ext/misc/templatevtab.c  
     inflating: /var/folders/bq/wnhbwrkx4dx1q2c27c8v6wkh0000gp/T/d20250528-34223-1g68rg/sqlite-src-3450300/ext/misc/README.md  
     inflating: /var/folders/bq/wnhbwrkx4dx1q2c27c8v6wkh0000gp/T/d20250528-34223-1g68rg/sqlite-src-3450300/ext/misc/spellfix.c  
     inflating: /var/folders/bq/wnhbwrkx4dx1q2c27c8v6wkh0000gp/T/d20250528-34223-1g68rg/sqlite-src-3450300/ext/misc/dbdump.c  
     inflating: /var/folders/bq/wnhbwrkx4dx1q2c27c8v6wkh0000gp/T/d20250528-34223-1g68rg/sqlite-src-3450300/ext/misc/sha1.c  
     inflating: /var/folders/bq/wnhbwrkx4dx1q2c27c8v6wkh0000gp/T/d20250528-34223-1g68rg/sqlite-src-3450300/ext/misc/vfslog.c  
     inflating: /var/folders/bq/wnhbwrkx4dx1q2c27c8v6wkh0000gp/T/d20250528-34223-1g68rg/sqlite-src-3450300/ext/misc/shathree.c  
     inflating: /var/folders/bq/wnhbwrkx4dx1q2c27c8v6wkh0000gp/T/d20250528-34223-1g68rg/sqlite-src-3450300/ext/misc/eval.c  
     inflating: /var/folders/bq/wnhbwrkx4dx1q2c27c8v6wkh0000gp/T/d20250528-34223-1g68rg/sqlite-src-3450300/ext/misc/regexp.c  
     inflating: /var/folders/bq/wnhbwrkx4dx1q2c27c8v6wkh0000gp/T/d20250528-34223-1g68rg/sqlite-src-3450300/ext/misc/csv.c  
     inflating: /var/folders/bq/wnhbwrkx4dx1q2c27c8v6wkh0000gp/T/d20250528-34223-1g68rg/sqlite-src-3450300/ext/misc/mmapwarm.c  
     inflating: /var/folders/bq/wnhbwrkx4dx1q2c27c8v6wkh0000gp/T/d20250528-34223-1g68rg/sqlite-src-3450300/ext/misc/cksumvfs.c  
     inflating: /var/folders/bq/wnhbwrkx4dx1q2c27c8v6wkh0000gp/T/d20250528-34223-1g68rg/sqlite-src-3450300/ext/misc/normalize.c  
     inflating: /var/folders/bq/wnhbwrkx4dx1q2c27c8v6wkh0000gp/T/d20250528-34223-1g68rg/sqlite-src-3450300/ext/misc/carray.c  
     inflating: /var/folders/bq/wnhbwrkx4dx1q2c27c8v6wkh0000gp/T/d20250528-34223-1g68rg/sqlite-src-3450300/ext/misc/base64.c  
     inflating: /var/folders/bq/wnhbwrkx4dx1q2c27c8v6wkh0000gp/T/d20250528-34223-1g68rg/sqlite-src-3450300/ext/misc/compress.c  
     inflating: /var/folders/bq/wnhbwrkx4dx1q2c27c8v6wkh0000gp/T/d20250528-34223-1g68rg/sqlite-src-3450300/ext/misc/fossildelta.c  
     inflating: /var/folders/bq/wnhbwrkx4dx1q2c27c8v6wkh0000gp/T/d20250528-34223-1g68rg/sqlite-src-3450300/ext/misc/basexx.c  
     inflating: /var/folders/bq/wnhbwrkx4dx1q2c27c8v6wkh0000gp/T/d20250528-34223-1g68rg/sqlite-src-3450300/ext/misc/noop.c  
     inflating: /var/folders/bq/wnhbwrkx4dx1q2c27c8v6wkh0000gp/T/d20250528-34223-1g68rg/sqlite-src-3450300/ext/misc/decimal.c  
     inflating: /var/folders/bq/wnhbwrkx4dx1q2c27c8v6wkh0000gp/T/d20250528-34223-1g68rg/sqlite-src-3450300/ext/misc/completion.c  
     inflating: /var/folders/bq/wnhbwrkx4dx1q2c27c8v6wkh0000gp/T/d20250528-34223-1g68rg/sqlite-src-3450300/ext/misc/zorder.c  
      creating: /private/var/folders/bq/wnhbwrkx4dx1q2c27c8v6wkh0000gp/T/d20250528-34223-1g68rg/sqlite-src-3450300/ext/wasm
     inflating: /var/folders/bq/wnhbwrkx4dx1q2c27c8v6wkh0000gp/T/d20250528-34223-1g68rg/sqlite-src-3450300/ext/wasm/demo-worker1.html  
     inflating: /var/folders/bq/wnhbwrkx4dx1q2c27c8v6wkh0000gp/T/d20250528-34223-1g68rg/sqlite-src-3450300/ext/wasm/fiddle.make  
     inflating: /var/folders/bq/wnhbwrkx4dx1q2c27c8v6wkh0000gp/T/d20250528-34223-1g68rg/sqlite-src-3450300/ext/wasm/wasmfs.make  
     inflating: /var/folders/bq/wnhbwrkx4dx1q2c27c8v6wkh0000gp/T/d20250528-34223-1g68rg/sqlite-src-3450300/ext/wasm/dist.make  
     inflating: /var/folders/bq/wnhbwrkx4dx1q2c27c8v6wkh0000gp/T/d20250528-34223-1g68rg/sqlite-src-3450300/ext/wasm/EXPORTED_FUNCTIONS.fiddle.in  
     inflating: /var/folders/bq/wnhbwrkx4dx1q2c27c8v6wkh0000gp/T/d20250528-34223-1g68rg/sqlite-src-3450300/ext/wasm/test-opfs-vfs.js  
     inflating: /var/folders/bq/wnhbwrkx4dx1q2c27c8v6wkh0000gp/T/d20250528-34223-1g68rg/sqlite-src-3450300/ext/wasm/tester1.c-pp.js  
     inflating: /var/folders/bq/wnhbwrkx4dx1q2c27c8v6wkh0000gp/T/d20250528-34223-1g68rg/sqlite-src-3450300/ext/wasm/demo-worker1-promiser.js  
     inflating: /var/folders/bq/wnhbwrkx4dx1q2c27c8v6wkh0000gp/T/d20250528-34223-1g68rg/sqlite-src-3450300/ext/wasm/batch-runner.js  
     inflating: /var/folders/bq/wnhbwrkx4dx1q2c27c8v6wkh0000gp/T/d20250528-34223-1g68rg/sqlite-src-3450300/ext/wasm/demo-worker1.js  
      creating: /private/var/folders/bq/wnhbwrkx4dx1q2c27c8v6wkh0000gp/T/d20250528-34223-1g68rg/sqlite-src-3450300/ext/wasm/SQLTester
     inflating: /var/folders/bq/wnhbwrkx4dx1q2c27c8v6wkh0000gp/T/d20250528-34223-1g68rg/sqlite-src-3450300/ext/wasm/SQLTester/SQLTester.run.mjs  
     inflating: /var/folders/bq/wnhbwrkx4dx1q2c27c8v6wkh0000gp/T/d20250528-34223-1g68rg/sqlite-src-3450300/ext/wasm/SQLTester/index.html  
     inflating: /var/folders/bq/wnhbwrkx4dx1q2c27c8v6wkh0000gp/T/d20250528-34223-1g68rg/sqlite-src-3450300/ext/wasm/SQLTester/touint8array.c  
     inflating: /var/folders/bq/wnhbwrkx4dx1q2c27c8v6wkh0000gp/T/d20250528-34223-1g68rg/sqlite-src-3450300/ext/wasm/SQLTester/SQLTester.mjs  
     inflating: /var/folders/bq/wnhbwrkx4dx1q2c27c8v6wkh0000gp/T/d20250528-34223-1g68rg/sqlite-src-3450300/ext/wasm/SQLTester/GNUmakefile  
     inflating: /var/folders/bq/wnhbwrkx4dx1q2c27c8v6wkh0000gp/T/d20250528-34223-1g68rg/sqlite-src-3450300/ext/wasm/demo-123-worker.html  
     inflating: /var/folders/bq/wnhbwrkx4dx1q2c27c8v6wkh0000gp/T/d20250528-34223-1g68rg/sqlite-src-3450300/ext/wasm/scratchpad-wasmfs.html  
     inflating: /var/folders/bq/wnhbwrkx4dx1q2c27c8v6wkh0000gp/T/d20250528-34223-1g68rg/sqlite-src-3450300/ext/wasm/batch-runner-sahpool.html  
     inflating: /var/folders/bq/wnhbwrkx4dx1q2c27c8v6wkh0000gp/T/d20250528-34223-1g68rg/sqlite-src-3450300/ext/wasm/demo-123.js  
      creating: /private/var/folders/bq/wnhbwrkx4dx1q2c27c8v6wkh0000gp/T/d20250528-34223-1g68rg/sqlite-src-3450300/ext/wasm/sql
     inflating: /var/folders/bq/wnhbwrkx4dx1q2c27c8v6wkh0000gp/T/d20250528-34223-1g68rg/sqlite-src-3450300/ext/wasm/sql/000-mandelbrot.sql  
     inflating: /var/folders/bq/wnhbwrkx4dx1q2c27c8v6wkh0000gp/T/d20250528-34223-1g68rg/sqlite-src-3450300/ext/wasm/sql/001-sudoku.sql  
     inflating: /var/folders/bq/wnhbwrkx4dx1q2c27c8v6wkh0000gp/T/d20250528-34223-1g68rg/sqlite-src-3450300/ext/wasm/demo-jsstorage.html  
     inflating: /var/folders/bq/wnhbwrkx4dx1q2c27c8v6wkh0000gp/T/d20250528-34223-1g68rg/sqlite-src-3450300/ext/wasm/index.html  
     inflating: /var/folders/bq/wnhbwrkx4dx1q2c27c8v6wkh0000gp/T/d20250528-34223-1g68rg/sqlite-src-3450300/ext/wasm/batch-runner.html  
      creating: /private/var/folders/bq/wnhbwrkx4dx1q2c27c8v6wkh0000gp/T/d20250528-34223-1g68rg/sqlite-src-3450300/ext/wasm/tests
      creating: /private/var/folders/bq/wnhbwrkx4dx1q2c27c8v6wkh0000gp/T/d20250528-34223-1g68rg/sqlite-src-3450300/ext/wasm/tests/opfs
      creating: /private/var/folders/bq/wnhbwrkx4dx1q2c27c8v6wkh0000gp/T/d20250528-34223-1g68rg/sqlite-src-3450300/ext/wasm/tests/opfs/concurrency
     inflating: /var/folders/bq/wnhbwrkx4dx1q2c27c8v6wkh0000gp/T/d20250528-34223-1g68rg/sqlite-src-3450300/ext/wasm/tests/opfs/concurrency/worker.js  
     inflating: /var/folders/bq/wnhbwrkx4dx1q2c27c8v6wkh0000gp/T/d20250528-34223-1g68rg/sqlite-src-3450300/ext/wasm/tests/opfs/concurrency/index.html  
     inflating: /var/folders/bq/wnhbwrkx4dx1q2c27c8v6wkh0000gp/T/d20250528-34223-1g68rg/sqlite-src-3450300/ext/wasm/tests/opfs/concurrency/test.js  
     inflating: /var/folders/bq/wnhbwrkx4dx1q2c27c8v6wkh0000gp/T/d20250528-34223-1g68rg/sqlite-src-3450300/ext/wasm/speedtest1-worker.js  
     inflating: /var/folders/bq/wnhbwrkx4dx1q2c27c8v6wkh0000gp/T/d20250528-34223-1g68rg/sqlite-src-3450300/ext/wasm/example_extra_init.c  
     inflating: /var/folders/bq/wnhbwrkx4dx1q2c27c8v6wkh0000gp/T/d20250528-34223-1g68rg/sqlite-src-3450300/ext/wasm/batch-runner-sahpool.js  
     inflating: /var/folders/bq/wnhbwrkx4dx1q2c27c8v6wkh0000gp/T/d20250528-34223-1g68rg/sqlite-src-3450300/ext/wasm/tester1-worker.html  
     inflating: /var/folders/bq/wnhbwrkx4dx1q2c27c8v6wkh0000gp/T/d20250528-34223-1g68rg/sqlite-src-3450300/ext/wasm/scratchpad-wasmfs.mjs  
     inflating: /var/folders/bq/wnhbwrkx4dx1q2c27c8v6wkh0000gp/T/d20250528-34223-1g68rg/sqlite-src-3450300/ext/wasm/demo-123.html  
     inflating: /var/folders/bq/wnhbwrkx4dx1q2c27c8v6wkh0000gp/T/d20250528-34223-1g68rg/sqlite-src-3450300/ext/wasm/tester1.c-pp.html  
     inflating: /var/folders/bq/wnhbwrkx4dx1q2c27c8v6wkh0000gp/T/d20250528-34223-1g68rg/sqlite-src-3450300/ext/wasm/speedtest1-wasmfs.mjs  
      creating: /private/var/folders/bq/wnhbwrkx4dx1q2c27c8v6wkh0000gp/T/d20250528-34223-1g68rg/sqlite-src-3450300/ext/wasm/fiddle
     inflating: /var/folders/bq/wnhbwrkx4dx1q2c27c8v6wkh0000gp/T/d20250528-34223-1g68rg/sqlite-src-3450300/ext/wasm/fiddle/index.html  
     inflating: /var/folders/bq/wnhbwrkx4dx1q2c27c8v6wkh0000gp/T/d20250528-34223-1g68rg/sqlite-src-3450300/ext/wasm/fiddle/fiddle.js  
     inflating: /var/folders/bq/wnhbwrkx4dx1q2c27c8v6wkh0000gp/T/d20250528-34223-1g68rg/sqlite-src-3450300/ext/wasm/fiddle/emscripten.css  
     inflating: /var/folders/bq/wnhbwrkx4dx1q2c27c8v6wkh0000gp/T/d20250528-34223-1g68rg/sqlite-src-3450300/ext/wasm/fiddle/fiddle-worker.js  
     inflating: /var/folders/bq/wnhbwrkx4dx1q2c27c8v6wkh0000gp/T/d20250528-34223-1g68rg/sqlite-src-3450300/ext/wasm/speedtest1.html  
     inflating: /var/folders/bq/wnhbwrkx4dx1q2c27c8v6wkh0000gp/T/d20250528-34223-1g68rg/sqlite-src-3450300/ext/wasm/speedtest1-worker.html  
     inflating: /var/folders/bq/wnhbwrkx4dx1q2c27c8v6wkh0000gp/T/d20250528-34223-1g68rg/sqlite-src-3450300/ext/wasm/index-dist.html  
     inflating: /var/folders/bq/wnhbwrkx4dx1q2c27c8v6wkh0000gp/T/d20250528-34223-1g68rg/sqlite-src-3450300/ext/wasm/README.md  
      creating: /private/var/folders/bq/wnhbwrkx4dx1q2c27c8v6wkh0000gp/T/d20250528-34223-1g68rg/sqlite-src-3450300/ext/wasm/jaccwabyt
     inflating: /var/folders/bq/wnhbwrkx4dx1q2c27c8v6wkh0000gp/T/d20250528-34223-1g68rg/sqlite-src-3450300/ext/wasm/jaccwabyt/jaccwabyt.js  
     inflating: /var/folders/bq/wnhbwrkx4dx1q2c27c8v6wkh0000gp/T/d20250528-34223-1g68rg/sqlite-src-3450300/ext/wasm/jaccwabyt/jaccwabyt.md  
      creating: /private/var/folders/bq/wnhbwrkx4dx1q2c27c8v6wkh0000gp/T/d20250528-34223-1g68rg/sqlite-src-3450300/ext/wasm/api
    extracting: /var/folders/bq/wnhbwrkx4dx1q2c27c8v6wkh0000gp/T/d20250528-34223-1g68rg/sqlite-src-3450300/ext/wasm/api/EXPORTED_RUNTIME_METHODS.sqlite3-api  
     inflating: /var/folders/bq/wnhbwrkx4dx1q2c27c8v6wkh0000gp/T/d20250528-34223-1g68rg/sqlite-src-3450300/ext/wasm/api/sqlite3-api-worker1.js  
     inflating: /var/folders/bq/wnhbwrkx4dx1q2c27c8v6wkh0000gp/T/d20250528-34223-1g68rg/sqlite-src-3450300/ext/wasm/api/post-js-header.js  
     inflating: /var/folders/bq/wnhbwrkx4dx1q2c27c8v6wkh0000gp/T/d20250528-34223-1g68rg/sqlite-src-3450300/ext/wasm/api/extern-post-js.c-pp.js  
     inflating: /var/folders/bq/wnhbwrkx4dx1q2c27c8v6wkh0000gp/T/d20250528-34223-1g68rg/sqlite-src-3450300/ext/wasm/api/sqlite3-api-prologue.js  
     inflating: /var/folders/bq/wnhbwrkx4dx1q2c27c8v6wkh0000gp/T/d20250528-34223-1g68rg/sqlite-src-3450300/ext/wasm/api/sqlite3-wasm.c  
     inflating: /var/folders/bq/wnhbwrkx4dx1q2c27c8v6wkh0000gp/T/d20250528-34223-1g68rg/sqlite-src-3450300/ext/wasm/api/sqlite3-api-glue.js  
     inflating: /var/folders/bq/wnhbwrkx4dx1q2c27c8v6wkh0000gp/T/d20250528-34223-1g68rg/sqlite-src-3450300/ext/wasm/api/sqlite3-api-cleanup.js  
     inflating: /var/folders/bq/wnhbwrkx4dx1q2c27c8v6wkh0000gp/T/d20250528-34223-1g68rg/sqlite-src-3450300/ext/wasm/api/post-js-footer.js  
     inflating: /var/folders/bq/wnhbwrkx4dx1q2c27c8v6wkh0000gp/T/d20250528-34223-1g68rg/sqlite-src-3450300/ext/wasm/api/sqlite3-worker1-promiser.c-pp.js  
     inflating: /var/folders/bq/wnhbwrkx4dx1q2c27c8v6wkh0000gp/T/d20250528-34223-1g68rg/sqlite-src-3450300/ext/wasm/api/sqlite3-worker1.c-pp.js  
     inflating: /var/folders/bq/wnhbwrkx4dx1q2c27c8v6wkh0000gp/T/d20250528-34223-1g68rg/sqlite-src-3450300/ext/wasm/api/sqlite3-vfs-opfs.c-pp.js  
     inflating: /var/folders/bq/wnhbwrkx4dx1q2c27c8v6wkh0000gp/T/d20250528-34223-1g68rg/sqlite-src-3450300/ext/wasm/api/extern-pre-js.js  
     inflating: /var/folders/bq/wnhbwrkx4dx1q2c27c8v6wkh0000gp/T/d20250528-34223-1g68rg/sqlite-src-3450300/ext/wasm/api/README.md  
     inflating: /var/folders/bq/wnhbwrkx4dx1q2c27c8v6wkh0000gp/T/d20250528-34223-1g68rg/sqlite-src-3450300/ext/wasm/api/sqlite3-v-helper.js  
     inflating: /var/folders/bq/wnhbwrkx4dx1q2c27c8v6wkh0000gp/T/d20250528-34223-1g68rg/sqlite-src-3450300/ext/wasm/api/sqlite3-opfs-async-proxy.js  
     inflating: /var/folders/bq/wnhbwrkx4dx1q2c27c8v6wkh0000gp/T/d20250528-34223-1g68rg/sqlite-src-3450300/ext/wasm/api/sqlite3-api-oo1.js  
     inflating: /var/folders/bq/wnhbwrkx4dx1q2c27c8v6wkh0000gp/T/d20250528-34223-1g68rg/sqlite-src-3450300/ext/wasm/api/EXPORTED_FUNCTIONS.sqlite3-api  
     inflating: /var/folders/bq/wnhbwrkx4dx1q2c27c8v6wkh0000gp/T/d20250528-34223-1g68rg/sqlite-src-3450300/ext/wasm/api/sqlite3-license-version-header.js  
     inflating: /var/folders/bq/wnhbwrkx4dx1q2c27c8v6wkh0000gp/T/d20250528-34223-1g68rg/sqlite-src-3450300/ext/wasm/api/EXPORTED_FUNCTIONS.sqlite3-see  
     inflating: /var/folders/bq/wnhbwrkx4dx1q2c27c8v6wkh0000gp/T/d20250528-34223-1g68rg/sqlite-src-3450300/ext/wasm/api/pre-js.c-pp.js  
     inflating: /var/folders/bq/wnhbwrkx4dx1q2c27c8v6wkh0000gp/T/d20250528-34223-1g68rg/sqlite-src-3450300/ext/wasm/api/sqlite3-vfs-opfs-sahpool.c-pp.js  
     inflating: /var/folders/bq/wnhbwrkx4dx1q2c27c8v6wkh0000gp/T/d20250528-34223-1g68rg/sqlite-src-3450300/ext/wasm/speedtest1-wasmfs.html  
     inflating: /var/folders/bq/wnhbwrkx4dx1q2c27c8v6wkh0000gp/T/d20250528-34223-1g68rg/sqlite-src-3450300/ext/wasm/demo-jsstorage.js  
     inflating: /var/folders/bq/wnhbwrkx4dx1q2c27c8v6wkh0000gp/T/d20250528-34223-1g68rg/sqlite-src-3450300/ext/wasm/module-symbols.html  
     inflating: /var/folders/bq/wnhbwrkx4dx1q2c27c8v6wkh0000gp/T/d20250528-34223-1g68rg/sqlite-src-3450300/ext/wasm/split-speedtest1-script.sh  
     inflating: /var/folders/bq/wnhbwrkx4dx1q2c27c8v6wkh0000gp/T/d20250528-34223-1g68rg/sqlite-src-3450300/ext/wasm/GNUmakefile  
     inflating: /var/folders/bq/wnhbwrkx4dx1q2c27c8v6wkh0000gp/T/d20250528-34223-1g68rg/sqlite-src-3450300/ext/wasm/test-opfs-vfs.html  
     inflating: /var/folders/bq/wnhbwrkx4dx1q2c27c8v6wkh0000gp/T/d20250528-34223-1g68rg/sqlite-src-3450300/ext/wasm/README-dist.txt  
      creating: /private/var/folders/bq/wnhbwrkx4dx1q2c27c8v6wkh0000gp/T/d20250528-34223-1g68rg/sqlite-src-3450300/ext/wasm/common
     inflating: /var/folders/bq/wnhbwrkx4dx1q2c27c8v6wkh0000gp/T/d20250528-34223-1g68rg/sqlite-src-3450300/ext/wasm/common/SqliteTestUtil.js  
     inflating: /var/folders/bq/wnhbwrkx4dx1q2c27c8v6wkh0000gp/T/d20250528-34223-1g68rg/sqlite-src-3450300/ext/wasm/common/whwasmutil.js  
     inflating: /var/folders/bq/wnhbwrkx4dx1q2c27c8v6wkh0000gp/T/d20250528-34223-1g68rg/sqlite-src-3450300/ext/wasm/common/testing.css  
     inflating: /var/folders/bq/wnhbwrkx4dx1q2c27c8v6wkh0000gp/T/d20250528-34223-1g68rg/sqlite-src-3450300/ext/wasm/common/emscripten.css  
     inflating: /var/folders/bq/wnhbwrkx4dx1q2c27c8v6wkh0000gp/T/d20250528-34223-1g68rg/sqlite-src-3450300/ext/wasm/c-pp.c  
     inflating: /var/folders/bq/wnhbwrkx4dx1q2c27c8v6wkh0000gp/T/d20250528-34223-1g68rg/sqlite-src-3450300/ext/wasm/demo-worker1-promiser.html  
      creating: /private/var/folders/bq/wnhbwrkx4dx1q2c27c8v6wkh0000gp/T/d20250528-34223-1g68rg/sqlite-src-3450300/ext/jni
      creating: /private/var/folders/bq/wnhbwrkx4dx1q2c27c8v6wkh0000gp/T/d20250528-34223-1g68rg/sqlite-src-3450300/ext/jni/src
      creating: /private/var/folders/bq/wnhbwrkx4dx1q2c27c8v6wkh0000gp/T/d20250528-34223-1g68rg/sqlite-src-3450300/ext/jni/src/tests
     inflating: /var/folders/bq/wnhbwrkx4dx1q2c27c8v6wkh0000gp/T/d20250528-34223-1g68rg/sqlite-src-3450300/ext/jni/src/tests/900-001-fts.test  
     inflating: /var/folders/bq/wnhbwrkx4dx1q2c27c8v6wkh0000gp/T/d20250528-34223-1g68rg/sqlite-src-3450300/ext/jni/src/tests/000-000-sanity.test  
     inflating: /var/folders/bq/wnhbwrkx4dx1q2c27c8v6wkh0000gp/T/d20250528-34223-1g68rg/sqlite-src-3450300/ext/jni/src/tests/000-001-ignored.test  
      creating: /private/var/folders/bq/wnhbwrkx4dx1q2c27c8v6wkh0000gp/T/d20250528-34223-1g68rg/sqlite-src-3450300/ext/jni/src/c
     inflating: /var/folders/bq/wnhbwrkx4dx1q2c27c8v6wkh0000gp/T/d20250528-34223-1g68rg/sqlite-src-3450300/ext/jni/src/c/sqlite3-jni.c  
     inflating: /var/folders/bq/wnhbwrkx4dx1q2c27c8v6wkh0000gp/T/d20250528-34223-1g68rg/sqlite-src-3450300/ext/jni/src/c/sqlite3-jni.h  
      creating: /private/var/folders/bq/wnhbwrkx4dx1q2c27c8v6wkh0000gp/T/d20250528-34223-1g68rg/sqlite-src-3450300/ext/jni/src/org
      creating: /private/var/folders/bq/wnhbwrkx4dx1q2c27c8v6wkh0000gp/T/d20250528-34223-1g68rg/sqlite-src-3450300/ext/jni/src/org/sqlite
      creating: /private/var/folders/bq/wnhbwrkx4dx1q2c27c8v6wkh0000gp/T/d20250528-34223-1g68rg/sqlite-src-3450300/ext/jni/src/org/sqlite/jni
      creating: /private/var/folders/bq/wnhbwrkx4dx1q2c27c8v6wkh0000gp/T/d20250528-34223-1g68rg/sqlite-src-3450300/ext/jni/src/org/sqlite/jni/wrapper1
     inflating: /var/folders/bq/wnhbwrkx4dx1q2c27c8v6wkh0000gp/T/d20250528-34223-1g68rg/sqlite-src-3450300/ext/jni/src/org/sqlite/jni/wrapper1/WindowFunction.java  
     inflating: /var/folders/bq/wnhbwrkx4dx1q2c27c8v6wkh0000gp/T/d20250528-34223-1g68rg/sqlite-src-3450300/ext/jni/src/org/sqlite/jni/wrapper1/ValueHolder.java  
     inflating: /var/folders/bq/wnhbwrkx4dx1q2c27c8v6wkh0000gp/T/d20250528-34223-1g68rg/sqlite-src-3450300/ext/jni/src/org/sqlite/jni/wrapper1/Sqlite.java  
     inflating: /var/folders/bq/wnhbwrkx4dx1q2c27c8v6wkh0000gp/T/d20250528-34223-1g68rg/sqlite-src-3450300/ext/jni/src/org/sqlite/jni/wrapper1/SqlFunction.java  
     inflating: /var/folders/bq/wnhbwrkx4dx1q2c27c8v6wkh0000gp/T/d20250528-34223-1g68rg/sqlite-src-3450300/ext/jni/src/org/sqlite/jni/wrapper1/AggregateFunction.java  
     inflating: /var/folders/bq/wnhbwrkx4dx1q2c27c8v6wkh0000gp/T/d20250528-34223-1g68rg/sqlite-src-3450300/ext/jni/src/org/sqlite/jni/wrapper1/ScalarFunction.java  
     inflating: /var/folders/bq/wnhbwrkx4dx1q2c27c8v6wkh0000gp/T/d20250528-34223-1g68rg/sqlite-src-3450300/ext/jni/src/org/sqlite/jni/wrapper1/SqliteException.java  
     inflating: /var/folders/bq/wnhbwrkx4dx1q2c27c8v6wkh0000gp/T/d20250528-34223-1g68rg/sqlite-src-3450300/ext/jni/src/org/sqlite/jni/wrapper1/Tester2.java  
      creating: /private/var/folders/bq/wnhbwrkx4dx1q2c27c8v6wkh0000gp/T/d20250528-34223-1g68rg/sqlite-src-3450300/ext/jni/src/org/sqlite/jni/capi
     inflating: /var/folders/bq/wnhbwrkx4dx1q2c27c8v6wkh0000gp/T/d20250528-34223-1g68rg/sqlite-src-3450300/ext/jni/src/org/sqlite/jni/capi/sqlite3_backup.java  
     inflating: /var/folders/bq/wnhbwrkx4dx1q2c27c8v6wkh0000gp/T/d20250528-34223-1g68rg/sqlite-src-3450300/ext/jni/src/org/sqlite/jni/capi/RollbackHookCallback.java  
     inflating: /var/folders/bq/wnhbwrkx4dx1q2c27c8v6wkh0000gp/T/d20250528-34223-1g68rg/sqlite-src-3450300/ext/jni/src/org/sqlite/jni/capi/CApi.java  
     inflating: /var/folders/bq/wnhbwrkx4dx1q2c27c8v6wkh0000gp/T/d20250528-34223-1g68rg/sqlite-src-3450300/ext/jni/src/org/sqlite/jni/capi/Tester1.java  
     inflating: /var/folders/bq/wnhbwrkx4dx1q2c27c8v6wkh0000gp/T/d20250528-34223-1g68rg/sqlite-src-3450300/ext/jni/src/org/sqlite/jni/capi/TraceV2Callback.java  
     inflating: /var/folders/bq/wnhbwrkx4dx1q2c27c8v6wkh0000gp/T/d20250528-34223-1g68rg/sqlite-src-3450300/ext/jni/src/org/sqlite/jni/capi/AutoExtensionCallback.java  
     inflating: /var/folders/bq/wnhbwrkx4dx1q2c27c8v6wkh0000gp/T/d20250528-34223-1g68rg/sqlite-src-3450300/ext/jni/src/org/sqlite/jni/capi/sqlite3.java  
     inflating: /var/folders/bq/wnhbwrkx4dx1q2c27c8v6wkh0000gp/T/d20250528-34223-1g68rg/sqlite-src-3450300/ext/jni/src/org/sqlite/jni/capi/WindowFunction.java  
     inflating: /var/folders/bq/wnhbwrkx4dx1q2c27c8v6wkh0000gp/T/d20250528-34223-1g68rg/sqlite-src-3450300/ext/jni/src/org/sqlite/jni/capi/AbstractCollationCallback.java  
     inflating: /var/folders/bq/wnhbwrkx4dx1q2c27c8v6wkh0000gp/T/d20250528-34223-1g68rg/sqlite-src-3450300/ext/jni/src/org/sqlite/jni/capi/NativePointerHolder.java  
     inflating: /var/folders/bq/wnhbwrkx4dx1q2c27c8v6wkh0000gp/T/d20250528-34223-1g68rg/sqlite-src-3450300/ext/jni/src/org/sqlite/jni/capi/PrepareMultiCallback.java  
     inflating: /var/folders/bq/wnhbwrkx4dx1q2c27c8v6wkh0000gp/T/d20250528-34223-1g68rg/sqlite-src-3450300/ext/jni/src/org/sqlite/jni/capi/CollationNeededCallback.java  
     inflating: /var/folders/bq/wnhbwrkx4dx1q2c27c8v6wkh0000gp/T/d20250528-34223-1g68rg/sqlite-src-3450300/ext/jni/src/org/sqlite/jni/capi/ResultCode.java  
     inflating: /var/folders/bq/wnhbwrkx4dx1q2c27c8v6wkh0000gp/T/d20250528-34223-1g68rg/sqlite-src-3450300/ext/jni/src/org/sqlite/jni/capi/SQLTester.java  
     inflating: /var/folders/bq/wnhbwrkx4dx1q2c27c8v6wkh0000gp/T/d20250528-34223-1g68rg/sqlite-src-3450300/ext/jni/src/org/sqlite/jni/capi/sqlite3_context.java  
     inflating: /var/folders/bq/wnhbwrkx4dx1q2c27c8v6wkh0000gp/T/d20250528-34223-1g68rg/sqlite-src-3450300/ext/jni/src/org/sqlite/jni/capi/ValueHolder.java  
     inflating: /var/folders/bq/wnhbwrkx4dx1q2c27c8v6wkh0000gp/T/d20250528-34223-1g68rg/sqlite-src-3450300/ext/jni/src/org/sqlite/jni/capi/sqlite3_blob.java  
     inflating: /var/folders/bq/wnhbwrkx4dx1q2c27c8v6wkh0000gp/T/d20250528-34223-1g68rg/sqlite-src-3450300/ext/jni/src/org/sqlite/jni/capi/TableColumnMetadata.java  
     inflating: /var/folders/bq/wnhbwrkx4dx1q2c27c8v6wkh0000gp/T/d20250528-34223-1g68rg/sqlite-src-3450300/ext/jni/src/org/sqlite/jni/capi/CommitHookCallback.java  
     inflating: /var/folders/bq/wnhbwrkx4dx1q2c27c8v6wkh0000gp/T/d20250528-34223-1g68rg/sqlite-src-3450300/ext/jni/src/org/sqlite/jni/capi/package-info.java  
     inflating: /var/folders/bq/wnhbwrkx4dx1q2c27c8v6wkh0000gp/T/d20250528-34223-1g68rg/sqlite-src-3450300/ext/jni/src/org/sqlite/jni/capi/sqlite3_stmt.java  
     inflating: /var/folders/bq/wnhbwrkx4dx1q2c27c8v6wkh0000gp/T/d20250528-34223-1g68rg/sqlite-src-3450300/ext/jni/src/org/sqlite/jni/capi/AuthorizerCallback.java  
     inflating: /var/folders/bq/wnhbwrkx4dx1q2c27c8v6wkh0000gp/T/d20250528-34223-1g68rg/sqlite-src-3450300/ext/jni/src/org/sqlite/jni/capi/CallbackProxy.java  
     inflating: /var/folders/bq/wnhbwrkx4dx1q2c27c8v6wkh0000gp/T/d20250528-34223-1g68rg/sqlite-src-3450300/ext/jni/src/org/sqlite/jni/capi/ConfigLogCallback.java  
     inflating: /var/folders/bq/wnhbwrkx4dx1q2c27c8v6wkh0000gp/T/d20250528-34223-1g68rg/sqlite-src-3450300/ext/jni/src/org/sqlite/jni/capi/OutputPointer.java  
     inflating: /var/folders/bq/wnhbwrkx4dx1q2c27c8v6wkh0000gp/T/d20250528-34223-1g68rg/sqlite-src-3450300/ext/jni/src/org/sqlite/jni/capi/CollationCallback.java  
     inflating: /var/folders/bq/wnhbwrkx4dx1q2c27c8v6wkh0000gp/T/d20250528-34223-1g68rg/sqlite-src-3450300/ext/jni/src/org/sqlite/jni/capi/sqlite3_value.java  
     inflating: /var/folders/bq/wnhbwrkx4dx1q2c27c8v6wkh0000gp/T/d20250528-34223-1g68rg/sqlite-src-3450300/ext/jni/src/org/sqlite/jni/capi/BusyHandlerCallback.java  
     inflating: /var/folders/bq/wnhbwrkx4dx1q2c27c8v6wkh0000gp/T/d20250528-34223-1g68rg/sqlite-src-3450300/ext/jni/src/org/sqlite/jni/capi/XDestroyCallback.java  
     inflating: /var/folders/bq/wnhbwrkx4dx1q2c27c8v6wkh0000gp/T/d20250528-34223-1g68rg/sqlite-src-3450300/ext/jni/src/org/sqlite/jni/capi/UpdateHookCallback.java  
     inflating: /var/folders/bq/wnhbwrkx4dx1q2c27c8v6wkh0000gp/T/d20250528-34223-1g68rg/sqlite-src-3450300/ext/jni/src/org/sqlite/jni/capi/AggregateFunction.java  
     inflating: /var/folders/bq/wnhbwrkx4dx1q2c27c8v6wkh0000gp/T/d20250528-34223-1g68rg/sqlite-src-3450300/ext/jni/src/org/sqlite/jni/capi/PreupdateHookCallback.java  
     inflating: /var/folders/bq/wnhbwrkx4dx1q2c27c8v6wkh0000gp/T/d20250528-34223-1g68rg/sqlite-src-3450300/ext/jni/src/org/sqlite/jni/capi/ScalarFunction.java  
     inflating: /var/folders/bq/wnhbwrkx4dx1q2c27c8v6wkh0000gp/T/d20250528-34223-1g68rg/sqlite-src-3450300/ext/jni/src/org/sqlite/jni/capi/ProgressHandlerCallback.java  
     inflating: /var/folders/bq/wnhbwrkx4dx1q2c27c8v6wkh0000gp/T/d20250528-34223-1g68rg/sqlite-src-3450300/ext/jni/src/org/sqlite/jni/capi/SQLFunction.java  
     inflating: /var/folders/bq/wnhbwrkx4dx1q2c27c8v6wkh0000gp/T/d20250528-34223-1g68rg/sqlite-src-3450300/ext/jni/src/org/sqlite/jni/capi/ConfigSqlLogCallback.java  
      creating: /private/var/folders/bq/wnhbwrkx4dx1q2c27c8v6wkh0000gp/T/d20250528-34223-1g68rg/sqlite-src-3450300/ext/jni/src/org/sqlite/jni/annotation
     inflating: /var/folders/bq/wnhbwrkx4dx1q2c27c8v6wkh0000gp/T/d20250528-34223-1g68rg/sqlite-src-3450300/ext/jni/src/org/sqlite/jni/annotation/Experimental.java  
     inflating: /var/folders/bq/wnhbwrkx4dx1q2c27c8v6wkh0000gp/T/d20250528-34223-1g68rg/sqlite-src-3450300/ext/jni/src/org/sqlite/jni/annotation/Nullable.java  
     inflating: /var/folders/bq/wnhbwrkx4dx1q2c27c8v6wkh0000gp/T/d20250528-34223-1g68rg/sqlite-src-3450300/ext/jni/src/org/sqlite/jni/annotation/NotNull.java  
     inflating: /var/folders/bq/wnhbwrkx4dx1q2c27c8v6wkh0000gp/T/d20250528-34223-1g68rg/sqlite-src-3450300/ext/jni/src/org/sqlite/jni/annotation/package-info.java  
     inflating: /var/folders/bq/wnhbwrkx4dx1q2c27c8v6wkh0000gp/T/d20250528-34223-1g68rg/sqlite-src-3450300/ext/jni/src/org/sqlite/jni/test-script-interpreter.md  
      creating: /private/var/folders/bq/wnhbwrkx4dx1q2c27c8v6wkh0000gp/T/d20250528-34223-1g68rg/sqlite-src-3450300/ext/jni/src/org/sqlite/jni/fts5
     inflating: /var/folders/bq/wnhbwrkx4dx1q2c27c8v6wkh0000gp/T/d20250528-34223-1g68rg/sqlite-src-3450300/ext/jni/src/org/sqlite/jni/fts5/fts5_extension_function.java  
     inflating: /var/folders/bq/wnhbwrkx4dx1q2c27c8v6wkh0000gp/T/d20250528-34223-1g68rg/sqlite-src-3450300/ext/jni/src/org/sqlite/jni/fts5/XTokenizeCallback.java  
     inflating: /var/folders/bq/wnhbwrkx4dx1q2c27c8v6wkh0000gp/T/d20250528-34223-1g68rg/sqlite-src-3450300/ext/jni/src/org/sqlite/jni/fts5/Fts5.java  
     inflating: /var/folders/bq/wnhbwrkx4dx1q2c27c8v6wkh0000gp/T/d20250528-34223-1g68rg/sqlite-src-3450300/ext/jni/src/org/sqlite/jni/fts5/Fts5ExtensionApi.java  
     inflating: /var/folders/bq/wnhbwrkx4dx1q2c27c8v6wkh0000gp/T/d20250528-34223-1g68rg/sqlite-src-3450300/ext/jni/src/org/sqlite/jni/fts5/TesterFts5.java  
     inflating: /var/folders/bq/wnhbwrkx4dx1q2c27c8v6wkh0000gp/T/d20250528-34223-1g68rg/sqlite-src-3450300/ext/jni/src/org/sqlite/jni/fts5/Fts5PhraseIter.java  
     inflating: /var/folders/bq/wnhbwrkx4dx1q2c27c8v6wkh0000gp/T/d20250528-34223-1g68rg/sqlite-src-3450300/ext/jni/src/org/sqlite/jni/fts5/Fts5Context.java  
     inflating: /var/folders/bq/wnhbwrkx4dx1q2c27c8v6wkh0000gp/T/d20250528-34223-1g68rg/sqlite-src-3450300/ext/jni/src/org/sqlite/jni/fts5/fts5_api.java  
     inflating: /var/folders/bq/wnhbwrkx4dx1q2c27c8v6wkh0000gp/T/d20250528-34223-1g68rg/sqlite-src-3450300/ext/jni/src/org/sqlite/jni/fts5/Fts5Tokenizer.java  
     inflating: /var/folders/bq/wnhbwrkx4dx1q2c27c8v6wkh0000gp/T/d20250528-34223-1g68rg/sqlite-src-3450300/ext/jni/src/org/sqlite/jni/fts5/fts5_tokenizer.java  
     inflating: /var/folders/bq/wnhbwrkx4dx1q2c27c8v6wkh0000gp/T/d20250528-34223-1g68rg/sqlite-src-3450300/ext/jni/README.md  
     inflating: /var/folders/bq/wnhbwrkx4dx1q2c27c8v6wkh0000gp/T/d20250528-34223-1g68rg/sqlite-src-3450300/ext/jni/GNUmakefile  
     inflating: /var/folders/bq/wnhbwrkx4dx1q2c27c8v6wkh0000gp/T/d20250528-34223-1g68rg/sqlite-src-3450300/ext/jni/jar-dist.make  
      creating: /private/var/folders/bq/wnhbwrkx4dx1q2c27c8v6wkh0000gp/T/d20250528-34223-1g68rg/sqlite-src-3450300/ext/lsm1
     inflating: /var/folders/bq/wnhbwrkx4dx1q2c27c8v6wkh0000gp/T/d20250528-34223-1g68rg/sqlite-src-3450300/ext/lsm1/lsm_main.c  
     inflating: /var/folders/bq/wnhbwrkx4dx1q2c27c8v6wkh0000gp/T/d20250528-34223-1g68rg/sqlite-src-3450300/ext/lsm1/Makefile.msc  
     inflating: /var/folders/bq/wnhbwrkx4dx1q2c27c8v6wkh0000gp/T/d20250528-34223-1g68rg/sqlite-src-3450300/ext/lsm1/lsm_win32.c  
     inflating: /var/folders/bq/wnhbwrkx4dx1q2c27c8v6wkh0000gp/T/d20250528-34223-1g68rg/sqlite-src-3450300/ext/lsm1/Makefile  
     inflating: /var/folders/bq/wnhbwrkx4dx1q2c27c8v6wkh0000gp/T/d20250528-34223-1g68rg/sqlite-src-3450300/ext/lsm1/lsm_file.c  
     inflating: /var/folders/bq/wnhbwrkx4dx1q2c27c8v6wkh0000gp/T/d20250528-34223-1g68rg/sqlite-src-3450300/ext/lsm1/lsm_log.c  
     inflating: /var/folders/bq/wnhbwrkx4dx1q2c27c8v6wkh0000gp/T/d20250528-34223-1g68rg/sqlite-src-3450300/ext/lsm1/lsm_varint.c  
     inflating: /var/folders/bq/wnhbwrkx4dx1q2c27c8v6wkh0000gp/T/d20250528-34223-1g68rg/sqlite-src-3450300/ext/lsm1/lsm_tree.c  
     inflating: /var/folders/bq/wnhbwrkx4dx1q2c27c8v6wkh0000gp/T/d20250528-34223-1g68rg/sqlite-src-3450300/ext/lsm1/lsm_ckpt.c  
     inflating: /var/folders/bq/wnhbwrkx4dx1q2c27c8v6wkh0000gp/T/d20250528-34223-1g68rg/sqlite-src-3450300/ext/lsm1/lsmInt.h  
     inflating: /var/folders/bq/wnhbwrkx4dx1q2c27c8v6wkh0000gp/T/d20250528-34223-1g68rg/sqlite-src-3450300/ext/lsm1/lsm_shared.c  
     inflating: /var/folders/bq/wnhbwrkx4dx1q2c27c8v6wkh0000gp/T/d20250528-34223-1g68rg/sqlite-src-3450300/ext/lsm1/lsm_unix.c  
      creating: /private/var/folders/bq/wnhbwrkx4dx1q2c27c8v6wkh0000gp/T/d20250528-34223-1g68rg/sqlite-src-3450300/ext/lsm1/test
     inflating: /var/folders/bq/wnhbwrkx4dx1q2c27c8v6wkh0000gp/T/d20250528-34223-1g68rg/sqlite-src-3450300/ext/lsm1/test/lsm1_simple.test  
     inflating: /var/folders/bq/wnhbwrkx4dx1q2c27c8v6wkh0000gp/T/d20250528-34223-1g68rg/sqlite-src-3450300/ext/lsm1/test/lsm1_common.tcl  
     inflating: /var/folders/bq/wnhbwrkx4dx1q2c27c8v6wkh0000gp/T/d20250528-34223-1g68rg/sqlite-src-3450300/ext/lsm1/lsm_vtab.c  
     inflating: /var/folders/bq/wnhbwrkx4dx1q2c27c8v6wkh0000gp/T/d20250528-34223-1g68rg/sqlite-src-3450300/ext/lsm1/lsm.h  
      creating: /private/var/folders/bq/wnhbwrkx4dx1q2c27c8v6wkh0000gp/T/d20250528-34223-1g68rg/sqlite-src-3450300/ext/lsm1/lsm-test
     inflating: /var/folders/bq/wnhbwrkx4dx1q2c27c8v6wkh0000gp/T/d20250528-34223-1g68rg/sqlite-src-3450300/ext/lsm1/lsm-test/lsmtest_bt.c  
     inflating: /var/folders/bq/wnhbwrkx4dx1q2c27c8v6wkh0000gp/T/d20250528-34223-1g68rg/sqlite-src-3450300/ext/lsm1/lsm-test/lsmtest_io.c  
     inflating: /var/folders/bq/wnhbwrkx4dx1q2c27c8v6wkh0000gp/T/d20250528-34223-1g68rg/sqlite-src-3450300/ext/lsm1/lsm-test/lsmtest_tdb3.c  
     inflating: /var/folders/bq/wnhbwrkx4dx1q2c27c8v6wkh0000gp/T/d20250528-34223-1g68rg/sqlite-src-3450300/ext/lsm1/lsm-test/lsmtest_util.c  
     inflating: /var/folders/bq/wnhbwrkx4dx1q2c27c8v6wkh0000gp/T/d20250528-34223-1g68rg/sqlite-src-3450300/ext/lsm1/lsm-test/lsmtest9.c  
     inflating: /var/folders/bq/wnhbwrkx4dx1q2c27c8v6wkh0000gp/T/d20250528-34223-1g68rg/sqlite-src-3450300/ext/lsm1/lsm-test/lsmtest_main.c  
     inflating: /var/folders/bq/wnhbwrkx4dx1q2c27c8v6wkh0000gp/T/d20250528-34223-1g68rg/sqlite-src-3450300/ext/lsm1/lsm-test/lsmtest6.c  
     inflating: /var/folders/bq/wnhbwrkx4dx1q2c27c8v6wkh0000gp/T/d20250528-34223-1g68rg/sqlite-src-3450300/ext/lsm1/lsm-test/lsmtest8.c  
     inflating: /var/folders/bq/wnhbwrkx4dx1q2c27c8v6wkh0000gp/T/d20250528-34223-1g68rg/sqlite-src-3450300/ext/lsm1/lsm-test/lsmtest5.c  
     inflating: /var/folders/bq/wnhbwrkx4dx1q2c27c8v6wkh0000gp/T/d20250528-34223-1g68rg/sqlite-src-3450300/ext/lsm1/lsm-test/lsmtest3.c  
     inflating: /var/folders/bq/wnhbwrkx4dx1q2c27c8v6wkh0000gp/T/d20250528-34223-1g68rg/sqlite-src-3450300/ext/lsm1/lsm-test/lsmtest_tdb.h  
     inflating: /var/folders/bq/wnhbwrkx4dx1q2c27c8v6wkh0000gp/T/d20250528-34223-1g68rg/sqlite-src-3450300/ext/lsm1/lsm-test/lsmtest_tdb.c  
     inflating: /var/folders/bq/wnhbwrkx4dx1q2c27c8v6wkh0000gp/T/d20250528-34223-1g68rg/sqlite-src-3450300/ext/lsm1/lsm-test/lsmtest_mem.c  
     inflating: /var/folders/bq/wnhbwrkx4dx1q2c27c8v6wkh0000gp/T/d20250528-34223-1g68rg/sqlite-src-3450300/ext/lsm1/lsm-test/lsmtest4.c  
     inflating: /var/folders/bq/wnhbwrkx4dx1q2c27c8v6wkh0000gp/T/d20250528-34223-1g68rg/sqlite-src-3450300/ext/lsm1/lsm-test/lsmtest_tdb2.cc  
     inflating: /var/folders/bq/wnhbwrkx4dx1q2c27c8v6wkh0000gp/T/d20250528-34223-1g68rg/sqlite-src-3450300/ext/lsm1/lsm-test/lsmtest1.c  
     inflating: /var/folders/bq/wnhbwrkx4dx1q2c27c8v6wkh0000gp/T/d20250528-34223-1g68rg/sqlite-src-3450300/ext/lsm1/lsm-test/lsmtest2.c  
     inflating: /var/folders/bq/wnhbwrkx4dx1q2c27c8v6wkh0000gp/T/d20250528-34223-1g68rg/sqlite-src-3450300/ext/lsm1/lsm-test/lsmtest7.c  
     inflating: /var/folders/bq/wnhbwrkx4dx1q2c27c8v6wkh0000gp/T/d20250528-34223-1g68rg/sqlite-src-3450300/ext/lsm1/lsm-test/README  
     inflating: /var/folders/bq/wnhbwrkx4dx1q2c27c8v6wkh0000gp/T/d20250528-34223-1g68rg/sqlite-src-3450300/ext/lsm1/lsm-test/lsmtest.h  
     inflating: /var/folders/bq/wnhbwrkx4dx1q2c27c8v6wkh0000gp/T/d20250528-34223-1g68rg/sqlite-src-3450300/ext/lsm1/lsm-test/lsmtest_tdb4.c  
     inflating: /var/folders/bq/wnhbwrkx4dx1q2c27c8v6wkh0000gp/T/d20250528-34223-1g68rg/sqlite-src-3450300/ext/lsm1/lsm-test/lsmtest_datasource.c  
     inflating: /var/folders/bq/wnhbwrkx4dx1q2c27c8v6wkh0000gp/T/d20250528-34223-1g68rg/sqlite-src-3450300/ext/lsm1/lsm-test/lsmtest_func.c  
     inflating: /var/folders/bq/wnhbwrkx4dx1q2c27c8v6wkh0000gp/T/d20250528-34223-1g68rg/sqlite-src-3450300/ext/lsm1/lsm-test/lsmtest_win32.c  
      creating: /private/var/folders/bq/wnhbwrkx4dx1q2c27c8v6wkh0000gp/T/d20250528-34223-1g68rg/sqlite-src-3450300/ext/lsm1/tool
     inflating: /var/folders/bq/wnhbwrkx4dx1q2c27c8v6wkh0000gp/T/d20250528-34223-1g68rg/sqlite-src-3450300/ext/lsm1/tool/mklsm1c.tcl  
     inflating: /var/folders/bq/wnhbwrkx4dx1q2c27c8v6wkh0000gp/T/d20250528-34223-1g68rg/sqlite-src-3450300/ext/lsm1/lsm_sorted.c  
     inflating: /var/folders/bq/wnhbwrkx4dx1q2c27c8v6wkh0000gp/T/d20250528-34223-1g68rg/sqlite-src-3450300/ext/lsm1/lsm_str.c  
     inflating: /var/folders/bq/wnhbwrkx4dx1q2c27c8v6wkh0000gp/T/d20250528-34223-1g68rg/sqlite-src-3450300/ext/lsm1/lsm_mutex.c  
     inflating: /var/folders/bq/wnhbwrkx4dx1q2c27c8v6wkh0000gp/T/d20250528-34223-1g68rg/sqlite-src-3450300/ext/lsm1/lsm_mem.c  
      creating: /private/var/folders/bq/wnhbwrkx4dx1q2c27c8v6wkh0000gp/T/d20250528-34223-1g68rg/sqlite-src-3450300/ext/icu
     inflating: /var/folders/bq/wnhbwrkx4dx1q2c27c8v6wkh0000gp/T/d20250528-34223-1g68rg/sqlite-src-3450300/ext/icu/icu.c  
     inflating: /var/folders/bq/wnhbwrkx4dx1q2c27c8v6wkh0000gp/T/d20250528-34223-1g68rg/sqlite-src-3450300/ext/icu/README.txt  
     inflating: /var/folders/bq/wnhbwrkx4dx1q2c27c8v6wkh0000gp/T/d20250528-34223-1g68rg/sqlite-src-3450300/ext/icu/sqliteicu.h  
     inflating: /var/folders/bq/wnhbwrkx4dx1q2c27c8v6wkh0000gp/T/d20250528-34223-1g68rg/sqlite-src-3450300/ext/README.md  
      creating: /private/var/folders/bq/wnhbwrkx4dx1q2c27c8v6wkh0000gp/T/d20250528-34223-1g68rg/sqlite-src-3450300/ext/consio
     inflating: /var/folders/bq/wnhbwrkx4dx1q2c27c8v6wkh0000gp/T/d20250528-34223-1g68rg/sqlite-src-3450300/ext/consio/console_io.c  
     inflating: /var/folders/bq/wnhbwrkx4dx1q2c27c8v6wkh0000gp/T/d20250528-34223-1g68rg/sqlite-src-3450300/ext/consio/console_io.h  
      creating: /private/var/folders/bq/wnhbwrkx4dx1q2c27c8v6wkh0000gp/T/d20250528-34223-1g68rg/sqlite-src-3450300/ext/fts5
     inflating: /var/folders/bq/wnhbwrkx4dx1q2c27c8v6wkh0000gp/T/d20250528-34223-1g68rg/sqlite-src-3450300/ext/fts5/extract_api_docs.tcl  
     inflating: /var/folders/bq/wnhbwrkx4dx1q2c27c8v6wkh0000gp/T/d20250528-34223-1g68rg/sqlite-src-3450300/ext/fts5/fts5_test_mi.c  
     inflating: /var/folders/bq/wnhbwrkx4dx1q2c27c8v6wkh0000gp/T/d20250528-34223-1g68rg/sqlite-src-3450300/ext/fts5/fts5_tcl.c  
     inflating: /var/folders/bq/wnhbwrkx4dx1q2c27c8v6wkh0000gp/T/d20250528-34223-1g68rg/sqlite-src-3450300/ext/fts5/fts5Int.h  
     inflating: /var/folders/bq/wnhbwrkx4dx1q2c27c8v6wkh0000gp/T/d20250528-34223-1g68rg/sqlite-src-3450300/ext/fts5/fts5_vocab.c  
     inflating: /var/folders/bq/wnhbwrkx4dx1q2c27c8v6wkh0000gp/T/d20250528-34223-1g68rg/sqlite-src-3450300/ext/fts5/fts5_index.c  
     inflating: /var/folders/bq/wnhbwrkx4dx1q2c27c8v6wkh0000gp/T/d20250528-34223-1g68rg/sqlite-src-3450300/ext/fts5/fts5parse.y  
     inflating: /var/folders/bq/wnhbwrkx4dx1q2c27c8v6wkh0000gp/T/d20250528-34223-1g68rg/sqlite-src-3450300/ext/fts5/fts5_storage.c  
     inflating: /var/folders/bq/wnhbwrkx4dx1q2c27c8v6wkh0000gp/T/d20250528-34223-1g68rg/sqlite-src-3450300/ext/fts5/fts5_aux.c  
     inflating: /var/folders/bq/wnhbwrkx4dx1q2c27c8v6wkh0000gp/T/d20250528-34223-1g68rg/sqlite-src-3450300/ext/fts5/fts5_hash.c  
     inflating: /var/folders/bq/wnhbwrkx4dx1q2c27c8v6wkh0000gp/T/d20250528-34223-1g68rg/sqlite-src-3450300/ext/fts5/fts5_buffer.c  
     inflating: /var/folders/bq/wnhbwrkx4dx1q2c27c8v6wkh0000gp/T/d20250528-34223-1g68rg/sqlite-src-3450300/ext/fts5/fts5_unicode2.c  
      creating: /private/var/folders/bq/wnhbwrkx4dx1q2c27c8v6wkh0000gp/T/d20250528-34223-1g68rg/sqlite-src-3450300/ext/fts5/test
     inflating: /var/folders/bq/wnhbwrkx4dx1q2c27c8v6wkh0000gp/T/d20250528-34223-1g68rg/sqlite-src-3450300/ext/fts5/test/fts5_common.tcl  
     inflating: /var/folders/bq/wnhbwrkx4dx1q2c27c8v6wkh0000gp/T/d20250528-34223-1g68rg/sqlite-src-3450300/ext/fts5/test/fts5secure6.test  
     inflating: /var/folders/bq/wnhbwrkx4dx1q2c27c8v6wkh0000gp/T/d20250528-34223-1g68rg/sqlite-src-3450300/ext/fts5/test/fts5al.test  
     inflating: /var/folders/bq/wnhbwrkx4dx1q2c27c8v6wkh0000gp/T/d20250528-34223-1g68rg/sqlite-src-3450300/ext/fts5/test/fts5tokenizer.test  
     inflating: /var/folders/bq/wnhbwrkx4dx1q2c27c8v6wkh0000gp/T/d20250528-34223-1g68rg/sqlite-src-3450300/ext/fts5/test/fts5delete.test  
     inflating: /var/folders/bq/wnhbwrkx4dx1q2c27c8v6wkh0000gp/T/d20250528-34223-1g68rg/sqlite-src-3450300/ext/fts5/test/fts5aux.test  
     inflating: /var/folders/bq/wnhbwrkx4dx1q2c27c8v6wkh0000gp/T/d20250528-34223-1g68rg/sqlite-src-3450300/ext/fts5/test/fts5auxdata.test  
     inflating: /var/folders/bq/wnhbwrkx4dx1q2c27c8v6wkh0000gp/T/d20250528-34223-1g68rg/sqlite-src-3450300/ext/fts5/test/fts5faultF.test  
     inflating: /var/folders/bq/wnhbwrkx4dx1q2c27c8v6wkh0000gp/T/d20250528-34223-1g68rg/sqlite-src-3450300/ext/fts5/test/fts5connect.test  
     inflating: /var/folders/bq/wnhbwrkx4dx1q2c27c8v6wkh0000gp/T/d20250528-34223-1g68rg/sqlite-src-3450300/ext/fts5/test/fts5contentless2.test  
     inflating: /var/folders/bq/wnhbwrkx4dx1q2c27c8v6wkh0000gp/T/d20250528-34223-1g68rg/sqlite-src-3450300/ext/fts5/test/fts5simple2.test  
     inflating: /var/folders/bq/wnhbwrkx4dx1q2c27c8v6wkh0000gp/T/d20250528-34223-1g68rg/sqlite-src-3450300/ext/fts5/test/fts5lastrowid.test  
     inflating: /var/folders/bq/wnhbwrkx4dx1q2c27c8v6wkh0000gp/T/d20250528-34223-1g68rg/sqlite-src-3450300/ext/fts5/test/fts5securefault.test  
     inflating: /var/folders/bq/wnhbwrkx4dx1q2c27c8v6wkh0000gp/T/d20250528-34223-1g68rg/sqlite-src-3450300/ext/fts5/test/fts5origintext.test  
     inflating: /var/folders/bq/wnhbwrkx4dx1q2c27c8v6wkh0000gp/T/d20250528-34223-1g68rg/sqlite-src-3450300/ext/fts5/test/fts5trigram.test  
     inflating: /var/folders/bq/wnhbwrkx4dx1q2c27c8v6wkh0000gp/T/d20250528-34223-1g68rg/sqlite-src-3450300/ext/fts5/test/fts5corrupt6.test  
     inflating: /var/folders/bq/wnhbwrkx4dx1q2c27c8v6wkh0000gp/T/d20250528-34223-1g68rg/sqlite-src-3450300/ext/fts5/test/fts5fault4.test  
     inflating: /var/folders/bq/wnhbwrkx4dx1q2c27c8v6wkh0000gp/T/d20250528-34223-1g68rg/sqlite-src-3450300/ext/fts5/test/fts5doclist.test  
     inflating: /var/folders/bq/wnhbwrkx4dx1q2c27c8v6wkh0000gp/T/d20250528-34223-1g68rg/sqlite-src-3450300/ext/fts5/test/fts5fault5.test  
     inflating: /var/folders/bq/wnhbwrkx4dx1q2c27c8v6wkh0000gp/T/d20250528-34223-1g68rg/sqlite-src-3450300/ext/fts5/test/fts5fault3.test  
     inflating: /var/folders/bq/wnhbwrkx4dx1q2c27c8v6wkh0000gp/T/d20250528-34223-1g68rg/sqlite-src-3450300/ext/fts5/test/fts5secure4.test  
     inflating: /var/folders/bq/wnhbwrkx4dx1q2c27c8v6wkh0000gp/T/d20250528-34223-1g68rg/sqlite-src-3450300/ext/fts5/test/fts5query.test  
     inflating: /var/folders/bq/wnhbwrkx4dx1q2c27c8v6wkh0000gp/T/d20250528-34223-1g68rg/sqlite-src-3450300/ext/fts5/test/fts5unicode2.test  
     inflating: /var/folders/bq/wnhbwrkx4dx1q2c27c8v6wkh0000gp/T/d20250528-34223-1g68rg/sqlite-src-3450300/ext/fts5/test/fts5colset.test  
     inflating: /var/folders/bq/wnhbwrkx4dx1q2c27c8v6wkh0000gp/T/d20250528-34223-1g68rg/sqlite-src-3450300/ext/fts5/test/fts5circref.test  
     inflating: /var/folders/bq/wnhbwrkx4dx1q2c27c8v6wkh0000gp/T/d20250528-34223-1g68rg/sqlite-src-3450300/ext/fts5/test/fts5fault6.test  
     inflating: /var/folders/bq/wnhbwrkx4dx1q2c27c8v6wkh0000gp/T/d20250528-34223-1g68rg/sqlite-src-3450300/ext/fts5/test/fts5origintext3.test  
     inflating: /var/folders/bq/wnhbwrkx4dx1q2c27c8v6wkh0000gp/T/d20250528-34223-1g68rg/sqlite-src-3450300/ext/fts5/test/fts5plan.test  
     inflating: /var/folders/bq/wnhbwrkx4dx1q2c27c8v6wkh0000gp/T/d20250528-34223-1g68rg/sqlite-src-3450300/ext/fts5/test/fts5fault7.test  
     inflating: /var/folders/bq/wnhbwrkx4dx1q2c27c8v6wkh0000gp/T/d20250528-34223-1g68rg/sqlite-src-3450300/ext/fts5/test/fts5tok1.test  
     inflating: /var/folders/bq/wnhbwrkx4dx1q2c27c8v6wkh0000gp/T/d20250528-34223-1g68rg/sqlite-src-3450300/ext/fts5/test/fts5faultB.test  
     inflating: /var/folders/bq/wnhbwrkx4dx1q2c27c8v6wkh0000gp/T/d20250528-34223-1g68rg/sqlite-src-3450300/ext/fts5/test/fts5corrupt3.test  
     inflating: /var/folders/bq/wnhbwrkx4dx1q2c27c8v6wkh0000gp/T/d20250528-34223-1g68rg/sqlite-src-3450300/ext/fts5/test/fts5secure3.test  
     inflating: /var/folders/bq/wnhbwrkx4dx1q2c27c8v6wkh0000gp/T/d20250528-34223-1g68rg/sqlite-src-3450300/ext/fts5/test/fts5cat.test  
     inflating: /var/folders/bq/wnhbwrkx4dx1q2c27c8v6wkh0000gp/T/d20250528-34223-1g68rg/sqlite-src-3450300/ext/fts5/test/fts5ah.test  
     inflating: /var/folders/bq/wnhbwrkx4dx1q2c27c8v6wkh0000gp/T/d20250528-34223-1g68rg/sqlite-src-3450300/ext/fts5/test/fts5alter.test  
     inflating: /var/folders/bq/wnhbwrkx4dx1q2c27c8v6wkh0000gp/T/d20250528-34223-1g68rg/sqlite-src-3450300/ext/fts5/test/fts5fault2.test  
     inflating: /var/folders/bq/wnhbwrkx4dx1q2c27c8v6wkh0000gp/T/d20250528-34223-1g68rg/sqlite-src-3450300/ext/fts5/test/fts5aa.test  
     inflating: /var/folders/bq/wnhbwrkx4dx1q2c27c8v6wkh0000gp/T/d20250528-34223-1g68rg/sqlite-src-3450300/ext/fts5/test/fts5faultE.test  
     inflating: /var/folders/bq/wnhbwrkx4dx1q2c27c8v6wkh0000gp/T/d20250528-34223-1g68rg/sqlite-src-3450300/ext/fts5/test/fts5savepoint.test  
     inflating: /var/folders/bq/wnhbwrkx4dx1q2c27c8v6wkh0000gp/T/d20250528-34223-1g68rg/sqlite-src-3450300/ext/fts5/test/fts5fault1.test  
     inflating: /var/folders/bq/wnhbwrkx4dx1q2c27c8v6wkh0000gp/T/d20250528-34223-1g68rg/sqlite-src-3450300/ext/fts5/test/fts5onepass.test  
     inflating: /var/folders/bq/wnhbwrkx4dx1q2c27c8v6wkh0000gp/T/d20250528-34223-1g68rg/sqlite-src-3450300/ext/fts5/test/fts5ak.test  
     inflating: /var/folders/bq/wnhbwrkx4dx1q2c27c8v6wkh0000gp/T/d20250528-34223-1g68rg/sqlite-src-3450300/ext/fts5/test/fts5ad.test  
     inflating: /var/folders/bq/wnhbwrkx4dx1q2c27c8v6wkh0000gp/T/d20250528-34223-1g68rg/sqlite-src-3450300/ext/fts5/test/fts5faultD.test  
     inflating: /var/folders/bq/wnhbwrkx4dx1q2c27c8v6wkh0000gp/T/d20250528-34223-1g68rg/sqlite-src-3450300/ext/fts5/test/fts5synonym2.test  
     inflating: /var/folders/bq/wnhbwrkx4dx1q2c27c8v6wkh0000gp/T/d20250528-34223-1g68rg/sqlite-src-3450300/ext/fts5/test/fts5unicode3.test  
     inflating: /var/folders/bq/wnhbwrkx4dx1q2c27c8v6wkh0000gp/T/d20250528-34223-1g68rg/sqlite-src-3450300/ext/fts5/test/fts5corrupt5.test  
     inflating: /var/folders/bq/wnhbwrkx4dx1q2c27c8v6wkh0000gp/T/d20250528-34223-1g68rg/sqlite-src-3450300/ext/fts5/test/fts5contentless.test  
     inflating: /var/folders/bq/wnhbwrkx4dx1q2c27c8v6wkh0000gp/T/d20250528-34223-1g68rg/sqlite-src-3450300/ext/fts5/test/fts5contentless3.test  
     inflating: /var/folders/bq/wnhbwrkx4dx1q2c27c8v6wkh0000gp/T/d20250528-34223-1g68rg/sqlite-src-3450300/ext/fts5/test/fts5simple3.test  
     inflating: /var/folders/bq/wnhbwrkx4dx1q2c27c8v6wkh0000gp/T/d20250528-34223-1g68rg/sqlite-src-3450300/ext/fts5/test/fts5corrupt.test  
     inflating: /var/folders/bq/wnhbwrkx4dx1q2c27c8v6wkh0000gp/T/d20250528-34223-1g68rg/sqlite-src-3450300/ext/fts5/test/fts5merge.test  
     inflating: /var/folders/bq/wnhbwrkx4dx1q2c27c8v6wkh0000gp/T/d20250528-34223-1g68rg/sqlite-src-3450300/ext/fts5/test/fts5hash.test  
     inflating: /var/folders/bq/wnhbwrkx4dx1q2c27c8v6wkh0000gp/T/d20250528-34223-1g68rg/sqlite-src-3450300/ext/fts5/test/fts5determin.test  
     inflating: /var/folders/bq/wnhbwrkx4dx1q2c27c8v6wkh0000gp/T/d20250528-34223-1g68rg/sqlite-src-3450300/ext/fts5/test/fts5secure8.test  
     inflating: /var/folders/bq/wnhbwrkx4dx1q2c27c8v6wkh0000gp/T/d20250528-34223-1g68rg/sqlite-src-3450300/ext/fts5/test/fts5vocab2.test  
     inflating: /var/folders/bq/wnhbwrkx4dx1q2c27c8v6wkh0000gp/T/d20250528-34223-1g68rg/sqlite-src-3450300/ext/fts5/test/fts5ae.test  
     inflating: /var/folders/bq/wnhbwrkx4dx1q2c27c8v6wkh0000gp/T/d20250528-34223-1g68rg/sqlite-src-3450300/ext/fts5/test/fts5rowid.test  
     inflating: /var/folders/bq/wnhbwrkx4dx1q2c27c8v6wkh0000gp/T/d20250528-34223-1g68rg/sqlite-src-3450300/ext/fts5/test/fts5integrity.test  
     inflating: /var/folders/bq/wnhbwrkx4dx1q2c27c8v6wkh0000gp/T/d20250528-34223-1g68rg/sqlite-src-3450300/ext/fts5/test/fts5fault8.test  
     inflating: /var/folders/bq/wnhbwrkx4dx1q2c27c8v6wkh0000gp/T/d20250528-34223-1g68rg/sqlite-src-3450300/ext/fts5/test/fts5contentless4.test  
     inflating: /var/folders/bq/wnhbwrkx4dx1q2c27c8v6wkh0000gp/T/d20250528-34223-1g68rg/sqlite-src-3450300/ext/fts5/test/fts5faultH.test  
     inflating: /var/folders/bq/wnhbwrkx4dx1q2c27c8v6wkh0000gp/T/d20250528-34223-1g68rg/sqlite-src-3450300/ext/fts5/test/fts5porter.test  
     inflating: /var/folders/bq/wnhbwrkx4dx1q2c27c8v6wkh0000gp/T/d20250528-34223-1g68rg/sqlite-src-3450300/ext/fts5/test/fts5origintext5.test  
     inflating: /var/folders/bq/wnhbwrkx4dx1q2c27c8v6wkh0000gp/T/d20250528-34223-1g68rg/sqlite-src-3450300/ext/fts5/test/fts5bigpl.test  
     inflating: /var/folders/bq/wnhbwrkx4dx1q2c27c8v6wkh0000gp/T/d20250528-34223-1g68rg/sqlite-src-3450300/ext/fts5/test/fts5restart.test  
     inflating: /var/folders/bq/wnhbwrkx4dx1q2c27c8v6wkh0000gp/T/d20250528-34223-1g68rg/sqlite-src-3450300/ext/fts5/test/fts5near.test  
     inflating: /var/folders/bq/wnhbwrkx4dx1q2c27c8v6wkh0000gp/T/d20250528-34223-1g68rg/sqlite-src-3450300/ext/fts5/test/fts5content.test  
     inflating: /var/folders/bq/wnhbwrkx4dx1q2c27c8v6wkh0000gp/T/d20250528-34223-1g68rg/sqlite-src-3450300/ext/fts5/test/fts5optimize2.test  
     inflating: /var/folders/bq/wnhbwrkx4dx1q2c27c8v6wkh0000gp/T/d20250528-34223-1g68rg/sqlite-src-3450300/ext/fts5/test/fts5ea.test  
     inflating: /var/folders/bq/wnhbwrkx4dx1q2c27c8v6wkh0000gp/T/d20250528-34223-1g68rg/sqlite-src-3450300/ext/fts5/test/fts5unindexed.test  
     inflating: /var/folders/bq/wnhbwrkx4dx1q2c27c8v6wkh0000gp/T/d20250528-34223-1g68rg/sqlite-src-3450300/ext/fts5/test/fts5faultA.test  
     inflating: /var/folders/bq/wnhbwrkx4dx1q2c27c8v6wkh0000gp/T/d20250528-34223-1g68rg/sqlite-src-3450300/ext/fts5/test/fts5tokenizer2.test  
     inflating: /var/folders/bq/wnhbwrkx4dx1q2c27c8v6wkh0000gp/T/d20250528-34223-1g68rg/sqlite-src-3450300/ext/fts5/test/fts5phrase.test  
     inflating: /var/folders/bq/wnhbwrkx4dx1q2c27c8v6wkh0000gp/T/d20250528-34223-1g68rg/sqlite-src-3450300/ext/fts5/test/fts5multiclient.test  
     inflating: /var/folders/bq/wnhbwrkx4dx1q2c27c8v6wkh0000gp/T/d20250528-34223-1g68rg/sqlite-src-3450300/ext/fts5/test/fts5multi.test  
     inflating: /var/folders/bq/wnhbwrkx4dx1q2c27c8v6wkh0000gp/T/d20250528-34223-1g68rg/sqlite-src-3450300/ext/fts5/test/fts5secure.test  
     inflating: /var/folders/bq/wnhbwrkx4dx1q2c27c8v6wkh0000gp/T/d20250528-34223-1g68rg/sqlite-src-3450300/ext/fts5/test/fts5aj.test  
     inflating: /var/folders/bq/wnhbwrkx4dx1q2c27c8v6wkh0000gp/T/d20250528-34223-1g68rg/sqlite-src-3450300/ext/fts5/test/fts5conflict.test  
     inflating: /var/folders/bq/wnhbwrkx4dx1q2c27c8v6wkh0000gp/T/d20250528-34223-1g68rg/sqlite-src-3450300/ext/fts5/test/fts5prefix2.test  
     inflating: /var/folders/bq/wnhbwrkx4dx1q2c27c8v6wkh0000gp/T/d20250528-34223-1g68rg/sqlite-src-3450300/ext/fts5/test/fts5config.test  
     inflating: /var/folders/bq/wnhbwrkx4dx1q2c27c8v6wkh0000gp/T/d20250528-34223-1g68rg/sqlite-src-3450300/ext/fts5/test/fts5ac.test  
     inflating: /var/folders/bq/wnhbwrkx4dx1q2c27c8v6wkh0000gp/T/d20250528-34223-1g68rg/sqlite-src-3450300/ext/fts5/test/fts5simple.test  
     inflating: /var/folders/bq/wnhbwrkx4dx1q2c27c8v6wkh0000gp/T/d20250528-34223-1g68rg/sqlite-src-3450300/ext/fts5/test/fts5update.test  
     inflating: /var/folders/bq/wnhbwrkx4dx1q2c27c8v6wkh0000gp/T/d20250528-34223-1g68rg/sqlite-src-3450300/ext/fts5/test/fts5optimize3.test  
     inflating: /var/folders/bq/wnhbwrkx4dx1q2c27c8v6wkh0000gp/T/d20250528-34223-1g68rg/sqlite-src-3450300/ext/fts5/test/fts5faultG.test  
     inflating: /var/folders/bq/wnhbwrkx4dx1q2c27c8v6wkh0000gp/T/d20250528-34223-1g68rg/sqlite-src-3450300/ext/fts5/test/fts5secure5.test  
     inflating: /var/folders/bq/wnhbwrkx4dx1q2c27c8v6wkh0000gp/T/d20250528-34223-1g68rg/sqlite-src-3450300/ext/fts5/test/fts5corrupt2.test  
     inflating: /var/folders/bq/wnhbwrkx4dx1q2c27c8v6wkh0000gp/T/d20250528-34223-1g68rg/sqlite-src-3450300/ext/fts5/test/fts5ai.test  
     inflating: /var/folders/bq/wnhbwrkx4dx1q2c27c8v6wkh0000gp/T/d20250528-34223-1g68rg/sqlite-src-3450300/ext/fts5/test/fts5matchinfo.test  
     inflating: /var/folders/bq/wnhbwrkx4dx1q2c27c8v6wkh0000gp/T/d20250528-34223-1g68rg/sqlite-src-3450300/ext/fts5/test/fts5vocab.test  
     inflating: /var/folders/bq/wnhbwrkx4dx1q2c27c8v6wkh0000gp/T/d20250528-34223-1g68rg/sqlite-src-3450300/ext/fts5/test/fts5rank.test  
     inflating: /var/folders/bq/wnhbwrkx4dx1q2c27c8v6wkh0000gp/T/d20250528-34223-1g68rg/sqlite-src-3450300/ext/fts5/test/fts5leftjoin.test  
     inflating: /var/folders/bq/wnhbwrkx4dx1q2c27c8v6wkh0000gp/T/d20250528-34223-1g68rg/sqlite-src-3450300/ext/fts5/test/fts5rebuild.test  
     inflating: /var/folders/bq/wnhbwrkx4dx1q2c27c8v6wkh0000gp/T/d20250528-34223-1g68rg/sqlite-src-3450300/ext/fts5/test/fts5unicode4.test  
     inflating: /var/folders/bq/wnhbwrkx4dx1q2c27c8v6wkh0000gp/T/d20250528-34223-1g68rg/sqlite-src-3450300/ext/fts5/test/fts5optimize.test  
     inflating: /var/folders/bq/wnhbwrkx4dx1q2c27c8v6wkh0000gp/T/d20250528-34223-1g68rg/sqlite-src-3450300/ext/fts5/test/fts5corrupt7.test  
     inflating: /var/folders/bq/wnhbwrkx4dx1q2c27c8v6wkh0000gp/T/d20250528-34223-1g68rg/sqlite-src-3450300/ext/fts5/test/fts5full.test  
     inflating: /var/folders/bq/wnhbwrkx4dx1q2c27c8v6wkh0000gp/T/d20250528-34223-1g68rg/sqlite-src-3450300/ext/fts5/test/fts5ag.test  
     inflating: /var/folders/bq/wnhbwrkx4dx1q2c27c8v6wkh0000gp/T/d20250528-34223-1g68rg/sqlite-src-3450300/ext/fts5/test/fts5first.test  
     inflating: /var/folders/bq/wnhbwrkx4dx1q2c27c8v6wkh0000gp/T/d20250528-34223-1g68rg/sqlite-src-3450300/ext/fts5/test/fts5ubsan.test  
     inflating: /var/folders/bq/wnhbwrkx4dx1q2c27c8v6wkh0000gp/T/d20250528-34223-1g68rg/sqlite-src-3450300/ext/fts5/test/fts5trigram2.test  
     inflating: /var/folders/bq/wnhbwrkx4dx1q2c27c8v6wkh0000gp/T/d20250528-34223-1g68rg/sqlite-src-3450300/ext/fts5/test/fts5tok2.test  
     inflating: /var/folders/bq/wnhbwrkx4dx1q2c27c8v6wkh0000gp/T/d20250528-34223-1g68rg/sqlite-src-3450300/ext/fts5/test/fts5origintext2.test  
     inflating: /var/folders/bq/wnhbwrkx4dx1q2c27c8v6wkh0000gp/T/d20250528-34223-1g68rg/sqlite-src-3450300/ext/fts5/test/fts5af.test  
     inflating: /var/folders/bq/wnhbwrkx4dx1q2c27c8v6wkh0000gp/T/d20250528-34223-1g68rg/sqlite-src-3450300/ext/fts5/test/fts5auto.test  
     inflating: /var/folders/bq/wnhbwrkx4dx1q2c27c8v6wkh0000gp/T/d20250528-34223-1g68rg/sqlite-src-3450300/ext/fts5/test/fts5synonym.test  
     inflating: /var/folders/bq/wnhbwrkx4dx1q2c27c8v6wkh0000gp/T/d20250528-34223-1g68rg/sqlite-src-3450300/ext/fts5/test/fts5unicode.test  
     inflating: /var/folders/bq/wnhbwrkx4dx1q2c27c8v6wkh0000gp/T/d20250528-34223-1g68rg/sqlite-src-3450300/ext/fts5/test/fts5corrupt4.test  
     inflating: /var/folders/bq/wnhbwrkx4dx1q2c27c8v6wkh0000gp/T/d20250528-34223-1g68rg/sqlite-src-3450300/ext/fts5/test/fts5detail.test  
     inflating: /var/folders/bq/wnhbwrkx4dx1q2c27c8v6wkh0000gp/T/d20250528-34223-1g68rg/sqlite-src-3450300/ext/fts5/test/fts5version.test  
     inflating: /var/folders/bq/wnhbwrkx4dx1q2c27c8v6wkh0000gp/T/d20250528-34223-1g68rg/sqlite-src-3450300/ext/fts5/test/fts5eb.test  
     inflating: /var/folders/bq/wnhbwrkx4dx1q2c27c8v6wkh0000gp/T/d20250528-34223-1g68rg/sqlite-src-3450300/ext/fts5/test/fts5dlidx.test  
     inflating: /var/folders/bq/wnhbwrkx4dx1q2c27c8v6wkh0000gp/T/d20250528-34223-1g68rg/sqlite-src-3450300/ext/fts5/test/fts5misc.test  
     inflating: /var/folders/bq/wnhbwrkx4dx1q2c27c8v6wkh0000gp/T/d20250528-34223-1g68rg/sqlite-src-3450300/ext/fts5/test/fts5porter2.test  
     inflating: /var/folders/bq/wnhbwrkx4dx1q2c27c8v6wkh0000gp/T/d20250528-34223-1g68rg/sqlite-src-3450300/ext/fts5/test/fts5secure7.test  
     inflating: /var/folders/bq/wnhbwrkx4dx1q2c27c8v6wkh0000gp/T/d20250528-34223-1g68rg/sqlite-src-3450300/ext/fts5/test/fts5columnsize.test  
     inflating: /var/folders/bq/wnhbwrkx4dx1q2c27c8v6wkh0000gp/T/d20250528-34223-1g68rg/sqlite-src-3450300/ext/fts5/test/fts5bigid.test  
     inflating: /var/folders/bq/wnhbwrkx4dx1q2c27c8v6wkh0000gp/T/d20250528-34223-1g68rg/sqlite-src-3450300/ext/fts5/test/fts5bigtok.test  
     inflating: /var/folders/bq/wnhbwrkx4dx1q2c27c8v6wkh0000gp/T/d20250528-34223-1g68rg/sqlite-src-3450300/ext/fts5/test/fts5ab.test  
     inflating: /var/folders/bq/wnhbwrkx4dx1q2c27c8v6wkh0000gp/T/d20250528-34223-1g68rg/sqlite-src-3450300/ext/fts5/test/fts5fuzz1.test  
     inflating: /var/folders/bq/wnhbwrkx4dx1q2c27c8v6wkh0000gp/T/d20250528-34223-1g68rg/sqlite-src-3450300/ext/fts5/test/fts5limits.test  
     inflating: /var/folders/bq/wnhbwrkx4dx1q2c27c8v6wkh0000gp/T/d20250528-34223-1g68rg/sqlite-src-3450300/ext/fts5/test/fts5interrupt.test  
     inflating: /var/folders/bq/wnhbwrkx4dx1q2c27c8v6wkh0000gp/T/d20250528-34223-1g68rg/sqlite-src-3450300/ext/fts5/test/fts5fault9.test  
     inflating: /var/folders/bq/wnhbwrkx4dx1q2c27c8v6wkh0000gp/T/d20250528-34223-1g68rg/sqlite-src-3450300/ext/fts5/test/fts5secure2.test  
     inflating: /var/folders/bq/wnhbwrkx4dx1q2c27c8v6wkh0000gp/T/d20250528-34223-1g68rg/sqlite-src-3450300/ext/fts5/test/fts5origintext4.test  
     inflating: /var/folders/bq/wnhbwrkx4dx1q2c27c8v6wkh0000gp/T/d20250528-34223-1g68rg/sqlite-src-3450300/ext/fts5/test/fts5prefix.test  
     inflating: /var/folders/bq/wnhbwrkx4dx1q2c27c8v6wkh0000gp/T/d20250528-34223-1g68rg/sqlite-src-3450300/ext/fts5/test/fts5umlaut.test  
     inflating: /var/folders/bq/wnhbwrkx4dx1q2c27c8v6wkh0000gp/T/d20250528-34223-1g68rg/sqlite-src-3450300/ext/fts5/test/fts5contentless5.test  
     inflating: /var/folders/bq/wnhbwrkx4dx1q2c27c8v6wkh0000gp/T/d20250528-34223-1g68rg/sqlite-src-3450300/ext/fts5/test/fts5merge2.test  
     inflating: /var/folders/bq/wnhbwrkx4dx1q2c27c8v6wkh0000gp/T/d20250528-34223-1g68rg/sqlite-src-3450300/ext/fts5/fts5_varint.c  
     inflating: /var/folders/bq/wnhbwrkx4dx1q2c27c8v6wkh0000gp/T/d20250528-34223-1g68rg/sqlite-src-3450300/ext/fts5/mkportersteps.tcl  
     inflating: /var/folders/bq/wnhbwrkx4dx1q2c27c8v6wkh0000gp/T/d20250528-34223-1g68rg/sqlite-src-3450300/ext/fts5/fts5_test_tok.c  
     inflating: /var/folders/bq/wnhbwrkx4dx1q2c27c8v6wkh0000gp/T/d20250528-34223-1g68rg/sqlite-src-3450300/ext/fts5/fts5_expr.c  
     inflating: /var/folders/bq/wnhbwrkx4dx1q2c27c8v6wkh0000gp/T/d20250528-34223-1g68rg/sqlite-src-3450300/ext/fts5/fts5_config.c  
     inflating: /var/folders/bq/wnhbwrkx4dx1q2c27c8v6wkh0000gp/T/d20250528-34223-1g68rg/sqlite-src-3450300/ext/fts5/fts5_tokenize.c  
     inflating: /var/folders/bq/wnhbwrkx4dx1q2c27c8v6wkh0000gp/T/d20250528-34223-1g68rg/sqlite-src-3450300/ext/fts5/fts5.h  
      creating: /private/var/folders/bq/wnhbwrkx4dx1q2c27c8v6wkh0000gp/T/d20250528-34223-1g68rg/sqlite-src-3450300/ext/fts5/tool
     inflating: /var/folders/bq/wnhbwrkx4dx1q2c27c8v6wkh0000gp/T/d20250528-34223-1g68rg/sqlite-src-3450300/ext/fts5/tool/showfts5.tcl  
     inflating: /var/folders/bq/wnhbwrkx4dx1q2c27c8v6wkh0000gp/T/d20250528-34223-1g68rg/sqlite-src-3450300/ext/fts5/tool/loadfts5.tcl  
     inflating: /var/folders/bq/wnhbwrkx4dx1q2c27c8v6wkh0000gp/T/d20250528-34223-1g68rg/sqlite-src-3450300/ext/fts5/tool/fts5txt2db.tcl  
     inflating: /var/folders/bq/wnhbwrkx4dx1q2c27c8v6wkh0000gp/T/d20250528-34223-1g68rg/sqlite-src-3450300/ext/fts5/tool/fts5speed.tcl  
     inflating: /var/folders/bq/wnhbwrkx4dx1q2c27c8v6wkh0000gp/T/d20250528-34223-1g68rg/sqlite-src-3450300/ext/fts5/tool/mkfts5c.tcl  
     inflating: /var/folders/bq/wnhbwrkx4dx1q2c27c8v6wkh0000gp/T/d20250528-34223-1g68rg/sqlite-src-3450300/ext/fts5/fts5_main.c  
      creating: /private/var/folders/bq/wnhbwrkx4dx1q2c27c8v6wkh0000gp/T/d20250528-34223-1g68rg/sqlite-src-3450300/ext/rtree
     inflating: /var/folders/bq/wnhbwrkx4dx1q2c27c8v6wkh0000gp/T/d20250528-34223-1g68rg/sqlite-src-3450300/ext/rtree/rtree_perf.tcl  
     inflating: /var/folders/bq/wnhbwrkx4dx1q2c27c8v6wkh0000gp/T/d20250528-34223-1g68rg/sqlite-src-3450300/ext/rtree/rtreedoc.test  
     inflating: /var/folders/bq/wnhbwrkx4dx1q2c27c8v6wkh0000gp/T/d20250528-34223-1g68rg/sqlite-src-3450300/ext/rtree/test_rtreedoc.c  
     inflating: /var/folders/bq/wnhbwrkx4dx1q2c27c8v6wkh0000gp/T/d20250528-34223-1g68rg/sqlite-src-3450300/ext/rtree/rtree7.test  
      creating: /private/var/folders/bq/wnhbwrkx4dx1q2c27c8v6wkh0000gp/T/d20250528-34223-1g68rg/sqlite-src-3450300/ext/rtree/util
     inflating: /var/folders/bq/wnhbwrkx4dx1q2c27c8v6wkh0000gp/T/d20250528-34223-1g68rg/sqlite-src-3450300/ext/rtree/util/randomshape.tcl  
     inflating: /var/folders/bq/wnhbwrkx4dx1q2c27c8v6wkh0000gp/T/d20250528-34223-1g68rg/sqlite-src-3450300/ext/rtree/rtree4.test  
     inflating: /var/folders/bq/wnhbwrkx4dx1q2c27c8v6wkh0000gp/T/d20250528-34223-1g68rg/sqlite-src-3450300/ext/rtree/rtreedoc3.test  
     inflating: /var/folders/bq/wnhbwrkx4dx1q2c27c8v6wkh0000gp/T/d20250528-34223-1g68rg/sqlite-src-3450300/ext/rtree/rtreeF.test  
     inflating: /var/folders/bq/wnhbwrkx4dx1q2c27c8v6wkh0000gp/T/d20250528-34223-1g68rg/sqlite-src-3450300/ext/rtree/rtreedoc2.test  
     inflating: /var/folders/bq/wnhbwrkx4dx1q2c27c8v6wkh0000gp/T/d20250528-34223-1g68rg/sqlite-src-3450300/ext/rtree/rtree5.test  
     inflating: /var/folders/bq/wnhbwrkx4dx1q2c27c8v6wkh0000gp/T/d20250528-34223-1g68rg/sqlite-src-3450300/ext/rtree/rtreeI.test  
     inflating: /var/folders/bq/wnhbwrkx4dx1q2c27c8v6wkh0000gp/T/d20250528-34223-1g68rg/sqlite-src-3450300/ext/rtree/rtree9.test  
     inflating: /var/folders/bq/wnhbwrkx4dx1q2c27c8v6wkh0000gp/T/d20250528-34223-1g68rg/sqlite-src-3450300/ext/rtree/rtreeC.test  
     inflating: /var/folders/bq/wnhbwrkx4dx1q2c27c8v6wkh0000gp/T/d20250528-34223-1g68rg/sqlite-src-3450300/ext/rtree/rtreeD.test  
     inflating: /var/folders/bq/wnhbwrkx4dx1q2c27c8v6wkh0000gp/T/d20250528-34223-1g68rg/sqlite-src-3450300/ext/rtree/geopoly.c  
     inflating: /var/folders/bq/wnhbwrkx4dx1q2c27c8v6wkh0000gp/T/d20250528-34223-1g68rg/sqlite-src-3450300/ext/rtree/rtreeJ.test  
     inflating: /var/folders/bq/wnhbwrkx4dx1q2c27c8v6wkh0000gp/T/d20250528-34223-1g68rg/sqlite-src-3450300/ext/rtree/viewrtree.tcl  
     inflating: /var/folders/bq/wnhbwrkx4dx1q2c27c8v6wkh0000gp/T/d20250528-34223-1g68rg/sqlite-src-3450300/ext/rtree/rtree3.test  
     inflating: /var/folders/bq/wnhbwrkx4dx1q2c27c8v6wkh0000gp/T/d20250528-34223-1g68rg/sqlite-src-3450300/ext/rtree/rtree6.test  
     inflating: /var/folders/bq/wnhbwrkx4dx1q2c27c8v6wkh0000gp/T/d20250528-34223-1g68rg/sqlite-src-3450300/ext/rtree/rtreeG.test  
     inflating: /var/folders/bq/wnhbwrkx4dx1q2c27c8v6wkh0000gp/T/d20250528-34223-1g68rg/sqlite-src-3450300/ext/rtree/rtree1.test  
     inflating: /var/folders/bq/wnhbwrkx4dx1q2c27c8v6wkh0000gp/T/d20250528-34223-1g68rg/sqlite-src-3450300/ext/rtree/rtreeB.test  
     inflating: /var/folders/bq/wnhbwrkx4dx1q2c27c8v6wkh0000gp/T/d20250528-34223-1g68rg/sqlite-src-3450300/ext/rtree/rtree.h  
     inflating: /var/folders/bq/wnhbwrkx4dx1q2c27c8v6wkh0000gp/T/d20250528-34223-1g68rg/sqlite-src-3450300/ext/rtree/rtreeH.test  
     inflating: /var/folders/bq/wnhbwrkx4dx1q2c27c8v6wkh0000gp/T/d20250528-34223-1g68rg/sqlite-src-3450300/ext/rtree/visual01.txt  
     inflating: /var/folders/bq/wnhbwrkx4dx1q2c27c8v6wkh0000gp/T/d20250528-34223-1g68rg/sqlite-src-3450300/ext/rtree/rtree.c  
     inflating: /var/folders/bq/wnhbwrkx4dx1q2c27c8v6wkh0000gp/T/d20250528-34223-1g68rg/sqlite-src-3450300/ext/rtree/rtreecirc.test  
     inflating: /var/folders/bq/wnhbwrkx4dx1q2c27c8v6wkh0000gp/T/d20250528-34223-1g68rg/sqlite-src-3450300/ext/rtree/rtreeconnect.test  
     inflating: /var/folders/bq/wnhbwrkx4dx1q2c27c8v6wkh0000gp/T/d20250528-34223-1g68rg/sqlite-src-3450300/ext/rtree/rtree2.test  
     inflating: /var/folders/bq/wnhbwrkx4dx1q2c27c8v6wkh0000gp/T/d20250528-34223-1g68rg/sqlite-src-3450300/ext/rtree/rtreeE.test  
     inflating: /var/folders/bq/wnhbwrkx4dx1q2c27c8v6wkh0000gp/T/d20250528-34223-1g68rg/sqlite-src-3450300/ext/rtree/README  
     inflating: /var/folders/bq/wnhbwrkx4dx1q2c27c8v6wkh0000gp/T/d20250528-34223-1g68rg/sqlite-src-3450300/ext/rtree/rtreeA.test  
     inflating: /var/folders/bq/wnhbwrkx4dx1q2c27c8v6wkh0000gp/T/d20250528-34223-1g68rg/sqlite-src-3450300/ext/rtree/rtreecheck.test  
     inflating: /var/folders/bq/wnhbwrkx4dx1q2c27c8v6wkh0000gp/T/d20250528-34223-1g68rg/sqlite-src-3450300/ext/rtree/rtreefuzz001.test  
     inflating: /var/folders/bq/wnhbwrkx4dx1q2c27c8v6wkh0000gp/T/d20250528-34223-1g68rg/sqlite-src-3450300/ext/rtree/rtree8.test  
     inflating: /var/folders/bq/wnhbwrkx4dx1q2c27c8v6wkh0000gp/T/d20250528-34223-1g68rg/sqlite-src-3450300/ext/rtree/rtree_util.tcl  
     inflating: /var/folders/bq/wnhbwrkx4dx1q2c27c8v6wkh0000gp/T/d20250528-34223-1g68rg/sqlite-src-3450300/ext/rtree/sqlite3rtree.h  
     inflating: /var/folders/bq/wnhbwrkx4dx1q2c27c8v6wkh0000gp/T/d20250528-34223-1g68rg/sqlite-src-3450300/ext/rtree/tkt3363.test  
      creating: /private/var/folders/bq/wnhbwrkx4dx1q2c27c8v6wkh0000gp/T/d20250528-34223-1g68rg/sqlite-src-3450300/ext/session
     inflating: /var/folders/bq/wnhbwrkx4dx1q2c27c8v6wkh0000gp/T/d20250528-34223-1g68rg/sqlite-src-3450300/ext/session/sessionsize.test  
     inflating: /var/folders/bq/wnhbwrkx4dx1q2c27c8v6wkh0000gp/T/d20250528-34223-1g68rg/sqlite-src-3450300/ext/session/sessionA.test  
     inflating: /var/folders/bq/wnhbwrkx4dx1q2c27c8v6wkh0000gp/T/d20250528-34223-1g68rg/sqlite-src-3450300/ext/session/sessionD.test  
     inflating: /var/folders/bq/wnhbwrkx4dx1q2c27c8v6wkh0000gp/T/d20250528-34223-1g68rg/sqlite-src-3450300/ext/session/sessionfault.test  
     inflating: /var/folders/bq/wnhbwrkx4dx1q2c27c8v6wkh0000gp/T/d20250528-34223-1g68rg/sqlite-src-3450300/ext/session/sessionF.test  
     inflating: /var/folders/bq/wnhbwrkx4dx1q2c27c8v6wkh0000gp/T/d20250528-34223-1g68rg/sqlite-src-3450300/ext/session/session9.test  
     inflating: /var/folders/bq/wnhbwrkx4dx1q2c27c8v6wkh0000gp/T/d20250528-34223-1g68rg/sqlite-src-3450300/ext/session/session2.test  
     inflating: /var/folders/bq/wnhbwrkx4dx1q2c27c8v6wkh0000gp/T/d20250528-34223-1g68rg/sqlite-src-3450300/ext/session/sessionC.test  
     inflating: /var/folders/bq/wnhbwrkx4dx1q2c27c8v6wkh0000gp/T/d20250528-34223-1g68rg/sqlite-src-3450300/ext/session/session5.test  
     inflating: /var/folders/bq/wnhbwrkx4dx1q2c27c8v6wkh0000gp/T/d20250528-34223-1g68rg/sqlite-src-3450300/ext/session/changesetfuzz.c  
     inflating: /var/folders/bq/wnhbwrkx4dx1q2c27c8v6wkh0000gp/T/d20250528-34223-1g68rg/sqlite-src-3450300/ext/session/sessionE.test  
     inflating: /var/folders/bq/wnhbwrkx4dx1q2c27c8v6wkh0000gp/T/d20250528-34223-1g68rg/sqlite-src-3450300/ext/session/sessionat.test  
     inflating: /var/folders/bq/wnhbwrkx4dx1q2c27c8v6wkh0000gp/T/d20250528-34223-1g68rg/sqlite-src-3450300/ext/session/sessionalter.test  
     inflating: /var/folders/bq/wnhbwrkx4dx1q2c27c8v6wkh0000gp/T/d20250528-34223-1g68rg/sqlite-src-3450300/ext/session/session_common.tcl  
     inflating: /var/folders/bq/wnhbwrkx4dx1q2c27c8v6wkh0000gp/T/d20250528-34223-1g68rg/sqlite-src-3450300/ext/session/sessionB.test  
     inflating: /var/folders/bq/wnhbwrkx4dx1q2c27c8v6wkh0000gp/T/d20250528-34223-1g68rg/sqlite-src-3450300/ext/session/session6.test  
     inflating: /var/folders/bq/wnhbwrkx4dx1q2c27c8v6wkh0000gp/T/d20250528-34223-1g68rg/sqlite-src-3450300/ext/session/sessionstat1.test  
     inflating: /var/folders/bq/wnhbwrkx4dx1q2c27c8v6wkh0000gp/T/d20250528-34223-1g68rg/sqlite-src-3450300/ext/session/session_speed_test.c  
     inflating: /var/folders/bq/wnhbwrkx4dx1q2c27c8v6wkh0000gp/T/d20250528-34223-1g68rg/sqlite-src-3450300/ext/session/session8.test  
     inflating: /var/folders/bq/wnhbwrkx4dx1q2c27c8v6wkh0000gp/T/d20250528-34223-1g68rg/sqlite-src-3450300/ext/session/sessionfault3.test  
     inflating: /var/folders/bq/wnhbwrkx4dx1q2c27c8v6wkh0000gp/T/d20250528-34223-1g68rg/sqlite-src-3450300/ext/session/session1.test  
     inflating: /var/folders/bq/wnhbwrkx4dx1q2c27c8v6wkh0000gp/T/d20250528-34223-1g68rg/sqlite-src-3450300/ext/session/sessioninvert.test  
     inflating: /var/folders/bq/wnhbwrkx4dx1q2c27c8v6wkh0000gp/T/d20250528-34223-1g68rg/sqlite-src-3450300/ext/session/sessionfault2.test  
     inflating: /var/folders/bq/wnhbwrkx4dx1q2c27c8v6wkh0000gp/T/d20250528-34223-1g68rg/sqlite-src-3450300/ext/session/changeset.c  
     inflating: /var/folders/bq/wnhbwrkx4dx1q2c27c8v6wkh0000gp/T/d20250528-34223-1g68rg/sqlite-src-3450300/ext/session/sessionrowid.test  
     inflating: /var/folders/bq/wnhbwrkx4dx1q2c27c8v6wkh0000gp/T/d20250528-34223-1g68rg/sqlite-src-3450300/ext/session/sessionnoop.test  
     inflating: /var/folders/bq/wnhbwrkx4dx1q2c27c8v6wkh0000gp/T/d20250528-34223-1g68rg/sqlite-src-3450300/ext/session/test_session.c  
     inflating: /var/folders/bq/wnhbwrkx4dx1q2c27c8v6wkh0000gp/T/d20250528-34223-1g68rg/sqlite-src-3450300/ext/session/sqlite3session.h  
     inflating: /var/folders/bq/wnhbwrkx4dx1q2c27c8v6wkh0000gp/T/d20250528-34223-1g68rg/sqlite-src-3450300/ext/session/changesetfuzz1.test  
     inflating: /var/folders/bq/wnhbwrkx4dx1q2c27c8v6wkh0000gp/T/d20250528-34223-1g68rg/sqlite-src-3450300/ext/session/sessionG.test  
     inflating: /var/folders/bq/wnhbwrkx4dx1q2c27c8v6wkh0000gp/T/d20250528-34223-1g68rg/sqlite-src-3450300/ext/session/session3.test  
     inflating: /var/folders/bq/wnhbwrkx4dx1q2c27c8v6wkh0000gp/T/d20250528-34223-1g68rg/sqlite-src-3450300/ext/session/sessionwor.test  
     inflating: /var/folders/bq/wnhbwrkx4dx1q2c27c8v6wkh0000gp/T/d20250528-34223-1g68rg/sqlite-src-3450300/ext/session/sessionnoact.test  
     inflating: /var/folders/bq/wnhbwrkx4dx1q2c27c8v6wkh0000gp/T/d20250528-34223-1g68rg/sqlite-src-3450300/ext/session/sessiondiff.test  
     inflating: /var/folders/bq/wnhbwrkx4dx1q2c27c8v6wkh0000gp/T/d20250528-34223-1g68rg/sqlite-src-3450300/ext/session/sessionbig.test  
     inflating: /var/folders/bq/wnhbwrkx4dx1q2c27c8v6wkh0000gp/T/d20250528-34223-1g68rg/sqlite-src-3450300/ext/session/session4.test  
     inflating: /var/folders/bq/wnhbwrkx4dx1q2c27c8v6wkh0000gp/T/d20250528-34223-1g68rg/sqlite-src-3450300/ext/session/sessionrebase.test  
     inflating: /var/folders/bq/wnhbwrkx4dx1q2c27c8v6wkh0000gp/T/d20250528-34223-1g68rg/sqlite-src-3450300/ext/session/sqlite3session.c  
     inflating: /var/folders/bq/wnhbwrkx4dx1q2c27c8v6wkh0000gp/T/d20250528-34223-1g68rg/sqlite-src-3450300/ext/session/sessionmem.test  
     inflating: /var/folders/bq/wnhbwrkx4dx1q2c27c8v6wkh0000gp/T/d20250528-34223-1g68rg/sqlite-src-3450300/ext/session/sessionH.test  
     inflating: /var/folders/bq/wnhbwrkx4dx1q2c27c8v6wkh0000gp/T/d20250528-34223-1g68rg/sqlite-src-3450300/ext/session/sessionnoop2.test  
      creating: /private/var/folders/bq/wnhbwrkx4dx1q2c27c8v6wkh0000gp/T/d20250528-34223-1g68rg/sqlite-src-3450300/ext/recover
     inflating: /var/folders/bq/wnhbwrkx4dx1q2c27c8v6wkh0000gp/T/d20250528-34223-1g68rg/sqlite-src-3450300/ext/recover/recoverpgsz.test  
     inflating: /var/folders/bq/wnhbwrkx4dx1q2c27c8v6wkh0000gp/T/d20250528-34223-1g68rg/sqlite-src-3450300/ext/recover/recoverclobber.test  
     inflating: /var/folders/bq/wnhbwrkx4dx1q2c27c8v6wkh0000gp/T/d20250528-34223-1g68rg/sqlite-src-3450300/ext/recover/sqlite3recover.c  
     inflating: /var/folders/bq/wnhbwrkx4dx1q2c27c8v6wkh0000gp/T/d20250528-34223-1g68rg/sqlite-src-3450300/ext/recover/recoverfault2.test  
     inflating: /var/folders/bq/wnhbwrkx4dx1q2c27c8v6wkh0000gp/T/d20250528-34223-1g68rg/sqlite-src-3450300/ext/recover/recoverrowid.test  
     inflating: /var/folders/bq/wnhbwrkx4dx1q2c27c8v6wkh0000gp/T/d20250528-34223-1g68rg/sqlite-src-3450300/ext/recover/sqlite3recover.h  
     inflating: /var/folders/bq/wnhbwrkx4dx1q2c27c8v6wkh0000gp/T/d20250528-34223-1g68rg/sqlite-src-3450300/ext/recover/recoversql.test  
     inflating: /var/folders/bq/wnhbwrkx4dx1q2c27c8v6wkh0000gp/T/d20250528-34223-1g68rg/sqlite-src-3450300/ext/recover/recovercorrupt2.test  
     inflating: /var/folders/bq/wnhbwrkx4dx1q2c27c8v6wkh0000gp/T/d20250528-34223-1g68rg/sqlite-src-3450300/ext/recover/recoverbuild.test  
     inflating: /var/folders/bq/wnhbwrkx4dx1q2c27c8v6wkh0000gp/T/d20250528-34223-1g68rg/sqlite-src-3450300/ext/recover/recoverfault.test  
     inflating: /var/folders/bq/wnhbwrkx4dx1q2c27c8v6wkh0000gp/T/d20250528-34223-1g68rg/sqlite-src-3450300/ext/recover/recover_common.tcl  
     inflating: /var/folders/bq/wnhbwrkx4dx1q2c27c8v6wkh0000gp/T/d20250528-34223-1g68rg/sqlite-src-3450300/ext/recover/test_recover.c  
     inflating: /var/folders/bq/wnhbwrkx4dx1q2c27c8v6wkh0000gp/T/d20250528-34223-1g68rg/sqlite-src-3450300/ext/recover/recoverold.test  
     inflating: /var/folders/bq/wnhbwrkx4dx1q2c27c8v6wkh0000gp/T/d20250528-34223-1g68rg/sqlite-src-3450300/ext/recover/dbdata.c  
     inflating: /var/folders/bq/wnhbwrkx4dx1q2c27c8v6wkh0000gp/T/d20250528-34223-1g68rg/sqlite-src-3450300/ext/recover/recoverslowidx.test  
     inflating: /var/folders/bq/wnhbwrkx4dx1q2c27c8v6wkh0000gp/T/d20250528-34223-1g68rg/sqlite-src-3450300/ext/recover/recover1.test  
     inflating: /var/folders/bq/wnhbwrkx4dx1q2c27c8v6wkh0000gp/T/d20250528-34223-1g68rg/sqlite-src-3450300/ext/recover/recovercorrupt.test  
      creating: /private/var/folders/bq/wnhbwrkx4dx1q2c27c8v6wkh0000gp/T/d20250528-34223-1g68rg/sqlite-src-3450300/ext/fts3
     inflating: /var/folders/bq/wnhbwrkx4dx1q2c27c8v6wkh0000gp/T/d20250528-34223-1g68rg/sqlite-src-3450300/ext/fts3/fts3_tokenizer.h  
     inflating: /var/folders/bq/wnhbwrkx4dx1q2c27c8v6wkh0000gp/T/d20250528-34223-1g68rg/sqlite-src-3450300/ext/fts3/fts3_unicode2.c  
     inflating: /var/folders/bq/wnhbwrkx4dx1q2c27c8v6wkh0000gp/T/d20250528-34223-1g68rg/sqlite-src-3450300/ext/fts3/fts3_unicode.c  
     inflating: /var/folders/bq/wnhbwrkx4dx1q2c27c8v6wkh0000gp/T/d20250528-34223-1g68rg/sqlite-src-3450300/ext/fts3/fts3.c  
     inflating: /var/folders/bq/wnhbwrkx4dx1q2c27c8v6wkh0000gp/T/d20250528-34223-1g68rg/sqlite-src-3450300/ext/fts3/fts3Int.h  
     inflating: /var/folders/bq/wnhbwrkx4dx1q2c27c8v6wkh0000gp/T/d20250528-34223-1g68rg/sqlite-src-3450300/ext/fts3/fts3_tokenizer1.c  
     inflating: /var/folders/bq/wnhbwrkx4dx1q2c27c8v6wkh0000gp/T/d20250528-34223-1g68rg/sqlite-src-3450300/ext/fts3/fts3speed.tcl  
     inflating: /var/folders/bq/wnhbwrkx4dx1q2c27c8v6wkh0000gp/T/d20250528-34223-1g68rg/sqlite-src-3450300/ext/fts3/fts3_hash.h  
     inflating: /var/folders/bq/wnhbwrkx4dx1q2c27c8v6wkh0000gp/T/d20250528-34223-1g68rg/sqlite-src-3450300/ext/fts3/fts3_write.c  
     inflating: /var/folders/bq/wnhbwrkx4dx1q2c27c8v6wkh0000gp/T/d20250528-34223-1g68rg/sqlite-src-3450300/ext/fts3/README.tokenizers  
     inflating: /var/folders/bq/wnhbwrkx4dx1q2c27c8v6wkh0000gp/T/d20250528-34223-1g68rg/sqlite-src-3450300/ext/fts3/fts3_tokenize_vtab.c  
     inflating: /var/folders/bq/wnhbwrkx4dx1q2c27c8v6wkh0000gp/T/d20250528-34223-1g68rg/sqlite-src-3450300/ext/fts3/fts3_aux.c  
     inflating: /var/folders/bq/wnhbwrkx4dx1q2c27c8v6wkh0000gp/T/d20250528-34223-1g68rg/sqlite-src-3450300/ext/fts3/README.txt  
     inflating: /var/folders/bq/wnhbwrkx4dx1q2c27c8v6wkh0000gp/T/d20250528-34223-1g68rg/sqlite-src-3450300/ext/fts3/fts3_term.c  
     inflating: /var/folders/bq/wnhbwrkx4dx1q2c27c8v6wkh0000gp/T/d20250528-34223-1g68rg/sqlite-src-3450300/ext/fts3/fts3_tokenizer.c  
      creating: /private/var/folders/bq/wnhbwrkx4dx1q2c27c8v6wkh0000gp/T/d20250528-34223-1g68rg/sqlite-src-3450300/ext/fts3/unicode
     inflating: /var/folders/bq/wnhbwrkx4dx1q2c27c8v6wkh0000gp/T/d20250528-34223-1g68rg/sqlite-src-3450300/ext/fts3/unicode/UnicodeData.txt  
     inflating: /var/folders/bq/wnhbwrkx4dx1q2c27c8v6wkh0000gp/T/d20250528-34223-1g68rg/sqlite-src-3450300/ext/fts3/unicode/parseunicode.tcl  
     inflating: /var/folders/bq/wnhbwrkx4dx1q2c27c8v6wkh0000gp/T/d20250528-34223-1g68rg/sqlite-src-3450300/ext/fts3/unicode/CaseFolding.txt  
     inflating: /var/folders/bq/wnhbwrkx4dx1q2c27c8v6wkh0000gp/T/d20250528-34223-1g68rg/sqlite-src-3450300/ext/fts3/unicode/mkunicode.tcl  
     inflating: /var/folders/bq/wnhbwrkx4dx1q2c27c8v6wkh0000gp/T/d20250528-34223-1g68rg/sqlite-src-3450300/ext/fts3/fts3_porter.c  
     inflating: /var/folders/bq/wnhbwrkx4dx1q2c27c8v6wkh0000gp/T/d20250528-34223-1g68rg/sqlite-src-3450300/ext/fts3/fts3.h  
     inflating: /var/folders/bq/wnhbwrkx4dx1q2c27c8v6wkh0000gp/T/d20250528-34223-1g68rg/sqlite-src-3450300/ext/fts3/README.syntax  
     inflating: /var/folders/bq/wnhbwrkx4dx1q2c27c8v6wkh0000gp/T/d20250528-34223-1g68rg/sqlite-src-3450300/ext/fts3/fts3_icu.c  
      creating: /private/var/folders/bq/wnhbwrkx4dx1q2c27c8v6wkh0000gp/T/d20250528-34223-1g68rg/sqlite-src-3450300/ext/fts3/tool
     inflating: /var/folders/bq/wnhbwrkx4dx1q2c27c8v6wkh0000gp/T/d20250528-34223-1g68rg/sqlite-src-3450300/ext/fts3/tool/fts3cov.sh  
     inflating: /var/folders/bq/wnhbwrkx4dx1q2c27c8v6wkh0000gp/T/d20250528-34223-1g68rg/sqlite-src-3450300/ext/fts3/tool/fts3view.c  
     inflating: /var/folders/bq/wnhbwrkx4dx1q2c27c8v6wkh0000gp/T/d20250528-34223-1g68rg/sqlite-src-3450300/ext/fts3/fts3_snippet.c  
     inflating: /var/folders/bq/wnhbwrkx4dx1q2c27c8v6wkh0000gp/T/d20250528-34223-1g68rg/sqlite-src-3450300/ext/fts3/fts3_test.c  
     inflating: /var/folders/bq/wnhbwrkx4dx1q2c27c8v6wkh0000gp/T/d20250528-34223-1g68rg/sqlite-src-3450300/ext/fts3/README.content  
     inflating: /var/folders/bq/wnhbwrkx4dx1q2c27c8v6wkh0000gp/T/d20250528-34223-1g68rg/sqlite-src-3450300/ext/fts3/fts3_hash.c  
     inflating: /var/folders/bq/wnhbwrkx4dx1q2c27c8v6wkh0000gp/T/d20250528-34223-1g68rg/sqlite-src-3450300/ext/fts3/fts3_expr.c  
     inflating: /var/folders/bq/wnhbwrkx4dx1q2c27c8v6wkh0000gp/T/d20250528-34223-1g68rg/sqlite-src-3450300/ltmain.sh  
     inflating: /var/folders/bq/wnhbwrkx4dx1q2c27c8v6wkh0000gp/T/d20250528-34223-1g68rg/sqlite-src-3450300/README.md  
     inflating: /var/folders/bq/wnhbwrkx4dx1q2c27c8v6wkh0000gp/T/d20250528-34223-1g68rg/sqlite-src-3450300/config.guess  
      creating: /private/var/folders/bq/wnhbwrkx4dx1q2c27c8v6wkh0000gp/T/d20250528-34223-1g68rg/sqlite-src-3450300/vsixtest
     inflating: /var/folders/bq/wnhbwrkx4dx1q2c27c8v6wkh0000gp/T/d20250528-34223-1g68rg/sqlite-src-3450300/vsixtest/Package.appxmanifest  
     inflating: /var/folders/bq/wnhbwrkx4dx1q2c27c8v6wkh0000gp/T/d20250528-34223-1g68rg/sqlite-src-3450300/vsixtest/App.xaml  
     inflating: /var/folders/bq/wnhbwrkx4dx1q2c27c8v6wkh0000gp/T/d20250528-34223-1g68rg/sqlite-src-3450300/vsixtest/App.xaml.cpp  
     inflating: /var/folders/bq/wnhbwrkx4dx1q2c27c8v6wkh0000gp/T/d20250528-34223-1g68rg/sqlite-src-3450300/vsixtest/MainPage.xaml  
     inflating: /var/folders/bq/wnhbwrkx4dx1q2c27c8v6wkh0000gp/T/d20250528-34223-1g68rg/sqlite-src-3450300/vsixtest/vsixtest.tcl  
      creating: /private/var/folders/bq/wnhbwrkx4dx1q2c27c8v6wkh0000gp/T/d20250528-34223-1g68rg/sqlite-src-3450300/vsixtest/Assets
     inflating: /var/folders/bq/wnhbwrkx4dx1q2c27c8v6wkh0000gp/T/d20250528-34223-1g68rg/sqlite-src-3450300/vsixtest/Assets/Wide310x150Logo.scale-200.png  
     inflating: /var/folders/bq/wnhbwrkx4dx1q2c27c8v6wkh0000gp/T/d20250528-34223-1g68rg/sqlite-src-3450300/vsixtest/Assets/LockScreenLogo.scale-200.png  
     inflating: /var/folders/bq/wnhbwrkx4dx1q2c27c8v6wkh0000gp/T/d20250528-34223-1g68rg/sqlite-src-3450300/vsixtest/Assets/Square44x44Logo.scale-200.png  
     inflating: /var/folders/bq/wnhbwrkx4dx1q2c27c8v6wkh0000gp/T/d20250528-34223-1g68rg/sqlite-src-3450300/vsixtest/Assets/StoreLogo.png  
     inflating: /var/folders/bq/wnhbwrkx4dx1q2c27c8v6wkh0000gp/T/d20250528-34223-1g68rg/sqlite-src-3450300/vsixtest/Assets/SplashScreen.scale-200.png  
     inflating: /var/folders/bq/wnhbwrkx4dx1q2c27c8v6wkh0000gp/T/d20250528-34223-1g68rg/sqlite-src-3450300/vsixtest/Assets/Square44x44Logo.targetsize-24_altform-unplated.png  
     inflating: /var/folders/bq/wnhbwrkx4dx1q2c27c8v6wkh0000gp/T/d20250528-34223-1g68rg/sqlite-src-3450300/vsixtest/Assets/Square150x150Logo.scale-200.png  
     inflating: /var/folders/bq/wnhbwrkx4dx1q2c27c8v6wkh0000gp/T/d20250528-34223-1g68rg/sqlite-src-3450300/vsixtest/App.xaml.h  
     inflating: /var/folders/bq/wnhbwrkx4dx1q2c27c8v6wkh0000gp/T/d20250528-34223-1g68rg/sqlite-src-3450300/vsixtest/pch.h  
     inflating: /var/folders/bq/wnhbwrkx4dx1q2c27c8v6wkh0000gp/T/d20250528-34223-1g68rg/sqlite-src-3450300/vsixtest/MainPage.xaml.h  
     inflating: /var/folders/bq/wnhbwrkx4dx1q2c27c8v6wkh0000gp/T/d20250528-34223-1g68rg/sqlite-src-3450300/vsixtest/vsixtest.vcxproj.filters  
     inflating: /var/folders/bq/wnhbwrkx4dx1q2c27c8v6wkh0000gp/T/d20250528-34223-1g68rg/sqlite-src-3450300/vsixtest/pch.cpp  
     inflating: /var/folders/bq/wnhbwrkx4dx1q2c27c8v6wkh0000gp/T/d20250528-34223-1g68rg/sqlite-src-3450300/vsixtest/vsixtest.sln  
     inflating: /var/folders/bq/wnhbwrkx4dx1q2c27c8v6wkh0000gp/T/d20250528-34223-1g68rg/sqlite-src-3450300/vsixtest/MainPage.xaml.cpp  
     inflating: /var/folders/bq/wnhbwrkx4dx1q2c27c8v6wkh0000gp/T/d20250528-34223-1g68rg/sqlite-src-3450300/vsixtest/vsixtest.vcxproj.data  
     inflating: /var/folders/bq/wnhbwrkx4dx1q2c27c8v6wkh0000gp/T/d20250528-34223-1g68rg/sqlite-src-3450300/vsixtest/vsixtest_TemporaryKey.pfx  
     inflating: /var/folders/bq/wnhbwrkx4dx1q2c27c8v6wkh0000gp/T/d20250528-34223-1g68rg/sqlite-src-3450300/configure.ac  
      creating: /private/var/folders/bq/wnhbwrkx4dx1q2c27c8v6wkh0000gp/T/d20250528-34223-1g68rg/sqlite-src-3450300/doc
     inflating: /var/folders/bq/wnhbwrkx4dx1q2c27c8v6wkh0000gp/T/d20250528-34223-1g68rg/sqlite-src-3450300/doc/vfs-shm.txt  
     inflating: /var/folders/bq/wnhbwrkx4dx1q2c27c8v6wkh0000gp/T/d20250528-34223-1g68rg/sqlite-src-3450300/doc/trusted-schema.md  
     inflating: /var/folders/bq/wnhbwrkx4dx1q2c27c8v6wkh0000gp/T/d20250528-34223-1g68rg/sqlite-src-3450300/doc/jsonb.md  
     inflating: /var/folders/bq/wnhbwrkx4dx1q2c27c8v6wkh0000gp/T/d20250528-34223-1g68rg/sqlite-src-3450300/doc/vdbesort-memory.md  
     inflating: /var/folders/bq/wnhbwrkx4dx1q2c27c8v6wkh0000gp/T/d20250528-34223-1g68rg/sqlite-src-3450300/doc/json-enhancements.md  
     inflating: /var/folders/bq/wnhbwrkx4dx1q2c27c8v6wkh0000gp/T/d20250528-34223-1g68rg/sqlite-src-3450300/doc/testrunner.md  
     inflating: /var/folders/bq/wnhbwrkx4dx1q2c27c8v6wkh0000gp/T/d20250528-34223-1g68rg/sqlite-src-3450300/doc/lemon.html  
     inflating: /var/folders/bq/wnhbwrkx4dx1q2c27c8v6wkh0000gp/T/d20250528-34223-1g68rg/sqlite-src-3450300/doc/pager-invariants.txt  
     inflating: /var/folders/bq/wnhbwrkx4dx1q2c27c8v6wkh0000gp/T/d20250528-34223-1g68rg/sqlite-src-3450300/doc/compile-for-windows.md  
     inflating: /var/folders/bq/wnhbwrkx4dx1q2c27c8v6wkh0000gp/T/d20250528-34223-1g68rg/sqlite-src-3450300/doc/F2FS.txt  
     inflating: /var/folders/bq/wnhbwrkx4dx1q2c27c8v6wkh0000gp/T/d20250528-34223-1g68rg/sqlite-src-3450300/doc/wal-lock.md  
     inflating: /var/folders/bq/wnhbwrkx4dx1q2c27c8v6wkh0000gp/T/d20250528-34223-1g68rg/sqlite-src-3450300/sqlite.pc.in  
     inflating: /var/folders/bq/wnhbwrkx4dx1q2c27c8v6wkh0000gp/T/d20250528-34223-1g68rg/sqlite-src-3450300/sqlite_cfg.h.in  
      creating: /private/var/folders/bq/wnhbwrkx4dx1q2c27c8v6wkh0000gp/T/d20250528-34223-1g68rg/sqlite-src-3450300/compat
      creating: /private/var/folders/bq/wnhbwrkx4dx1q2c27c8v6wkh0000gp/T/d20250528-34223-1g68rg/sqlite-src-3450300/tool
     inflating: /var/folders/bq/wnhbwrkx4dx1q2c27c8v6wkh0000gp/T/d20250528-34223-1g68rg/sqlite-src-3450300/tool/pagesig.c  
     inflating: /var/folders/bq/wnhbwrkx4dx1q2c27c8v6wkh0000gp/T/d20250528-34223-1g68rg/sqlite-src-3450300/tool/mkopcodec.tcl  
     inflating: /var/folders/bq/wnhbwrkx4dx1q2c27c8v6wkh0000gp/T/d20250528-34223-1g68rg/sqlite-src-3450300/tool/speedtest16.c  
     inflating: /var/folders/bq/wnhbwrkx4dx1q2c27c8v6wkh0000gp/T/d20250528-34223-1g68rg/sqlite-src-3450300/tool/sqltclsh.c.in  
     inflating: /var/folders/bq/wnhbwrkx4dx1q2c27c8v6wkh0000gp/T/d20250528-34223-1g68rg/sqlite-src-3450300/tool/srctree-check.tcl  
     inflating: /var/folders/bq/wnhbwrkx4dx1q2c27c8v6wkh0000gp/T/d20250528-34223-1g68rg/sqlite-src-3450300/tool/run-speed-test.sh  
     inflating: /var/folders/bq/wnhbwrkx4dx1q2c27c8v6wkh0000gp/T/d20250528-34223-1g68rg/sqlite-src-3450300/tool/mktoolzip.tcl  
     inflating: /var/folders/bq/wnhbwrkx4dx1q2c27c8v6wkh0000gp/T/d20250528-34223-1g68rg/sqlite-src-3450300/tool/lemon.c  
     inflating: /var/folders/bq/wnhbwrkx4dx1q2c27c8v6wkh0000gp/T/d20250528-34223-1g68rg/sqlite-src-3450300/tool/mksqlite3c-noext.tcl  
     inflating: /var/folders/bq/wnhbwrkx4dx1q2c27c8v6wkh0000gp/T/d20250528-34223-1g68rg/sqlite-src-3450300/tool/mkopts.tcl  
     inflating: /var/folders/bq/wnhbwrkx4dx1q2c27c8v6wkh0000gp/T/d20250528-34223-1g68rg/sqlite-src-3450300/tool/showshm.c  
     inflating: /var/folders/bq/wnhbwrkx4dx1q2c27c8v6wkh0000gp/T/d20250528-34223-1g68rg/sqlite-src-3450300/tool/loadfts.c  
     inflating: /var/folders/bq/wnhbwrkx4dx1q2c27c8v6wkh0000gp/T/d20250528-34223-1g68rg/sqlite-src-3450300/tool/mkmsvcmin.tcl  
     inflating: /var/folders/bq/wnhbwrkx4dx1q2c27c8v6wkh0000gp/T/d20250528-34223-1g68rg/sqlite-src-3450300/tool/stack_usage.tcl  
     inflating: /var/folders/bq/wnhbwrkx4dx1q2c27c8v6wkh0000gp/T/d20250528-34223-1g68rg/sqlite-src-3450300/tool/custom.txt  
     inflating: /var/folders/bq/wnhbwrkx4dx1q2c27c8v6wkh0000gp/T/d20250528-34223-1g68rg/sqlite-src-3450300/tool/index_usage.c  
     inflating: /var/folders/bq/wnhbwrkx4dx1q2c27c8v6wkh0000gp/T/d20250528-34223-1g68rg/sqlite-src-3450300/tool/enlargedb.c  
     inflating: /var/folders/bq/wnhbwrkx4dx1q2c27c8v6wkh0000gp/T/d20250528-34223-1g68rg/sqlite-src-3450300/tool/rollback-test.c  
     inflating: /var/folders/bq/wnhbwrkx4dx1q2c27c8v6wkh0000gp/T/d20250528-34223-1g68rg/sqlite-src-3450300/tool/symbols.sh  
     inflating: /var/folders/bq/wnhbwrkx4dx1q2c27c8v6wkh0000gp/T/d20250528-34223-1g68rg/sqlite-src-3450300/tool/speedtest.tcl  
     inflating: /var/folders/bq/wnhbwrkx4dx1q2c27c8v6wkh0000gp/T/d20250528-34223-1g68rg/sqlite-src-3450300/tool/GetFile.cs  
     inflating: /var/folders/bq/wnhbwrkx4dx1q2c27c8v6wkh0000gp/T/d20250528-34223-1g68rg/sqlite-src-3450300/tool/mkvsix.tcl  
     inflating: /var/folders/bq/wnhbwrkx4dx1q2c27c8v6wkh0000gp/T/d20250528-34223-1g68rg/sqlite-src-3450300/tool/speedtest8inst1.c  
     inflating: /var/folders/bq/wnhbwrkx4dx1q2c27c8v6wkh0000gp/T/d20250528-34223-1g68rg/sqlite-src-3450300/tool/logest.c  
     inflating: /var/folders/bq/wnhbwrkx4dx1q2c27c8v6wkh0000gp/T/d20250528-34223-1g68rg/sqlite-src-3450300/tool/showlocks.c  
     inflating: /var/folders/bq/wnhbwrkx4dx1q2c27c8v6wkh0000gp/T/d20250528-34223-1g68rg/sqlite-src-3450300/tool/lempar.c  
     inflating: /var/folders/bq/wnhbwrkx4dx1q2c27c8v6wkh0000gp/T/d20250528-34223-1g68rg/sqlite-src-3450300/tool/symbols-mingw.sh  
     inflating: /var/folders/bq/wnhbwrkx4dx1q2c27c8v6wkh0000gp/T/d20250528-34223-1g68rg/sqlite-src-3450300/tool/split-sqlite3c.tcl  
     inflating: /var/folders/bq/wnhbwrkx4dx1q2c27c8v6wkh0000gp/T/d20250528-34223-1g68rg/sqlite-src-3450300/tool/speedtest2.tcl  
     inflating: /var/folders/bq/wnhbwrkx4dx1q2c27c8v6wkh0000gp/T/d20250528-34223-1g68rg/sqlite-src-3450300/tool/showstat4.c  
     inflating: /var/folders/bq/wnhbwrkx4dx1q2c27c8v6wkh0000gp/T/d20250528-34223-1g68rg/sqlite-src-3450300/tool/speed-check.sh  
     inflating: /var/folders/bq/wnhbwrkx4dx1q2c27c8v6wkh0000gp/T/d20250528-34223-1g68rg/sqlite-src-3450300/tool/GetTclKit.bat  
     inflating: /var/folders/bq/wnhbwrkx4dx1q2c27c8v6wkh0000gp/T/d20250528-34223-1g68rg/sqlite-src-3450300/tool/merge-test.tcl  
     inflating: /var/folders/bq/wnhbwrkx4dx1q2c27c8v6wkh0000gp/T/d20250528-34223-1g68rg/sqlite-src-3450300/tool/showdb.c  
     inflating: /var/folders/bq/wnhbwrkx4dx1q2c27c8v6wkh0000gp/T/d20250528-34223-1g68rg/sqlite-src-3450300/tool/mkccode.tcl  
     inflating: /var/folders/bq/wnhbwrkx4dx1q2c27c8v6wkh0000gp/T/d20250528-34223-1g68rg/sqlite-src-3450300/tool/version-info.c  
     inflating: /var/folders/bq/wnhbwrkx4dx1q2c27c8v6wkh0000gp/T/d20250528-34223-1g68rg/sqlite-src-3450300/tool/warnings-clang.sh  
     inflating: /var/folders/bq/wnhbwrkx4dx1q2c27c8v6wkh0000gp/T/d20250528-34223-1g68rg/sqlite-src-3450300/tool/omittest-msvc.tcl  
     inflating: /var/folders/bq/wnhbwrkx4dx1q2c27c8v6wkh0000gp/T/d20250528-34223-1g68rg/sqlite-src-3450300/tool/build-all-msvc.bat  
     inflating: /var/folders/bq/wnhbwrkx4dx1q2c27c8v6wkh0000gp/T/d20250528-34223-1g68rg/sqlite-src-3450300/tool/mkspeedsql.tcl  
     inflating: /var/folders/bq/wnhbwrkx4dx1q2c27c8v6wkh0000gp/T/d20250528-34223-1g68rg/sqlite-src-3450300/tool/vdbe-compress.tcl  
     inflating: /var/folders/bq/wnhbwrkx4dx1q2c27c8v6wkh0000gp/T/d20250528-34223-1g68rg/sqlite-src-3450300/tool/max-limits.c  
      creating: /private/var/folders/bq/wnhbwrkx4dx1q2c27c8v6wkh0000gp/T/d20250528-34223-1g68rg/sqlite-src-3450300/tool/win
     inflating: /var/folders/bq/wnhbwrkx4dx1q2c27c8v6wkh0000gp/T/d20250528-34223-1g68rg/sqlite-src-3450300/tool/win/sqlite.vsix  
     inflating: /var/folders/bq/wnhbwrkx4dx1q2c27c8v6wkh0000gp/T/d20250528-34223-1g68rg/sqlite-src-3450300/tool/sqlite3_analyzer.c.in  
     inflating: /var/folders/bq/wnhbwrkx4dx1q2c27c8v6wkh0000gp/T/d20250528-34223-1g68rg/sqlite-src-3450300/tool/spaceanal.tcl  
     inflating: /var/folders/bq/wnhbwrkx4dx1q2c27c8v6wkh0000gp/T/d20250528-34223-1g68rg/sqlite-src-3450300/tool/build-shell.sh  
     inflating: /var/folders/bq/wnhbwrkx4dx1q2c27c8v6wkh0000gp/T/d20250528-34223-1g68rg/sqlite-src-3450300/tool/offsets.c  
     inflating: /var/folders/bq/wnhbwrkx4dx1q2c27c8v6wkh0000gp/T/d20250528-34223-1g68rg/sqlite-src-3450300/tool/cktclsh.sh  
     inflating: /var/folders/bq/wnhbwrkx4dx1q2c27c8v6wkh0000gp/T/d20250528-34223-1g68rg/sqlite-src-3450300/tool/speedtest8.c  
     inflating: /var/folders/bq/wnhbwrkx4dx1q2c27c8v6wkh0000gp/T/d20250528-34223-1g68rg/sqlite-src-3450300/tool/restore_jrnl.tcl  
     inflating: /var/folders/bq/wnhbwrkx4dx1q2c27c8v6wkh0000gp/T/d20250528-34223-1g68rg/sqlite-src-3450300/tool/fast_vacuum.c  
     inflating: /var/folders/bq/wnhbwrkx4dx1q2c27c8v6wkh0000gp/T/d20250528-34223-1g68rg/sqlite-src-3450300/tool/mksourceid.c  
     inflating: /var/folders/bq/wnhbwrkx4dx1q2c27c8v6wkh0000gp/T/d20250528-34223-1g68rg/sqlite-src-3450300/tool/mkkeywordhash.c  
     inflating: /var/folders/bq/wnhbwrkx4dx1q2c27c8v6wkh0000gp/T/d20250528-34223-1g68rg/sqlite-src-3450300/tool/warnings.sh  
     inflating: /var/folders/bq/wnhbwrkx4dx1q2c27c8v6wkh0000gp/T/d20250528-34223-1g68rg/sqlite-src-3450300/tool/libvers.c  
     inflating: /var/folders/bq/wnhbwrkx4dx1q2c27c8v6wkh0000gp/T/d20250528-34223-1g68rg/sqlite-src-3450300/tool/showjournal.c  
     inflating: /var/folders/bq/wnhbwrkx4dx1q2c27c8v6wkh0000gp/T/d20250528-34223-1g68rg/sqlite-src-3450300/tool/cg_anno.tcl  
     inflating: /var/folders/bq/wnhbwrkx4dx1q2c27c8v6wkh0000gp/T/d20250528-34223-1g68rg/sqlite-src-3450300/tool/omittest.tcl  
     inflating: /var/folders/bq/wnhbwrkx4dx1q2c27c8v6wkh0000gp/T/d20250528-34223-1g68rg/sqlite-src-3450300/tool/extract.c  
     inflating: /var/folders/bq/wnhbwrkx4dx1q2c27c8v6wkh0000gp/T/d20250528-34223-1g68rg/sqlite-src-3450300/tool/sqldiff.c  
     inflating: /var/folders/bq/wnhbwrkx4dx1q2c27c8v6wkh0000gp/T/d20250528-34223-1g68rg/sqlite-src-3450300/tool/mksqlite3h.tcl  
     inflating: /var/folders/bq/wnhbwrkx4dx1q2c27c8v6wkh0000gp/T/d20250528-34223-1g68rg/sqlite-src-3450300/tool/dbtotxt.c  
     inflating: /var/folders/bq/wnhbwrkx4dx1q2c27c8v6wkh0000gp/T/d20250528-34223-1g68rg/sqlite-src-3450300/tool/mkctimec.tcl  
     inflating: /var/folders/bq/wnhbwrkx4dx1q2c27c8v6wkh0000gp/T/d20250528-34223-1g68rg/sqlite-src-3450300/tool/varint.c  
     inflating: /var/folders/bq/wnhbwrkx4dx1q2c27c8v6wkh0000gp/T/d20250528-34223-1g68rg/sqlite-src-3450300/tool/dbtotxt.md  
     inflating: /var/folders/bq/wnhbwrkx4dx1q2c27c8v6wkh0000gp/T/d20250528-34223-1g68rg/sqlite-src-3450300/tool/sqltclsh.tcl  
     inflating: /var/folders/bq/wnhbwrkx4dx1q2c27c8v6wkh0000gp/T/d20250528-34223-1g68rg/sqlite-src-3450300/tool/srcck1.c  
     inflating: /var/folders/bq/wnhbwrkx4dx1q2c27c8v6wkh0000gp/T/d20250528-34223-1g68rg/sqlite-src-3450300/tool/mkautoconfamal.sh  
     inflating: /var/folders/bq/wnhbwrkx4dx1q2c27c8v6wkh0000gp/T/d20250528-34223-1g68rg/sqlite-src-3450300/tool/src-verify.c  
     inflating: /var/folders/bq/wnhbwrkx4dx1q2c27c8v6wkh0000gp/T/d20250528-34223-1g68rg/sqlite-src-3450300/tool/replace.tcl  
     inflating: /var/folders/bq/wnhbwrkx4dx1q2c27c8v6wkh0000gp/T/d20250528-34223-1g68rg/sqlite-src-3450300/tool/fragck.tcl  
     inflating: /var/folders/bq/wnhbwrkx4dx1q2c27c8v6wkh0000gp/T/d20250528-34223-1g68rg/sqlite-src-3450300/tool/fuzzershell.c  
     inflating: /var/folders/bq/wnhbwrkx4dx1q2c27c8v6wkh0000gp/T/d20250528-34223-1g68rg/sqlite-src-3450300/tool/genfkey.test  
     inflating: /var/folders/bq/wnhbwrkx4dx1q2c27c8v6wkh0000gp/T/d20250528-34223-1g68rg/sqlite-src-3450300/tool/opcodesum.tcl  
     inflating: /var/folders/bq/wnhbwrkx4dx1q2c27c8v6wkh0000gp/T/d20250528-34223-1g68rg/sqlite-src-3450300/tool/checkSpacing.c  
     inflating: /var/folders/bq/wnhbwrkx4dx1q2c27c8v6wkh0000gp/T/d20250528-34223-1g68rg/sqlite-src-3450300/tool/mksqlite3internalh.tcl  
     inflating: /var/folders/bq/wnhbwrkx4dx1q2c27c8v6wkh0000gp/T/d20250528-34223-1g68rg/sqlite-src-3450300/tool/mkpragmatab.tcl  
     inflating: /var/folders/bq/wnhbwrkx4dx1q2c27c8v6wkh0000gp/T/d20250528-34223-1g68rg/sqlite-src-3450300/tool/spellsift.tcl  
     inflating: /var/folders/bq/wnhbwrkx4dx1q2c27c8v6wkh0000gp/T/d20250528-34223-1g68rg/sqlite-src-3450300/tool/extract-sqlite3h.tcl  
     inflating: /var/folders/bq/wnhbwrkx4dx1q2c27c8v6wkh0000gp/T/d20250528-34223-1g68rg/sqlite-src-3450300/tool/soak1.tcl  
     inflating: /var/folders/bq/wnhbwrkx4dx1q2c27c8v6wkh0000gp/T/d20250528-34223-1g68rg/sqlite-src-3450300/tool/mkopcodeh.tcl  
     inflating: /var/folders/bq/wnhbwrkx4dx1q2c27c8v6wkh0000gp/T/d20250528-34223-1g68rg/sqlite-src-3450300/tool/showwal.c  
     inflating: /var/folders/bq/wnhbwrkx4dx1q2c27c8v6wkh0000gp/T/d20250528-34223-1g68rg/sqlite-src-3450300/tool/Replace.cs  
     inflating: /var/folders/bq/wnhbwrkx4dx1q2c27c8v6wkh0000gp/T/d20250528-34223-1g68rg/sqlite-src-3450300/tool/mksqlite3c.tcl  
     inflating: /var/folders/bq/wnhbwrkx4dx1q2c27c8v6wkh0000gp/T/d20250528-34223-1g68rg/sqlite-src-3450300/tool/stripccomments.c  
     inflating: /var/folders/bq/wnhbwrkx4dx1q2c27c8v6wkh0000gp/T/d20250528-34223-1g68rg/sqlite-src-3450300/tool/getlock.c  
     inflating: /var/folders/bq/wnhbwrkx4dx1q2c27c8v6wkh0000gp/T/d20250528-34223-1g68rg/sqlite-src-3450300/tool/kvtest-speed.sh  
     inflating: /var/folders/bq/wnhbwrkx4dx1q2c27c8v6wkh0000gp/T/d20250528-34223-1g68rg/sqlite-src-3450300/tool/mkshellc.tcl  
     inflating: /var/folders/bq/wnhbwrkx4dx1q2c27c8v6wkh0000gp/T/d20250528-34223-1g68rg/sqlite-src-3450300/tool/vdbe_profile.tcl  
     inflating: /var/folders/bq/wnhbwrkx4dx1q2c27c8v6wkh0000gp/T/d20250528-34223-1g68rg/sqlite-src-3450300/tool/dbhash.c  
     inflating: /var/folders/bq/wnhbwrkx4dx1q2c27c8v6wkh0000gp/T/d20250528-34223-1g68rg/sqlite-src-3450300/tool/genfkey.README  
     inflating: /var/folders/bq/wnhbwrkx4dx1q2c27c8v6wkh0000gp/T/d20250528-34223-1g68rg/sqlite-src-3450300/configure  
     inflating: /var/folders/bq/wnhbwrkx4dx1q2c27c8v6wkh0000gp/T/d20250528-34223-1g68rg/sqlite-src-3450300/spec.template  
      creating: /private/var/folders/bq/wnhbwrkx4dx1q2c27c8v6wkh0000gp/T/d20250528-34223-1g68rg/sqlite-src-3450300/.fossil-settings
    extracting: /var/folders/bq/wnhbwrkx4dx1q2c27c8v6wkh0000gp/T/d20250528-34223-1g68rg/sqlite-src-3450300/.fossil-settings/empty-dirs  
    extracting: /var/folders/bq/wnhbwrkx4dx1q2c27c8v6wkh0000gp/T/d20250528-34223-1g68rg/sqlite-src-3450300/.fossil-settings/ignore-glob  
      creating: /private/var/folders/bq/wnhbwrkx4dx1q2c27c8v6wkh0000gp/T/d20250528-34223-1g68rg/sqlite-src-3450300/contrib
     inflating: /var/folders/bq/wnhbwrkx4dx1q2c27c8v6wkh0000gp/T/d20250528-34223-1g68rg/sqlite-src-3450300/contrib/sqlitecon.tcl  
     inflating: /var/folders/bq/wnhbwrkx4dx1q2c27c8v6wkh0000gp/T/d20250528-34223-1g68rg/sqlite-src-3450300/Makefile.linux-gcc  
     inflating: /var/folders/bq/wnhbwrkx4dx1q2c27c8v6wkh0000gp/T/d20250528-34223-1g68rg/sqlite-src-3450300/sqlite3.pc.in  
  $ /usr/bin/rsync -a --exclude=.git --delete /var/folders/bq/wnhbwrkx4dx1q2c27c8v6wkh0000gp/T/d20250528-34223-1g68rg/ /Users/republicalatuya/Library/Caches/CocoaPods/Pods/Release/sqlite3/3.45.3+1-02d1f
 > Running prepare command
   $ /bin/bash -c  set -e cd sqlite-src-3450300 ./configure make sqlite3.c sqlite3.h sqlite3ext.h
   ./configure: line 623: test: /Users/republicalatuya/Library/Application: binary operator expected
   ./configure: line 623: test: /Users/republicalatuya/Library/Application: binary operator expected
   checking build system type... x86_64-apple-darwin24.4.0
   checking host system type... x86_64-apple-darwin24.4.0
   checking for gcc... gcc
   checking whether the C compiler works... yes
   checking for C compiler default output file name... a.out
   checking for suffix of executables... 
   checking whether we are cross compiling... no
   checking for suffix of object files... o
   checking whether we are using the GNU C compiler... yes
   checking whether gcc accepts -g... yes
   checking for gcc option to accept ISO C89... none needed
   checking for a sed that does not truncate output... /usr/bin/sed
   checking for grep that handles long lines and -e... /usr/bin/grep
   checking for egrep... /usr/bin/grep -E
   checking for fgrep... /usr/bin/grep -F
   checking for ld used by gcc... /Applications/Xcode.app/Contents/Developer/Toolchains/XcodeDefault.xctoolchain/usr/bin/ld
   checking if the linker (/Applications/Xcode.app/Contents/Developer/Toolchains/XcodeDefault.xctoolchain/usr/bin/ld) is GNU ld... no
   checking for BSD- or MS-compatible name lister (nm)... /usr/bin/nm -B
   checking the name lister (/usr/bin/nm -B) interface... BSD nm
   checking whether ln -s works... yes
   checking the maximum length of command line arguments... 786432
   checking whether the shell understands some XSI constructs... yes
   checking whether the shell understands "+="... yes
   checking for /Applications/Xcode.app/Contents/Developer/Toolchains/XcodeDefault.xctoolchain/usr/bin/ld option to reload object files... -r
   checking for objdump... objdump
   checking how to recognize dependent libraries... pass_all
   checking for ar... ar
   checking for strip... strip
   checking for ranlib... ranlib
   checking command to parse /usr/bin/nm -B output from gcc object... ok
   checking for dsymutil... dsymutil
   checking for nmedit... nmedit
   checking for lipo... lipo
   checking for otool... otool
   checking for otool64... no
   checking for -single_module linker flag... no
   checking for -exported_symbols_list linker flag... yes
   checking how to run the C preprocessor... gcc -E
   checking for ANSI C header files... yes
   checking for sys/types.h... yes
   checking for sys/stat.h... yes
   checking for stdlib.h... yes
   checking for string.h... yes
   checking for memory.h... yes
   checking for strings.h... yes
   checking for inttypes.h... yes
   checking for stdint.h... yes
   checking for unistd.h... yes
   checking for dlfcn.h... yes
   checking for objdir... .libs
   checking if gcc supports -fno-rtti -fno-exceptions... yes
   checking for gcc option to produce PIC... -fno-common -DPIC
   checking if gcc PIC flag -fno-common -DPIC works... yes
   checking if gcc static flag -static works... no
   checking if gcc supports -c -o file.o... yes
   checking if gcc supports -c -o file.o... (cached) yes
   checking whether the gcc linker (/Applications/Xcode.app/Contents/Developer/Toolchains/XcodeDefault.xctoolchain/usr/bin/ld) supports shared libraries... yes
   checking dynamic linker characteristics... darwin24.4.0 dyld
   checking how to hardcode library paths into programs... immediate
   checking whether stripping libraries is possible... yes
   checking if libtool supports shared libraries... yes
   checking whether to build shared libraries... yes
   checking whether to build static libraries... yes
   checking for a BSD-compatible install... /usr/bin/install -c
   checking for special C compiler options needed for large files... no
   checking for _FILE_OFFSET_BITS value needed for large files... no
   checking for int8_t... yes
   checking for int16_t... yes
   checking for int32_t... yes
   checking for int64_t... yes
   checking for intptr_t... yes
   checking for uint8_t... yes
   checking for uint16_t... yes
   checking for uint32_t... yes
   checking for uint64_t... yes
   checking for uintptr_t... yes
   checking for sys/types.h... (cached) yes
   checking for stdlib.h... (cached) yes
   checking for stdint.h... (cached) yes
   checking for inttypes.h... (cached) yes
   checking malloc.h usability... no
   checking malloc.h presence... no
   checking for malloc.h... no
   checking for fdatasync... yes
   checking for gmtime_r... yes
   checking for isnan... yes
   checking for localtime_r... yes
   checking for localtime_s... no
   checking for malloc_usable_size... no
   checking for strchrnul... yes
   checking for usleep... yes
   checking for utime... yes
   checking for pread... yes
   checking for pread64... no
   checking for pwrite... yes
   checking for pwrite64... no
   checking for tclsh8.7... no
   checking for tclsh8.6... tclsh8.6
   configure: Version set to 3.45
   configure: Release set to 3.45.3
   checking for WASI SDK directory... no
   checking whether to support threadsafe operation... yes
   checking for library containing pthread_create... none required
   checking for library containing pthread_mutexattr_init... none required
   checking whether to support shared library linked as release mode or not... no
   checking whether to use an in-ram database for temporary tables... no
   checking if executables have the .exe suffix... unknown
   checking for Tcl configuration... found /Users/republicalatuya/micromamba/lib/tclConfig.sh
   checking for existence of /Users/republicalatuya/micromamba/lib/tclConfig.sh... loading
   checking for library containing readline... -ledit
   not using linenoise
   checking for library containing fdatasync... none required
   checking build type... release
   checking zlib.h usability... yes
   checking zlib.h presence... yes
   checking for zlib.h... yes
   checking for library containing deflate... -lz
   checking for library containing dlopen... none required
   checking whether to support math functions... yes
   checking for library containing ceil... none required
   checking whether to support JSON functions... yes
   checking whether to support MEMSYS5... no
   checking whether to support MEMSYS3... no
   checking whether to support FTS3... no
   checking whether to support FTS4... no
   checking whether to support FTS5... no
   checking whether to support LIMIT on UPDATE and DELETE statements... no
   checking whether to support GEOPOLY... no
   checking whether to support RTREE... no
   checking whether to support SESSION... no
   configure: creating ./config.status
   config.status: creating Makefile
   config.status: creating sqlite3.pc
   config.status: creating sqlite_cfg.h
   config.status: executing libtool commands
   gcc  -g -O2 -o mkkeywordhash -DSQLITE_ENABLE_MATH_FUNCTIONS  /Users/republicalatuya/Library/Caches/CocoaPods/Pods/Release/sqlite3/3.45.3+1-02d1f/sqlite-src-3450300/tool/mkkeywordhash.c
   ./mkkeywordhash >keywordhash.h
   gcc  -g -O2 -o lemon /Users/republicalatuya/Library/Caches/CocoaPods/Pods/Release/sqlite3/3.45.3+1-02d1f/sqlite-src-3450300/tool/lemon.c
   cp /Users/republicalatuya/Library/Caches/CocoaPods/Pods/Release/sqlite3/3.45.3+1-02d1f/sqlite-src-3450300/tool/lempar.c .
   cp /Users/republicalatuya/Library/Caches/CocoaPods/Pods/Release/sqlite3/3.45.3+1-02d1f/sqlite-src-3450300/src/parse.y .
   ./lemon -DSQLITE_ENABLE_MATH_FUNCTIONS  -S parse.y
   sh /Users/republicalatuya/Library/Caches/CocoaPods/Pods/Release/sqlite3/3.45.3+1-02d1f/sqlite-src-3450300/tool/cktclsh.sh 8.4 tclsh8.6
   touch has_tclsh84
   cat parse.h /Users/republicalatuya/Library/Caches/CocoaPods/Pods/Release/sqlite3/3.45.3+1-02d1f/sqlite-src-3450300/src/vdbe.c | tclsh8.6 /Users/republicalatuya/Library/Caches/CocoaPods/Pods/Release/sqlite3/3.45.3+1-02d1f/sqlite-src-3450300/tool/mkopcodeh.tcl >opcodes.h
   tclsh8.6 /Users/republicalatuya/Library/Caches/CocoaPods/Pods/Release/sqlite3/3.45.3+1-02d1f/sqlite-src-3450300/tool/mkopcodec.tcl opcodes.h >opcodes.c
   tclsh8.6 /Users/republicalatuya/Library/Caches/CocoaPods/Pods/Release/sqlite3/3.45.3+1-02d1f/sqlite-src-3450300/tool/mkshellc.tcl >shell.c
   gcc  -g -O2 -o mksourceid /Users/republicalatuya/Library/Caches/CocoaPods/Pods/Release/sqlite3/3.45.3+1-02d1f/sqlite-src-3450300/tool/mksourceid.c
   tclsh8.6 /Users/republicalatuya/Library/Caches/CocoaPods/Pods/Release/sqlite3/3.45.3+1-02d1f/sqlite-src-3450300/tool/mksqlite3h.tcl /Users/republicalatuya/Library/Caches/CocoaPods/Pods/Release/sqlite3/3.45.3+1-02d1f/sqlite-src-3450300 >sqlite3.h
   cp /Users/republicalatuya/Library/Caches/CocoaPods/Pods/Release/sqlite3/3.45.3+1-02d1f/sqlite-src-3450300/ext/fts5/fts5parse.y .
   rm -f fts5parse.h
   ./lemon  -S fts5parse.y
   tclsh8.6 /Users/republicalatuya/Library/Caches/CocoaPods/Pods/Release/sqlite3/3.45.3+1-02d1f/sqlite-src-3450300/ext/fts5/tool/mkfts5c.tcl
   cp /Users/republicalatuya/Library/Caches/CocoaPods/Pods/Release/sqlite3/3.45.3+1-02d1f/sqlite-src-3450300/ext/fts5/fts5.h .
   rm -rf tsrc
   mkdir tsrc
   cp -f /Users/republicalatuya/Library/Caches/CocoaPods/Pods/Release/sqlite3/3.45.3+1-02d1f/sqlite-src-3450300/src/alter.c /Users/republicalatuya/Library/Caches/CocoaPods/Pods/Release/sqlite3/3.45.3+1-02d1f/sqlite-src-3450300/src/analyze.c /Users/republicalatuya/Library/Caches/CocoaPods/Pods/Release/sqlite3/3.45.3+1-02d1f/sqlite-src-3450300/src/attach.c /Users/republicalatuya/Library/Caches/CocoaPods/Pods/Release/sqlite3/3.45.3+1-02d1f/sqlite-src-3450300/src/auth.c /Users/republicalatuya/Library/Caches/CocoaPods/Pods/Release/sqlite3/3.45.3+1-02d1f/sqlite-src-3450300/src/backup.c /Users/republicalatuya/Library/Caches/CocoaPods/Pods/Release/sqlite3/3.45.3+1-02d1f/sqlite-src-3450300/src/bitvec.c /Users/republicalatuya/Library/Caches/CocoaPods/Pods/Release/sqlite3/3.45.3+1-02d1f/sqlite-src-3450300/src/btmutex.c /Users/republicalatuya/Library/Caches/CocoaPods/Pods/Release/sqlite3/3.45.3+1-02d1f/sqlite-src-3450300/src/btree.c /Users/republicalatuya/Library/Caches/CocoaPods/Pods/Release/sqlite3/3.45.3+1-02d1f/sqlite-src-3450300/src/btree.h /Users/republicalatuya/Library/Caches/CocoaPods/Pods/Release/sqlite3/3.45.3+1-02d1f/sqlite-src-3450300/src/btreeInt.h /Users/republicalatuya/Library/Caches/CocoaPods/Pods/Release/sqlite3/3.45.3+1-02d1f/sqlite-src-3450300/src/build.c /Users/republicalatuya/Library/Caches/CocoaPods/Pods/Release/sqlite3/3.45.3+1-02d1f/sqlite-src-3450300/src/callback.c /Users/republicalatuya/Library/Caches/CocoaPods/Pods/Release/sqlite3/3.45.3+1-02d1f/sqlite-src-3450300/src/complete.c /Users/republicalatuya/Library/Caches/CocoaPods/Pods/Release/sqlite3/3.45.3+1-02d1f/sqlite-src-3450300/src/ctime.c /Users/republicalatuya/Library/Caches/CocoaPods/Pods/Release/sqlite3/3.45.3+1-02d1f/sqlite-src-3450300/src/date.c /Users/republicalatuya/Library/Caches/CocoaPods/Pods/Release/sqlite3/3.45.3+1-02d1f/sqlite-src-3450300/src/dbpage.c /Users/republicalatuya/Library/Caches/CocoaPods/Pods/Release/sqlite3/3.45.3+1-02d1f/sqlite-src-3450300/src/dbstat.c /Users/republicalatuya/Library/Caches/CocoaPods/Pods/Release/sqlite3/3.45.3+1-02d1f/sqlite-src-3450300/src/delete.c /Users/republicalatuya/Library/Caches/CocoaPods/Pods/Release/sqlite3/3.45.3+1-02d1f/sqlite-src-3450300/src/expr.c /Users/republicalatuya/Library/Caches/CocoaPods/Pods/Release/sqlite3/3.45.3+1-02d1f/sqlite-src-3450300/src/fault.c /Users/republicalatuya/Library/Caches/CocoaPods/Pods/Release/sqlite3/3.45.3+1-02d1f/sqlite-src-3450300/src/fkey.c /Users/republicalatuya/Library/Caches/CocoaPods/Pods/Release/sqlite3/3.45.3+1-02d1f/sqlite-src-3450300/src/func.c /Users/republicalatuya/Library/Caches/CocoaPods/Pods/Release/sqlite3/3.45.3+1-02d1f/sqlite-src-3450300/src/global.c /Users/republicalatuya/Library/Caches/CocoaPods/Pods/Release/sqlite3/3.45.3+1-02d1f/sqlite-src-3450300/src/hash.c /Users/republicalatuya/Library/Caches/CocoaPods/Pods/Release/sqlite3/3.45.3+1-02d1f/sqlite-src-3450300/src/hash.h /Users/republicalatuya/Library/Caches/CocoaPods/Pods/Release/sqlite3/3.45.3+1-02d1f/sqlite-src-3450300/src/hwtime.h /Users/republicalatuya/Library/Caches/CocoaPods/Pods/Release/sqlite3/3.45.3+1-02d1f/sqlite-src-3450300/src/insert.c /Users/republicalatuya/Library/Caches/CocoaPods/Pods/Release/sqlite3/3.45.3+1-02d1f/sqlite-src-3450300/src/json.c /Users/republicalatuya/Library/Caches/CocoaPods/Pods/Release/sqlite3/3.45.3+1-02d1f/sqlite-src-3450300/src/legacy.c /Users/republicalatuya/Library/Caches/CocoaPods/Pods/Release/sqlite3/3.45.3+1-02d1f/sqlite-src-3450300/src/loadext.c /Users/republicalatuya/Library/Caches/CocoaPods/Pods/Release/sqlite3/3.45.3+1-02d1f/sqlite-src-3450300/src/main.c /Users/republicalatuya/Library/Caches/CocoaPods/Pods/Release/sqlite3/3.45.3+1-02d1f/sqlite-src-3450300/src/malloc.c /Users/republicalatuya/Library/Caches/CocoaPods/Pods/Release/sqlite3/3.45.3+1-02d1f/sqlite-src-3450300/src/mem0.c /Users/republicalatuya/Library/Caches/CocoaPods/Pods/Release/sqlite3/3.45.3+1-02d1f/sqlite-src-3450300/src/mem1.c /Users/republicalatuya/Library/Caches/CocoaPods/Pods/Release/sqlite3/3.45.3+1-02d1f/sqlite-src-3450300/src/mem2.c /Users/republicalatuya/Library/Caches/CocoaPods/Pods/Release/sqlite3/3.45.3+1-02d1f/sqlite-src-3450300/src/mem3.c /Users/republicalatuya/Library/Caches/CocoaPods/Pods/Release/sqlite3/3.45.3+1-02d1f/sqlite-src-3450300/src/mem5.c /Users/republicalatuya/Library/Caches/CocoaPods/Pods/Release/sqlite3/3.45.3+1-02d1f/sqlite-src-3450300/src/memdb.c /Users/republicalatuya/Library/Caches/CocoaPods/Pods/Release/sqlite3/3.45.3+1-02d1f/sqlite-src-3450300/src/memjournal.c /Users/republicalatuya/Library/Caches/CocoaPods/Pods/Release/sqlite3/3.45.3+1-02d1f/sqlite-src-3450300/src/msvc.h /Users/republicalatuya/Library/Caches/CocoaPods/Pods/Release/sqlite3/3.45.3+1-02d1f/sqlite-src-3450300/src/mutex.c /Users/republicalatuya/Library/Caches/CocoaPods/Pods/Release/sqlite3/3.45.3+1-02d1f/sqlite-src-3450300/src/mutex.h /Users/republicalatuya/Library/Caches/CocoaPods/Pods/Release/sqlite3/3.45.3+1-02d1f/sqlite-src-3450300/src/mutex_noop.c /Users/republicalatuya/Library/Caches/CocoaPods/Pods/Release/sqlite3/3.45.3+1-02d1f/sqlite-src-3450300/src/mutex_unix.c /Users/republicalatuya/Library/Caches/CocoaPods/Pods/Release/sqlite3/3.45.3+1-02d1f/sqlite-src-3450300/src/mutex_w32.c /Users/republicalatuya/Library/Caches/CocoaPods/Pods/Release/sqlite3/3.45.3+1-02d1f/sqlite-src-3450300/src/notify.c /Users/republicalatuya/Library/Caches/CocoaPods/Pods/Release/sqlite3/3.45.3+1-02d1f/sqlite-src-3450300/src/os.c /Users/republicalatuya/Library/Caches/CocoaPods/Pods/Release/sqlite3/3.45.3+1-02d1f/sqlite-src-3450300/src/os.h /Users/republicalatuya/Library/Caches/CocoaPods/Pods/Release/sqlite3/3.45.3+1-02d1f/sqlite-src-3450300/src/os_common.h /Users/republicalatuya/Library/Caches/CocoaPods/Pods/Release/sqlite3/3.45.3+1-02d1f/sqlite-src-3450300/src/os_setup.h /Users/republicalatuya/Library/Caches/CocoaPods/Pods/Release/sqlite3/3.45.3+1-02d1f/sqlite-src-3450300/src/os_kv.c /Users/republicalatuya/Library/Caches/CocoaPods/Pods/Release/sqlite3/3.45.3+1-02d1f/sqlite-src-3450300/src/os_unix.c /Users/republicalatuya/Library/Caches/CocoaPods/Pods/Release/sqlite3/3.45.3+1-02d1f/sqlite-src-3450300/src/os_win.c /Users/republicalatuya/Library/Caches/CocoaPods/Pods/Release/sqlite3/3.45.3+1-02d1f/sqlite-src-3450300/src/os_win.h /Users/republicalatuya/Library/Caches/CocoaPods/Pods/Release/sqlite3/3.45.3+1-02d1f/sqlite-src-3450300/src/pager.c /Users/republicalatuya/Library/Caches/CocoaPods/Pods/Release/sqlite3/3.45.3+1-02d1f/sqlite-src-3450300/src/pager.h /Users/republicalatuya/Library/Caches/CocoaPods/Pods/Release/sqlite3/3.45.3+1-02d1f/sqlite-src-3450300/src/parse.y /Users/republicalatuya/Library/Caches/CocoaPods/Pods/Release/sqlite3/3.45.3+1-02d1f/sqlite-src-3450300/src/pcache.c /Users/republicalatuya/Library/Caches/CocoaPods/Pods/Release/sqlite3/3.45.3+1-02d1f/sqlite-src-3450300/src/pcache.h /Users/republicalatuya/Library/Caches/CocoaPods/Pods/Release/sqlite3/3.45.3+1-02d1f/sqlite-src-3450300/src/pcache1.c /Users/republicalatuya/Library/Caches/CocoaPods/Pods/Release/sqlite3/3.45.3+1-02d1f/sqlite-src-3450300/src/pragma.c /Users/republicalatuya/Library/Caches/CocoaPods/Pods/Release/sqlite3/3.45.3+1-02d1f/sqlite-src-3450300/src/pragma.h /Users/republicalatuya/Library/Caches/CocoaPods/Pods/Release/sqlite3/3.45.3+1-02d1f/sqlite-src-3450300/src/prepare.c /Users/republicalatuya/Library/Caches/CocoaPods/Pods/Release/sqlite3/3.45.3+1-02d1f/sqlite-src-3450300/src/printf.c /Users/republicalatuya/Library/Caches/CocoaPods/Pods/Release/sqlite3/3.45.3+1-02d1f/sqlite-src-3450300/src/random.c /Users/republicalatuya/Library/Caches/CocoaPods/Pods/Release/sqlite3/3.45.3+1-02d1f/sqlite-src-3450300/src/resolve.c /Users/republicalatuya/Library/Caches/CocoaPods/Pods/Release/sqlite3/3.45.3+1-02d1f/sqlite-src-3450300/src/rowset.c /Users/republicalatuya/Library/Caches/CocoaPods/Pods/Release/sqlite3/3.45.3+1-02d1f/sqlite-src-3450300/src/select.c /Users/republicalatuya/Library/Caches/CocoaPods/Pods/Release/sqlite3/3.45.3+1-02d1f/sqlite-src-3450300/src/status.c /Users/republicalatuya/Library/Caches/CocoaPods/Pods/Release/sqlite3/3.45.3+1-02d1f/sqlite-src-3450300/src/shell.c.in /Users/republicalatuya/Library/Caches/CocoaPods/Pods/Release/sqlite3/3.45.3+1-02d1f/sqlite-src-3450300/src/sqlite.h.in /Users/republicalatuya/Library/Caches/CocoaPods/Pods/Release/sqlite3/3.45.3+1-02d1f/sqlite-src-3450300/src/sqlite3ext.h /Users/republicalatuya/Library/Caches/CocoaPods/Pods/Release/sqlite3/3.45.3+1-02d1f/sqlite-src-3450300/src/sqliteInt.h /Users/republicalatuya/Library/Caches/CocoaPods/Pods/Release/sqlite3/3.45.3+1-02d1f/sqlite-src-3450300/src/sqliteLimit.h /Users/republicalatuya/Library/Caches/CocoaPods/Pods/Release/sqlite3/3.45.3+1-02d1f/sqlite-src-3450300/src/table.c /Users/republicalatuya/Library/Caches/CocoaPods/Pods/Release/sqlite3/3.45.3+1-02d1f/sqlite-src-3450300/src/tclsqlite.c /Users/republicalatuya/Library/Caches/CocoaPods/Pods/Release/sqlite3/3.45.3+1-02d1f/sqlite-src-3450300/src/threads.c /Users/republicalatuya/Library/Caches/CocoaPods/Pods/Release/sqlite3/3.45.3+1-02d1f/sqlite-src-3450300/src/tokenize.c /Users/republicalatuya/Library/Caches/CocoaPods/Pods/Release/sqlite3/3.45.3+1-02d1f/sqlite-src-3450300/src/treeview.c /Users/republicalatuya/Library/Caches/CocoaPods/Pods/Release/sqlite3/3.45.3+1-02d1f/sqlite-src-3450300/src/trigger.c /Users/republicalatuya/Library/Caches/CocoaPods/Pods/Release/sqlite3/3.45.3+1-02d1f/sqlite-src-3450300/src/utf.c /Users/republicalatuya/Library/Caches/CocoaPods/Pods/Release/sqlite3/3.45.3+1-02d1f/sqlite-src-3450300/src/update.c /Users/republicalatuya/Library/Caches/CocoaPods/Pods/Release/sqlite3/3.45.3+1-02d1f/sqlite-src-3450300/src/upsert.c /Users/republicalatuya/Library/Caches/CocoaPods/Pods/Release/sqlite3/3.45.3+1-02d1f/sqlite-src-3450300/src/util.c /Users/republicalatuya/Library/Caches/CocoaPods/Pods/Release/sqlite3/3.45.3+1-02d1f/sqlite-src-3450300/src/vacuum.c /Users/republicalatuya/Library/Caches/CocoaPods/Pods/Release/sqlite3/3.45.3+1-02d1f/sqlite-src-3450300/src/vdbe.c /Users/republicalatuya/Library/Caches/CocoaPods/Pods/Release/sqlite3/3.45.3+1-02d1f/sqlite-src-3450300/src/vdbe.h /Users/republicalatuya/Library/Caches/CocoaPods/Pods/Release/sqlite3/3.45.3+1-02d1f/sqlite-src-3450300/src/vdbeapi.c /Users/republicalatuya/Library/Caches/CocoaPods/Pods/Release/sqlite3/3.45.3+1-02d1f/sqlite-src-3450300/src/vdbeaux.c /Users/republicalatuya/Library/Caches/CocoaPods/Pods/Release/sqlite3/3.45.3+1-02d1f/sqlite-src-3450300/src/vdbeblob.c /Users/republicalatuya/Library/Caches/CocoaPods/Pods/Release/sqlite3/3.45.3+1-02d1f/sqlite-src-3450300/src/vdbemem.c /Users/republicalatuya/Library/Caches/CocoaPods/Pods/Release/sqlite3/3.45.3+1-02d1f/sqlite-src-3450300/src/vdbesort.c /Users/republicalatuya/Library/Caches/CocoaPods/Pods/Release/sqlite3/3.45.3+1-02d1f/sqlite-src-3450300/src/vdbetrace.c /Users/republicalatuya/Library/Caches/CocoaPods/Pods/Release/sqlite3/3.45.3+1-02d1f/sqlite-src-3450300/src/vdbevtab.c /Users/republicalatuya/Library/Caches/CocoaPods/Pods/Release/sqlite3/3.45.3+1-02d1f/sqlite-src-3450300/src/vdbeInt.h /Users/republicalatuya/Library/Caches/CocoaPods/Pods/Release/sqlite3/3.45.3+1-02d1f/sqlite-src-3450300/src/vtab.c /Users/republicalatuya/Library/Caches/CocoaPods/Pods/Release/sqlite3/3.45.3+1-02d1f/sqlite-src-3450300/src/vxworks.h /Users/republicalatuya/Library/Caches/CocoaPods/Pods/Release/sqlite3/3.45.3+1-02d1f/sqlite-src-3450300/src/wal.c /Users/republicalatuya/Library/Caches/CocoaPods/Pods/Release/sqlite3/3.45.3+1-02d1f/sqlite-src-3450300/src/wal.h /Users/republicalatuya/Library/Caches/CocoaPods/Pods/Release/sqlite3/3.45.3+1-02d1f/sqlite-src-3450300/src/walker.c /Users/republicalatuya/Library/Caches/CocoaPods/Pods/Release/sqlite3/3.45.3+1-02d1f/sqlite-src-3450300/src/where.c /Users/republicalatuya/Library/Caches/CocoaPods/Pods/Release/sqlite3/3.45.3+1-02d1f/sqlite-src-3450300/src/wherecode.c /Users/republicalatuya/Library/Caches/CocoaPods/Pods/Release/sqlite3/3.45.3+1-02d1f/sqlite-src-3450300/src/whereexpr.c /Users/republicalatuya/Library/Caches/CocoaPods/Pods/Release/sqlite3/3.45.3+1-02d1f/sqlite-src-3450300/src/whereInt.h /Users/republicalatuya/Library/Caches/CocoaPods/Pods/Release/sqlite3/3.45.3+1-02d1f/sqlite-src-3450300/src/window.c /Users/republicalatuya/Library/Caches/CocoaPods/Pods/Release/sqlite3/3.45.3+1-02d1f/sqlite-src-3450300/ext/fts3/fts3.c /Users/republicalatuya/Library/Caches/CocoaPods/Pods/Release/sqlite3/3.45.3+1-02d1f/sqlite-src-3450300/ext/fts3/fts3.h /Users/republicalatuya/Library/Caches/CocoaPods/Pods/Release/sqlite3/3.45.3+1-02d1f/sqlite-src-3450300/ext/fts3/fts3Int.h /Users/republicalatuya/Library/Caches/CocoaPods/Pods/Release/sqlite3/3.45.3+1-02d1f/sqlite-src-3450300/ext/fts3/fts3_aux.c /Users/republicalatuya/Library/Caches/CocoaPods/Pods/Release/sqlite3/3.45.3+1-02d1f/sqlite-src-3450300/ext/fts3/fts3_expr.c /Users/republicalatuya/Library/Caches/CocoaPods/Pods/Release/sqlite3/3.45.3+1-02d1f/sqlite-src-3450300/ext/fts3/fts3_hash.c /Users/republicalatuya/Library/Caches/CocoaPods/Pods/Release/sqlite3/3.45.3+1-02d1f/sqlite-src-3450300/ext/fts3/fts3_hash.h /Users/republicalatuya/Library/Caches/CocoaPods/Pods/Release/sqlite3/3.45.3+1-02d1f/sqlite-src-3450300/ext/fts3/fts3_icu.c /Users/republicalatuya/Library/Caches/CocoaPods/Pods/Release/sqlite3/3.45.3+1-02d1f/sqlite-src-3450300/ext/fts3/fts3_porter.c /Users/republicalatuya/Library/Caches/CocoaPods/Pods/Release/sqlite3/3.45.3+1-02d1f/sqlite-src-3450300/ext/fts3/fts3_snippet.c /Users/republicalatuya/Library/Caches/CocoaPods/Pods/Release/sqlite3/3.45.3+1-02d1f/sqlite-src-3450300/ext/fts3/fts3_tokenizer.h /Users/republicalatuya/Library/Caches/CocoaPods/Pods/Release/sqlite3/3.45.3+1-02d1f/sqlite-src-3450300/ext/fts3/fts3_tokenizer.c /Users/republicalatuya/Library/Caches/CocoaPods/Pods/Release/sqlite3/3.45.3+1-02d1f/sqlite-src-3450300/ext/fts3/fts3_tokenizer1.c /Users/republicalatuya/Library/Caches/CocoaPods/Pods/Release/sqlite3/3.45.3+1-02d1f/sqlite-src-3450300/ext/fts3/fts3_tokenize_vtab.c /Users/republicalatuya/Library/Caches/CocoaPods/Pods/Release/sqlite3/3.45.3+1-02d1f/sqlite-src-3450300/ext/fts3/fts3_unicode.c /Users/republicalatuya/Library/Caches/CocoaPods/Pods/Release/sqlite3/3.45.3+1-02d1f/sqlite-src-3450300/ext/fts3/fts3_unicode2.c /Users/republicalatuya/Library/Caches/CocoaPods/Pods/Release/sqlite3/3.45.3+1-02d1f/sqlite-src-3450300/ext/fts3/fts3_write.c /Users/republicalatuya/Library/Caches/CocoaPods/Pods/Release/sqlite3/3.45.3+1-02d1f/sqlite-src-3450300/ext/icu/sqliteicu.h /Users/republicalatuya/Library/Caches/CocoaPods/Pods/Release/sqlite3/3.45.3+1-02d1f/sqlite-src-3450300/ext/icu/icu.c /Users/republicalatuya/Library/Caches/CocoaPods/Pods/Release/sqlite3/3.45.3+1-02d1f/sqlite-src-3450300/ext/rtree/rtree.h /Users/republicalatuya/Library/Caches/CocoaPods/Pods/Release/sqlite3/3.45.3+1-02d1f/sqlite-src-3450300/ext/rtree/rtree.c /Users/republicalatuya/Library/Caches/CocoaPods/Pods/Release/sqlite3/3.45.3+1-02d1f/sqlite-src-3450300/ext/rtree/geopoly.c /Users/republicalatuya/Library/Caches/CocoaPods/Pods/Release/sqlite3/3.45.3+1-02d1f/sqlite-src-3450300/ext/session/sqlite3session.c /Users/republicalatuya/Library/Caches/CocoaPods/Pods/Release/sqlite3/3.45.3+1-02d1f/sqlite-src-3450300/ext/session/sqlite3session.h /Users/republicalatuya/Library/Caches/CocoaPods/Pods/Release/sqlite3/3.45.3+1-02d1f/sqlite-src-3450300/ext/userauth/userauth.c /Users/republicalatuya/Library/Caches/CocoaPods/Pods/Release/sqlite3/3.45.3+1-02d1f/sqlite-src-3450300/ext/userauth/sqlite3userauth.h /Users/republicalatuya/Library/Caches/CocoaPods/Pods/Release/sqlite3/3.45.3+1-02d1f/sqlite-src-3450300/ext/rbu/sqlite3rbu.h /Users/republicalatuya/Library/Caches/CocoaPods/Pods/Release/sqlite3/3.45.3+1-02d1f/sqlite-src-3450300/ext/rbu/sqlite3rbu.c /Users/republicalatuya/Library/Caches/CocoaPods/Pods/Release/sqlite3/3.45.3+1-02d1f/sqlite-src-3450300/ext/misc/stmt.c keywordhash.h opcodes.c opcodes.h parse.c parse.h sqlite_cfg.h shell.c sqlite3.h tsrc
   rm tsrc/sqlite.h.in tsrc/parse.y
   tclsh8.6 /Users/republicalatuya/Library/Caches/CocoaPods/Pods/Release/sqlite3/3.45.3+1-02d1f/sqlite-src-3450300/tool/vdbe-compress.tcl  <tsrc/vdbe.c >vdbe.new
   mv vdbe.new tsrc/vdbe.c
   cp fts5.c fts5.h tsrc
   touch .target_source
   gcc  -g -O2 -o src-verify /Users/republicalatuya/Library/Caches/CocoaPods/Pods/Release/sqlite3/3.45.3+1-02d1f/sqlite-src-3450300/tool/src-verify.c
   tclsh8.6 /Users/republicalatuya/Library/Caches/CocoaPods/Pods/Release/sqlite3/3.45.3+1-02d1f/sqlite-src-3450300/tool/mksqlite3c.tcl --linemacros=0
   cp tsrc/sqlite3ext.h .
   cp /Users/republicalatuya/Library/Caches/CocoaPods/Pods/Release/sqlite3/3.45.3+1-02d1f/sqlite-src-3450300/ext/session/sqlite3session.h .
   make: `sqlite3.h' is up to date.
   make: `sqlite3ext.h' is up to date.
  > Copying sqlite3 from `/Users/republicalatuya/Library/Caches/CocoaPods/Pods/Release/sqlite3/3.45.3+1-02d1f` to `Pods/sqlite3`
  - Running pre install hooks
  - Running pre integrate hooks

Generating Pods project
  - Creating Pods project
  - Installing files into Pods project
    - Adding source files
    - Adding frameworks
    - Adding libraries
    - Adding resources
    - Adding development pod helper files
    - Linking headers
  - Installing Pod Targets
    - Installing target `DoubleConversion` iOS 13.4
      - Generating module map file at `Pods/Target Support Files/DoubleConversion/DoubleConversion.modulemap`
      - Generating umbrella header at `Pods/Target Support Files/DoubleConversion/DoubleConversion-umbrella.h`
      - Generating dummy source at `Pods/Target Support Files/DoubleConversion/DoubleConversion-dummy.m`
    - Installing target `EASClient` iOS 13.4
      - Generating module map file at `Pods/Target Support Files/EASClient/EASClient.modulemap`
      - Generating umbrella header at `Pods/Target Support Files/EASClient/EASClient-umbrella.h`
      - Generating dummy source at `Pods/Target Support Files/EASClient/EASClient-dummy.m`
    - Installing target `EXAV` iOS 13.4
      - Generating module map file at `Pods/Target Support Files/EXAV/EXAV.modulemap`
      - Generating umbrella header at `Pods/Target Support Files/EXAV/EXAV-umbrella.h`
      - Generating dummy source at `Pods/Target Support Files/EXAV/EXAV-dummy.m`
    - Installing target `EXApplication` iOS 13.4
      - Generating Info.plist file at `Pods/Target Support Files/EXApplication/ResourceBundle-ExpoApplication_privacy-EXApplication-Info.plist`
      - Generating module map file at `Pods/Target Support Files/EXApplication/EXApplication.modulemap`
      - Generating umbrella header at `Pods/Target Support Files/EXApplication/EXApplication-umbrella.h`
      - Generating dummy source at `Pods/Target Support Files/EXApplication/EXApplication-dummy.m`
    - Installing target `EXConstants` iOS 13.4
      - Generating Info.plist file at `Pods/Target Support Files/EXConstants/ResourceBundle-EXConstants-EXConstants-Info.plist`
      - Generating Info.plist file at `Pods/Target Support Files/EXConstants/ResourceBundle-ExpoConstants_privacy-EXConstants-Info.plist`
      - Generating module map file at `Pods/Target Support Files/EXConstants/EXConstants.modulemap`
      - Generating umbrella header at `Pods/Target Support Files/EXConstants/EXConstants-umbrella.h`
      - Generating dummy source at `Pods/Target Support Files/EXConstants/EXConstants-dummy.m`
    - Installing target `EXJSONUtils` iOS 13.4
      - Generating module map file at `Pods/Target Support Files/EXJSONUtils/EXJSONUtils.modulemap`
      - Generating umbrella header at `Pods/Target Support Files/EXJSONUtils/EXJSONUtils-umbrella.h`
      - Generating dummy source at `Pods/Target Support Files/EXJSONUtils/EXJSONUtils-dummy.m`
    - Installing target `EXManifests` iOS 13.4
      - Generating module map file at `Pods/Target Support Files/EXManifests/EXManifests.modulemap`
      - Generating umbrella header at `Pods/Target Support Files/EXManifests/EXManifests-umbrella.h`
      - Generating dummy source at `Pods/Target Support Files/EXManifests/EXManifests-dummy.m`
    - Installing target `EXNotifications` iOS 13.4
      - Generating Info.plist file at `Pods/Target Support Files/EXNotifications/ResourceBundle-ExpoNotifications_privacy-EXNotifications-Info.plist`
      - Generating dummy source at `Pods/Target Support Files/EXNotifications/EXNotifications-dummy.m`
    - Installing target `EXSplashScreen` iOS 13.4
      - Generating dummy source at `Pods/Target Support Files/EXSplashScreen/EXSplashScreen-dummy.m`
    - Installing target `EXStructuredHeaders` iOS 13.4
      - Generating module map file at `Pods/Target Support Files/EXStructuredHeaders/EXStructuredHeaders.modulemap`
      - Generating umbrella header at `Pods/Target Support Files/EXStructuredHeaders/EXStructuredHeaders-umbrella.h`
      - Generating dummy source at `Pods/Target Support Files/EXStructuredHeaders/EXStructuredHeaders-dummy.m`
    - Installing target `EXUpdates` iOS 13.4
      - Generating Info.plist file at `Pods/Target Support Files/EXUpdates/ResourceBundle-EXUpdates-EXUpdates-Info.plist`
      - Generating module map file at `Pods/Target Support Files/EXUpdates/EXUpdates.modulemap`
      - Generating umbrella header at `Pods/Target Support Files/EXUpdates/EXUpdates-umbrella.h`
      - Generating dummy source at `Pods/Target Support Files/EXUpdates/EXUpdates-dummy.m`
    - Installing target `EXUpdatesInterface` iOS 13.4
      - Generating module map file at `Pods/Target Support Files/EXUpdatesInterface/EXUpdatesInterface.modulemap`
      - Generating umbrella header at `Pods/Target Support Files/EXUpdatesInterface/EXUpdatesInterface-umbrella.h`
      - Generating dummy source at `Pods/Target Support Files/EXUpdatesInterface/EXUpdatesInterface-dummy.m`
    - Installing target `Expo` iOS 13.4
      - Generating dummy source at `Pods/Target Support Files/Expo/Expo-dummy.m`
    - Installing target `ExpoAsset` iOS 13.4
      - Generating module map file at `Pods/Target Support Files/ExpoAsset/ExpoAsset.modulemap`
      - Generating umbrella header at `Pods/Target Support Files/ExpoAsset/ExpoAsset-umbrella.h`
      - Generating dummy source at `Pods/Target Support Files/ExpoAsset/ExpoAsset-dummy.m`
    - Installing target `ExpoBlur` iOS 13.4
      - Generating module map file at `Pods/Target Support Files/ExpoBlur/ExpoBlur.modulemap`
      - Generating umbrella header at `Pods/Target Support Files/ExpoBlur/ExpoBlur-umbrella.h`
      - Generating dummy source at `Pods/Target Support Files/ExpoBlur/ExpoBlur-dummy.m`
    - Installing target `ExpoDevice` iOS 13.4
      - Generating Info.plist file at `Pods/Target Support Files/ExpoDevice/ResourceBundle-ExpoDevice_privacy-ExpoDevice-Info.plist`
      - Generating module map file at `Pods/Target Support Files/ExpoDevice/ExpoDevice.modulemap`
      - Generating umbrella header at `Pods/Target Support Files/ExpoDevice/ExpoDevice-umbrella.h`
      - Generating dummy source at `Pods/Target Support Files/ExpoDevice/ExpoDevice-dummy.m`
    - Installing target `ExpoFileSystem` iOS 13.4
      - Generating Info.plist file at `Pods/Target Support Files/ExpoFileSystem/ResourceBundle-ExpoFileSystem_privacy-ExpoFileSystem-Info.plist`
      - Generating module map file at `Pods/Target Support Files/ExpoFileSystem/ExpoFileSystem.modulemap`
      - Generating umbrella header at `Pods/Target Support Files/ExpoFileSystem/ExpoFileSystem-umbrella.h`
      - Generating dummy source at `Pods/Target Support Files/ExpoFileSystem/ExpoFileSystem-dummy.m`
    - Installing target `ExpoFont` iOS 13.4
      - Generating module map file at `Pods/Target Support Files/ExpoFont/ExpoFont.modulemap`
      - Generating umbrella header at `Pods/Target Support Files/ExpoFont/ExpoFont-umbrella.h`
      - Generating dummy source at `Pods/Target Support Files/ExpoFont/ExpoFont-dummy.m`
    - Installing target `ExpoImage` iOS 13.4
      - Generating module map file at `Pods/Target Support Files/ExpoImage/ExpoImage.modulemap`
      - Generating umbrella header at `Pods/Target Support Files/ExpoImage/ExpoImage-umbrella.h`
      - Generating dummy source at `Pods/Target Support Files/ExpoImage/ExpoImage-dummy.m`
    - Installing target `ExpoKeepAwake` iOS 13.4
      - Generating module map file at `Pods/Target Support Files/ExpoKeepAwake/ExpoKeepAwake.modulemap`
      - Generating umbrella header at `Pods/Target Support Files/ExpoKeepAwake/ExpoKeepAwake-umbrella.h`
      - Generating dummy source at `Pods/Target Support Files/ExpoKeepAwake/ExpoKeepAwake-dummy.m`
    - Installing target `ExpoLinearGradient` iOS 13.4
      - Generating module map file at `Pods/Target Support Files/ExpoLinearGradient/ExpoLinearGradient.modulemap`
      - Generating umbrella header at `Pods/Target Support Files/ExpoLinearGradient/ExpoLinearGradient-umbrella.h`
      - Generating dummy source at `Pods/Target Support Files/ExpoLinearGradient/ExpoLinearGradient-dummy.m`
    - Installing target `ExpoLocalization` iOS 13.4
      - Generating Info.plist file at `Pods/Target Support Files/ExpoLocalization/ResourceBundle-ExpoLocalization_privacy-ExpoLocalization-Info.plist`
      - Generating module map file at `Pods/Target Support Files/ExpoLocalization/ExpoLocalization.modulemap`
      - Generating umbrella header at `Pods/Target Support Files/ExpoLocalization/ExpoLocalization-umbrella.h`
      - Generating dummy source at `Pods/Target Support Files/ExpoLocalization/ExpoLocalization-dummy.m`
    - Installing target `ExpoModulesCore` iOS 13.4
      - Generating module map file at `Pods/Target Support Files/ExpoModulesCore/ExpoModulesCore.modulemap`
      - Generating umbrella header at `Pods/Target Support Files/ExpoModulesCore/ExpoModulesCore-umbrella.h`
      - Generating dummy source at `Pods/Target Support Files/ExpoModulesCore/ExpoModulesCore-dummy.m`
    - Installing target `ExpoNetwork` iOS 13.4
      - Generating module map file at `Pods/Target Support Files/ExpoNetwork/ExpoNetwork.modulemap`
      - Generating umbrella header at `Pods/Target Support Files/ExpoNetwork/ExpoNetwork-umbrella.h`
      - Generating dummy source at `Pods/Target Support Files/ExpoNetwork/ExpoNetwork-dummy.m`
    - Installing target `ExpoSpeech` iOS 13.4
      - Generating module map file at `Pods/Target Support Files/ExpoSpeech/ExpoSpeech.modulemap`
      - Generating umbrella header at `Pods/Target Support Files/ExpoSpeech/ExpoSpeech-umbrella.h`
      - Generating dummy source at `Pods/Target Support Files/ExpoSpeech/ExpoSpeech-dummy.m`
    - Installing target `FBLazyVector` iOS 13.4
    - Installing target `RCT-Folly` iOS 13.4
      - Generating module map file at `Pods/Target Support Files/RCT-Folly/RCT-Folly.modulemap`
      - Generating umbrella header at `Pods/Target Support Files/RCT-Folly/RCT-Folly-umbrella.h`
      - Generating dummy source at `Pods/Target Support Files/RCT-Folly/RCT-Folly-dummy.m`
    - Installing target `RCTDeprecation` iOS 4.3
      - Generating module map file at `Pods/Target Support Files/RCTDeprecation/RCTDeprecation.modulemap`
      - Generating umbrella header at `Pods/Target Support Files/RCTDeprecation/RCTDeprecation-umbrella.h`
      - Generating dummy source at `Pods/Target Support Files/RCTDeprecation/RCTDeprecation-dummy.m`
    - Installing target `RCTRequired` iOS 13.4
    - Installing target `RCTTypeSafety` iOS 13.4
      - Generating module map file at `Pods/Target Support Files/RCTTypeSafety/RCTTypeSafety.modulemap`
      - Generating umbrella header at `Pods/Target Support Files/RCTTypeSafety/RCTTypeSafety-umbrella.h`
      - Generating dummy source at `Pods/Target Support Files/RCTTypeSafety/RCTTypeSafety-dummy.m`
    - Installing target `RNCAsyncStorage` iOS 9.0
      - Generating Info.plist file at `Pods/Target Support Files/RNCAsyncStorage/ResourceBundle-RNCAsyncStorage_resources-RNCAsyncStorage-Info.plist`
      - Generating dummy source at `Pods/Target Support Files/RNCAsyncStorage/RNCAsyncStorage-dummy.m`
    - Installing target `RNDateTimePicker` iOS 11.0
      - Generating dummy source at `Pods/Target Support Files/RNDateTimePicker/RNDateTimePicker-dummy.m`
    - Installing target `RNDeviceInfo` iOS 9.0
      - Generating Info.plist file at `Pods/Target Support Files/RNDeviceInfo/ResourceBundle-RNDeviceInfoPrivacyInfo-RNDeviceInfo-Info.plist`
      - Generating dummy source at `Pods/Target Support Files/RNDeviceInfo/RNDeviceInfo-dummy.m`
    - Installing target `RNFS` iOS 8.0
      - Generating dummy source at `Pods/Target Support Files/RNFS/RNFS-dummy.m`
    - Installing target `RNFlashList` iOS 11.0
      - Generating module map file at `Pods/Target Support Files/RNFlashList/RNFlashList.modulemap`
      - Generating umbrella header at `Pods/Target Support Files/RNFlashList/RNFlashList-umbrella.h`
      - Generating dummy source at `Pods/Target Support Files/RNFlashList/RNFlashList-dummy.m`
    - Installing target `RNGestureHandler` iOS 11.0
      - Generating dummy source at `Pods/Target Support Files/RNGestureHandler/RNGestureHandler-dummy.m`
    - Installing target `RNReanimated` iOS 13.4
      - Generating module map file at `Pods/Target Support Files/RNReanimated/RNReanimated.modulemap`
      - Generating umbrella header at `Pods/Target Support Files/RNReanimated/RNReanimated-umbrella.h`
      - Generating dummy source at `Pods/Target Support Files/RNReanimated/RNReanimated-dummy.m`
    - Installing target `RNSVG` iOS 12.4
      - Generating Info.plist file at `Pods/Target Support Files/RNSVG/ResourceBundle-RNSVGFilters-RNSVG-Info.plist`
      - Generating dummy source at `Pods/Target Support Files/RNSVG/RNSVG-dummy.m`
    - Installing target `RNScreens` iOS 9.0
      - Generating dummy source at `Pods/Target Support Files/RNScreens/RNScreens-dummy.m`
    - Installing target `ReachabilitySwift` iOS 12.0
      - Generating Info.plist file at `Pods/Target Support Files/ReachabilitySwift/ResourceBundle-ReachabilitySwift-ReachabilitySwift-Info.plist`
      - Generating module map file at `Pods/Target Support Files/ReachabilitySwift/ReachabilitySwift.modulemap`
      - Generating umbrella header at `Pods/Target Support Files/ReachabilitySwift/ReachabilitySwift-umbrella.h`
      - Generating dummy source at `Pods/Target Support Files/ReachabilitySwift/ReachabilitySwift-dummy.m`
    - Installing target `React` iOS 13.4
    - Installing target `React-Codegen` iOS 13.4
      - Generating module map file at `Pods/Target Support Files/React-Codegen/React-Codegen.modulemap`
      - Generating umbrella header at `Pods/Target Support Files/React-Codegen/React-Codegen-umbrella.h`
      - Generating dummy source at `Pods/Target Support Files/React-Codegen/React-Codegen-dummy.m`
    - Installing target `React-Core` iOS 13.4
      - Generating Info.plist file at `Pods/Target Support Files/React-Core/ResourceBundle-RCTI18nStrings-React-Core-Info.plist`
      - Generating module map file at `Pods/Target Support Files/React-Core/React-Core.modulemap`
      - Generating umbrella header at `Pods/Target Support Files/React-Core/React-Core-umbrella.h`
      - Generating dummy source at `Pods/Target Support Files/React-Core/React-Core-dummy.m`
    - Installing target `React-CoreModules` iOS 13.4
      - Generating dummy source at `Pods/Target Support Files/React-CoreModules/React-CoreModules-dummy.m`
    - Installing target `React-Fabric` iOS 13.4
      - Generating module map file at `Pods/Target Support Files/React-Fabric/React-Fabric.modulemap`
      - Generating umbrella header at `Pods/Target Support Files/React-Fabric/React-Fabric-umbrella.h`
      - Generating dummy source at `Pods/Target Support Files/React-Fabric/React-Fabric-dummy.m`
    - Installing target `React-FabricImage` iOS 13.4
      - Generating dummy source at `Pods/Target Support Files/React-FabricImage/React-FabricImage-dummy.m`
    - Installing target `React-ImageManager` iOS 13.4
      - Generating module map file at `Pods/Target Support Files/React-ImageManager/React-ImageManager.modulemap`
      - Generating umbrella header at `Pods/Target Support Files/React-ImageManager/React-ImageManager-umbrella.h`
      - Generating dummy source at `Pods/Target Support Files/React-ImageManager/React-ImageManager-dummy.m`
    - Installing target `React-Mapbuffer` iOS 13.4
      - Generating dummy source at `Pods/Target Support Files/React-Mapbuffer/React-Mapbuffer-dummy.m`
    - Installing target `React-NativeModulesApple` iOS 13.4
      - Generating module map file at `Pods/Target Support Files/React-NativeModulesApple/React-NativeModulesApple.modulemap`
      - Generating umbrella header at `Pods/Target Support Files/React-NativeModulesApple/React-NativeModulesApple-umbrella.h`
      - Generating dummy source at `Pods/Target Support Files/React-NativeModulesApple/React-NativeModulesApple-dummy.m`
    - Installing target `React-RCTActionSheet` iOS 13.4
    - Installing target `React-RCTAnimation` iOS 13.4
      - Generating dummy source at `Pods/Target Support Files/React-RCTAnimation/React-RCTAnimation-dummy.m`
    - Installing target `React-RCTAppDelegate` iOS 13.4
      - Generating module map file at `Pods/Target Support Files/React-RCTAppDelegate/React-RCTAppDelegate.modulemap`
      - Generating umbrella header at `Pods/Target Support Files/React-RCTAppDelegate/React-RCTAppDelegate-umbrella.h`
      - Generating dummy source at `Pods/Target Support Files/React-RCTAppDelegate/React-RCTAppDelegate-dummy.m`
    - Installing target `React-RCTBlob` iOS 13.4
      - Generating dummy source at `Pods/Target Support Files/React-RCTBlob/React-RCTBlob-dummy.m`
    - Installing target `React-RCTFabric` iOS 13.4
      - Generating module map file at `Pods/Target Support Files/React-RCTFabric/React-RCTFabric.modulemap`
      - Generating umbrella header at `Pods/Target Support Files/React-RCTFabric/React-RCTFabric-umbrella.h`
      - Generating dummy source at `Pods/Target Support Files/React-RCTFabric/React-RCTFabric-dummy.m`
    - Installing target `React-RCTImage` iOS 13.4
      - Generating dummy source at `Pods/Target Support Files/React-RCTImage/React-RCTImage-dummy.m`
    - Installing target `React-RCTLinking` iOS 13.4
      - Generating dummy source at `Pods/Target Support Files/React-RCTLinking/React-RCTLinking-dummy.m`
    - Installing target `React-RCTNetwork` iOS 13.4
      - Generating dummy source at `Pods/Target Support Files/React-RCTNetwork/React-RCTNetwork-dummy.m`
    - Installing target `React-RCTSettings` iOS 13.4
      - Generating dummy source at `Pods/Target Support Files/React-RCTSettings/React-RCTSettings-dummy.m`
    - Installing target `React-RCTText` iOS 13.4
      - Generating dummy source at `Pods/Target Support Files/React-RCTText/React-RCTText-dummy.m`
    - Installing target `React-RCTVibration` iOS 13.4
      - Generating dummy source at `Pods/Target Support Files/React-RCTVibration/React-RCTVibration-dummy.m`
    - Installing target `React-RuntimeApple` iOS 13.4
      - Generating dummy source at `Pods/Target Support Files/React-RuntimeApple/React-RuntimeApple-dummy.m`
    - Installing target `React-RuntimeCore` iOS 13.4
      - Generating dummy source at `Pods/Target Support Files/React-RuntimeCore/React-RuntimeCore-dummy.m`
    - Installing target `React-RuntimeHermes` iOS 13.4
      - Generating dummy source at `Pods/Target Support Files/React-RuntimeHermes/React-RuntimeHermes-dummy.m`
    - Installing target `React-callinvoker` iOS 13.4
    - Installing target `React-cxxreact` iOS 13.4
      - Generating dummy source at `Pods/Target Support Files/React-cxxreact/React-cxxreact-dummy.m`
    - Installing target `React-debug` iOS 13.4
      - Generating module map file at `Pods/Target Support Files/React-debug/React-debug.modulemap`
      - Generating umbrella header at `Pods/Target Support Files/React-debug/React-debug-umbrella.h`
      - Generating dummy source at `Pods/Target Support Files/React-debug/React-debug-dummy.m`
    - Installing target `React-featureflags` iOS 13.4
      - Generating module map file at `Pods/Target Support Files/React-featureflags/React-featureflags.modulemap`
      - Generating umbrella header at `Pods/Target Support Files/React-featureflags/React-featureflags-umbrella.h`
      - Generating dummy source at `Pods/Target Support Files/React-featureflags/React-featureflags-dummy.m`
    - Installing target `React-graphics` iOS 13.4
      - Generating module map file at `Pods/Target Support Files/React-graphics/React-graphics.modulemap`
      - Generating umbrella header at `Pods/Target Support Files/React-graphics/React-graphics-umbrella.h`
      - Generating dummy source at `Pods/Target Support Files/React-graphics/React-graphics-dummy.m`
    - Installing target `React-hermes` iOS 13.4
      - Generating module map file at `Pods/Target Support Files/React-hermes/React-hermes.modulemap`
      - Generating umbrella header at `Pods/Target Support Files/React-hermes/React-hermes-umbrella.h`
      - Generating dummy source at `Pods/Target Support Files/React-hermes/React-hermes-dummy.m`
    - Installing target `React-jserrorhandler` iOS 13.4
      - Generating dummy source at `Pods/Target Support Files/React-jserrorhandler/React-jserrorhandler-dummy.m`
    - Installing target `React-jsi` iOS 13.4
      - Generating module map file at `Pods/Target Support Files/React-jsi/React-jsi.modulemap`
      - Generating umbrella header at `Pods/Target Support Files/React-jsi/React-jsi-umbrella.h`
      - Generating dummy source at `Pods/Target Support Files/React-jsi/React-jsi-dummy.m`
    - Installing target `React-jsiexecutor` iOS 13.4
      - Generating dummy source at `Pods/Target Support Files/React-jsiexecutor/React-jsiexecutor-dummy.m`
    - Installing target `React-jsinspector` iOS 13.4
      - Generating module map file at `Pods/Target Support Files/React-jsinspector/React-jsinspector.modulemap`
      - Generating umbrella header at `Pods/Target Support Files/React-jsinspector/React-jsinspector-umbrella.h`
      - Generating dummy source at `Pods/Target Support Files/React-jsinspector/React-jsinspector-dummy.m`
    - Installing target `React-jsitracing` iOS 13.4
    - Installing target `React-logger` iOS 13.4
      - Generating dummy source at `Pods/Target Support Files/React-logger/React-logger-dummy.m`
    - Installing target `React-nativeconfig` iOS 13.4
      - Generating dummy source at `Pods/Target Support Files/React-nativeconfig/React-nativeconfig-dummy.m`
    - Installing target `React-perflogger` iOS 13.4
      - Generating dummy source at `Pods/Target Support Files/React-perflogger/React-perflogger-dummy.m`
    - Installing target `React-rendererdebug` iOS 13.4
      - Generating module map file at `Pods/Target Support Files/React-rendererdebug/React-rendererdebug.modulemap`
      - Generating umbrella header at `Pods/Target Support Files/React-rendererdebug/React-rendererdebug-umbrella.h`
      - Generating dummy source at `Pods/Target Support Files/React-rendererdebug/React-rendererdebug-dummy.m`
    - Installing target `React-rncore` iOS 13.4
    - Installing target `React-runtimeexecutor` iOS 13.4
    - Installing target `React-runtimescheduler` iOS 13.4
      - Generating dummy source at `Pods/Target Support Files/React-runtimescheduler/React-runtimescheduler-dummy.m`
    - Installing target `React-utils` iOS 13.4
      - Generating module map file at `Pods/Target Support Files/React-utils/React-utils.modulemap`
      - Generating umbrella header at `Pods/Target Support Files/React-utils/React-utils-umbrella.h`
      - Generating dummy source at `Pods/Target Support Files/React-utils/React-utils-dummy.m`
    - Installing target `ReactCommon` iOS 13.4
      - Generating module map file at `Pods/Target Support Files/ReactCommon/ReactCommon.modulemap`
      - Generating umbrella header at `Pods/Target Support Files/ReactCommon/ReactCommon-umbrella.h`
      - Generating dummy source at `Pods/Target Support Files/ReactCommon/ReactCommon-dummy.m`
    - Installing target `SDWebImage` iOS 9.0
      - Generating Info.plist file at `Pods/Target Support Files/SDWebImage/ResourceBundle-SDWebImage-SDWebImage-Info.plist`
      - Generating module map file at `Pods/Target Support Files/SDWebImage/SDWebImage.modulemap`
      - Generating umbrella header at `Pods/Target Support Files/SDWebImage/SDWebImage-umbrella.h`
      - Generating dummy source at `Pods/Target Support Files/SDWebImage/SDWebImage-dummy.m`
    - Installing target `SDWebImageAVIFCoder` iOS 9.0
      - Generating module map file at `Pods/Target Support Files/SDWebImageAVIFCoder/SDWebImageAVIFCoder.modulemap`
      - Generating umbrella header at `Pods/Target Support Files/SDWebImageAVIFCoder/SDWebImageAVIFCoder-umbrella.h`
      - Generating dummy source at `Pods/Target Support Files/SDWebImageAVIFCoder/SDWebImageAVIFCoder-dummy.m`
    - Installing target `SDWebImageSVGCoder` iOS 13.0
      - Copying module map file to `Pods/Target Support Files/SDWebImageSVGCoder/SDWebImageSVGCoder.modulemap`
      - Generating dummy source at `Pods/Target Support Files/SDWebImageSVGCoder/SDWebImageSVGCoder-dummy.m`
    - Installing target `SDWebImageWebPCoder` iOS 9.0
      - Copying module map file to `Pods/Target Support Files/SDWebImageWebPCoder/SDWebImageWebPCoder.modulemap`
      - Generating dummy source at `Pods/Target Support Files/SDWebImageWebPCoder/SDWebImageWebPCoder-dummy.m`
    - Installing target `SocketRocket` iOS 11.0
      - Generating dummy source at `Pods/Target Support Files/SocketRocket/SocketRocket-dummy.m`
    - Installing target `Yoga` iOS 13.4
      - Generating module map file at `Pods/Target Support Files/Yoga/Yoga.modulemap`
      - Generating umbrella header at `Pods/Target Support Files/Yoga/Yoga-umbrella.h`
      - Generating dummy source at `Pods/Target Support Files/Yoga/Yoga-dummy.m`
    - Installing target `boost` iOS 13.4
    - Installing target `expo-dev-client` iOS 11.0
    - Installing target `expo-dev-launcher` iOS 13.4
      - Generating Info.plist file at `Pods/Target Support Files/expo-dev-launcher/ResourceBundle-EXDevLauncher-expo-dev-launcher-Info.plist`
      - Generating module map file at `Pods/Target Support Files/expo-dev-launcher/expo-dev-launcher.modulemap`
      - Generating umbrella header at `Pods/Target Support Files/expo-dev-launcher/expo-dev-launcher-umbrella.h`
      - Generating dummy source at `Pods/Target Support Files/expo-dev-launcher/expo-dev-launcher-dummy.m`
    - Installing target `expo-dev-menu` iOS 13.4
      - Generating Info.plist file at `Pods/Target Support Files/expo-dev-menu/ResourceBundle-EXDevMenu-expo-dev-menu-Info.plist`
      - Generating module map file at `Pods/Target Support Files/expo-dev-menu/expo-dev-menu.modulemap`
      - Generating umbrella header at `Pods/Target Support Files/expo-dev-menu/expo-dev-menu-umbrella.h`
      - Generating dummy source at `Pods/Target Support Files/expo-dev-menu/expo-dev-menu-dummy.m`
    - Installing target `expo-dev-menu-interface` iOS 13.4
      - Generating module map file at `Pods/Target Support Files/expo-dev-menu-interface/expo-dev-menu-interface.modulemap`
      - Generating umbrella header at `Pods/Target Support Files/expo-dev-menu-interface/expo-dev-menu-interface-umbrella.h`
      - Generating dummy source at `Pods/Target Support Files/expo-dev-menu-interface/expo-dev-menu-interface-dummy.m`
    - Installing target `fmt` iOS 13.4
      - Generating dummy source at `Pods/Target Support Files/fmt/fmt-dummy.m`
    - Installing target `glog` iOS 13.4
      - Generating module map file at `Pods/Target Support Files/glog/glog.modulemap`
      - Generating umbrella header at `Pods/Target Support Files/glog/glog-umbrella.h`
      - Generating dummy source at `Pods/Target Support Files/glog/glog-dummy.m`
    - Installing target `hermes-engine` iOS 13.4
    - Installing target `libavif` iOS 9.0
      - Generating module map file at `Pods/Target Support Files/libavif/libavif.modulemap`
      - Generating umbrella header at `Pods/Target Support Files/libavif/libavif-umbrella.h`
      - Generating dummy source at `Pods/Target Support Files/libavif/libavif-dummy.m`
    - Installing target `libdav1d` iOS 9.0
      - Generating dummy source at `Pods/Target Support Files/libdav1d/libdav1d-dummy.m`
    - Installing target `libwebp` iOS 9.0
      - Generating dummy source at `Pods/Target Support Files/libwebp/libwebp-dummy.m`
    - Installing target `react-native-maps` iOS 11.0
      - Generating dummy source at `Pods/Target Support Files/react-native-maps/react-native-maps-dummy.m`
    - Installing target `react-native-safe-area-context` iOS 12.4
      - Generating dummy source at `Pods/Target Support Files/react-native-safe-area-context/react-native-safe-area-context-dummy.m`
    - Installing target `react-native-slider` iOS 9.0
      - Generating dummy source at `Pods/Target Support Files/react-native-slider/react-native-slider-dummy.m`
    - Installing target `sqlite3` iOS 12.0
      - Generating module map file at `Pods/Target Support Files/sqlite3/sqlite3.modulemap`
      - Generating umbrella header at `Pods/Target Support Files/sqlite3/sqlite3-umbrella.h`
      - Generating dummy source at `Pods/Target Support Files/sqlite3/sqlite3-dummy.m`
  - Installing Aggregate Targets
    - Installing target `Pods-LyoAILearningAssistant` iOS 14.0
      - Generating module map file at `Pods/Target Support Files/Pods-LyoAILearningAssistant/Pods-LyoAILearningAssistant.modulemap`
      - Generating umbrella header at `Pods/Target Support Files/Pods-LyoAILearningAssistant/Pods-LyoAILearningAssistant-umbrella.h`
      - Generating dummy source at `Pods/Target Support Files/Pods-LyoAILearningAssistant/Pods-LyoAILearningAssistant-dummy.m`
  - Integrating targets

Integrating target `EXConstants`
    Adding Build Phase '[CP-User] Generate app.config for prebuilt Constants.manifest' to project.

Integrating target `EXUpdates`
    Adding Build Phase '[CP-User] Generate updates resources for expo-updates' to project.

Integrating target `React-Codegen`
    Adding Build Phase '[CP-User] Generate Specs' to project.

Integrating target `React-Fabric`
    Adding Build Phase '[CP-User] [RN]Check rncore' to project.

Integrating target `hermes-engine`
    Adding Build Phase '[CP] Copy XCFrameworks' to project.
    Adding Build Phase '[CP-User] [Hermes] Replace Hermes for the right configuration, if needed' to project.
  - Stabilizing target UUIDs
  - Running post install hooks
Setting USE_HERMES build settings
Setting REACT_NATIVE build settings
[Ccache]: Removing Ccache from CC, LD, CXX & LDPLUSPLUS build settings
[Privacy Manifest Aggregation] Appending aggregated reasons to existing PrivacyInfo.xcprivacy file.
[Privacy Manifest Aggregation] Reading .xcprivacy files to aggregate all used Required Reason APIs.
Setting CLANG_CXX_LANGUAGE_STANDARD to c++20 on /Users/republicalatuya/Desktop/LyoFrontEndFinal/ios/LyoAILearningAssistant.xcodeproj
Pod install took 559 [s] to run
[!] An error occurred while processing the post-install hook of the Podfile.

undefined method '__apply_Xcode_12_5_M1_post_install_workaround' for an instance of Pod::Podfile

/Users/republicalatuya/Desktop/LyoFrontEndFinal/ios/Podfile:35:in 'block (3 levels) in Pod::Podfile.from_ruby'
/usr/local/lib/ruby/gems/3.4.0/gems/cocoapods-core-1.16.2/lib/cocoapods-core/podfile.rb:196:in 'Pod::Podfile#post_install!'
/usr/local/lib/ruby/gems/3.4.0/gems/cocoapods-1.16.2/lib/cocoapods/installer.rb:1013:in 'Pod::Installer#run_podfile_post_install_hook'
/usr/local/lib/ruby/gems/3.4.0/gems/cocoapods-1.16.2/lib/cocoapods/installer.rb:1001:in 'block in Pod::Installer#run_podfile_post_install_hooks'
/usr/local/lib/ruby/gems/3.4.0/gems/cocoapods-1.16.2/lib/cocoapods/user_interface.rb:149:in 'Pod::UserInterface.message'
/usr/local/lib/ruby/gems/3.4.0/gems/cocoapods-1.16.2/lib/cocoapods/installer.rb:1000:in 'Pod::Installer#run_podfile_post_install_hooks'
/usr/local/lib/ruby/gems/3.4.0/gems/cocoapods-1.16.2/lib/cocoapods/installer.rb:337:in 'block (2 levels) in Pod::Installer#create_and_save_projects'
/usr/local/lib/ruby/gems/3.4.0/gems/cocoapods-1.16.2/lib/cocoapods/installer/xcode/pods_project_generator/pods_project_writer.rb:61:in 'Pod::Installer::Xcode::PodsProjectWriter#write!'
/usr/local/lib/ruby/gems/3.4.0/gems/cocoapods-1.16.2/lib/cocoapods/installer.rb:336:in 'block in Pod::Installer#create_and_save_projects'
/usr/local/lib/ruby/gems/3.4.0/gems/cocoapods-1.16.2/lib/cocoapods/user_interface.rb:64:in 'Pod::UserInterface.section'
/usr/local/lib/ruby/gems/3.4.0/gems/cocoapods-1.16.2/lib/cocoapods/installer.rb:315:in 'Pod::Installer#create_and_save_projects'
/usr/local/lib/ruby/gems/3.4.0/gems/cocoapods-1.16.2/lib/cocoapods/installer.rb:307:in 'Pod::Installer#generate_pods_project'
/usr/local/lib/ruby/gems/3.4.0/gems/cocoapods-1.16.2/lib/cocoapods/installer.rb:183:in 'Pod::Installer#integrate'
/usr/local/lib/ruby/gems/3.4.0/gems/cocoapods-1.16.2/lib/cocoapods/installer.rb:170:in 'Pod::Installer#install!'
/usr/local/lib/ruby/gems/3.4.0/gems/cocoapods-1.16.2/lib/cocoapods/command/install.rb:52:in 'Pod::Command::Install#run'
/usr/local/lib/ruby/gems/3.4.0/gems/claide-1.1.0/lib/claide/command.rb:334:in 'CLAide::Command.run'
/usr/local/lib/ruby/gems/3.4.0/gems/cocoapods-1.16.2/lib/cocoapods/command.rb:52:in 'Pod::Command.run'
/usr/local/lib/ruby/gems/3.4.0/gems/cocoapods-1.16.2/bin/pod:55:in '<top (required)>'
/usr/local/bin/pod:25:in 'Kernel#load'
/usr/local/bin/pod:25:in '<main>'

/usr/local/lib/ruby/gems/3.4.0/gems/cocoapods-1.16.2/lib/cocoapods/installer.rb:1015:in 'Pod::Installer#run_podfile_post_install_hook'
/usr/local/lib/ruby/gems/3.4.0/gems/cocoapods-1.16.2/lib/cocoapods/installer.rb:1001:in 'block in Pod::Installer#run_podfile_post_install_hooks'
/usr/local/lib/ruby/gems/3.4.0/gems/cocoapods-1.16.2/lib/cocoapods/user_interface.rb:149:in 'Pod::UserInterface.message'
/usr/local/lib/ruby/gems/3.4.0/gems/cocoapods-1.16.2/lib/cocoapods/installer.rb:1000:in 'Pod::Installer#run_podfile_post_install_hooks'
/usr/local/lib/ruby/gems/3.4.0/gems/cocoapods-1.16.2/lib/cocoapods/installer.rb:337:in 'block (2 levels) in Pod::Installer#create_and_save_projects'
/usr/local/lib/ruby/gems/3.4.0/gems/cocoapods-1.16.2/lib/cocoapods/installer/xcode/pods_project_generator/pods_project_writer.rb:61:in 'Pod::Installer::Xcode::PodsProjectWriter#write!'
/usr/local/lib/ruby/gems/3.4.0/gems/cocoapods-1.16.2/lib/cocoapods/installer.rb:336:in 'block in Pod::Installer#create_and_save_projects'
/usr/local/lib/ruby/gems/3.4.0/gems/cocoapods-1.16.2/lib/cocoapods/user_interface.rb:64:in 'Pod::UserInterface.section'
/usr/local/lib/ruby/gems/3.4.0/gems/cocoapods-1.16.2/lib/cocoapods/installer.rb:315:in 'Pod::Installer#create_and_save_projects'
/usr/local/lib/ruby/gems/3.4.0/gems/cocoapods-1.16.2/lib/cocoapods/installer.rb:307:in 'Pod::Installer#generate_pods_project'
/usr/local/lib/ruby/gems/3.4.0/gems/cocoapods-1.16.2/lib/cocoapods/installer.rb:183:in 'Pod::Installer#integrate'
/usr/local/lib/ruby/gems/3.4.0/gems/cocoapods-1.16.2/lib/cocoapods/installer.rb:170:in 'Pod::Installer#install!'
/usr/local/lib/ruby/gems/3.4.0/gems/cocoapods-1.16.2/lib/cocoapods/command/install.rb:52:in 'Pod::Command::Install#run'
/usr/local/lib/ruby/gems/3.4.0/gems/claide-1.1.0/lib/claide/command.rb:334:in 'CLAide::Command.run'
/usr/local/lib/ruby/gems/3.4.0/gems/cocoapods-1.16.2/lib/cocoapods/command.rb:52:in 'Pod::Command.run'
/usr/local/lib/ruby/gems/3.4.0/gems/cocoapods-1.16.2/bin/pod:55:in '<top (required)>'
/usr/local/bin/pod:25:in 'Kernel#load'
/usr/local/bin/pod:25:in '<main>'

[!] [Codegen] warn: using experimental new codegen integration

[!] Can't merge pod_target_xcconfig for pod targets: ["expo-dev-menu", "Main", "ReactNativeCompatibles", "SafeAreaView", "Vendored"]. Singular build setting DEFINES_MODULE has different values.

[!] Can't merge pod_target_xcconfig for pod targets: ["expo-dev-menu", "Main", "ReactNativeCompatibles", "SafeAreaView", "Vendored"]. Singular build setting DEFINES_MODULE has different values.
🛠️ Creating additional required directories...
✅ iOS build setup complete!

🚀 Next steps to build the app:
1. Open the workspace: open /Users/republicalatuya/Desktop/LyoFrontEndFinal/ios/LyoAILearningAssistant.xcworkspace
2. Clean the build folder in Xcode: Product > Clean Build Folder (or Shift+Command+K)
3. Build the project: Command+B

If you encounter any issues, you can check these files:
- Podfile: /Users/republicalatuya/Desktop/LyoFrontEndFinal/ios/Podfile
- AppDelegate.h: /Users/republicalatuya/Desktop/LyoFrontEndFinal/ios/LyoAILearningAssistant/AppDelegate.h
- AppDelegate.mm: /Users/republicalatuya/Desktop/LyoFrontEndFinal/ios/LyoAILearningAssistant/AppDelegate.mm

For troubleshooting: pod install may take several minutes to complete.
